Image Name,Folder Name
image_1.jpg,Abacavir
image_10.jpeg,Abacavir
image_11.jpg,Abacavir
image_12.jpg,Abacavir
image_13.jpg,Abacavir
image_14.jpg,Abacavir
image_15.jpg,Abacavir
image_16.png,Abacavir
image_17.jpg,Abacavir
image_18.png,Abacavir
image_19.JPG,Abacavir
image_2.jpg,Abacavir
image_20.jpg,Abacavir
image_21.jpg,Abacavir
image_22.jpg,Abacavir
image_23.jpg,Abacavir
image_24.jpg,Abacavir
image_25.jpg,Abacavir
image_26.png,Abacavir
image_27.jpg,Abacavir
image_28.jpg,Abacavir
image_29.jpg,Abacavir
image_3.jpg,Abacavir
image_30.jpg,Abacavir
image_31.jpg,Abacavir
image_32.jpg,Abacavir
image_33.jpg,Abacavir
image_34.jpg,Abacavir
image_35.jpg,Abacavir
image_36.jpg,Abacavir
image_37.jpg,Abacavir
image_38.jpg,Abacavir
image_39.png,Abacavir
image_4.jpg,Abacavir
image_40.jpg,Abacavir
image_41.png,Abacavir
image_42.jpg,Abacavir
image_43.png,Abacavir
image_44.jpeg,Abacavir
image_45.jpg,Abacavir
image_46.jpg,Abacavir
image_47.jpg,Abacavir
image_48.jpg,Abacavir
image_49.jpg,Abacavir
image_5.jpg,Abacavir
image_50.jpg,Abacavir
image_51.jpg,Abacavir
image_52.jpg,Abacavir
image_53.jpg,Abacavir
image_54.jpg,Abacavir
image_55.jpg,Abacavir
image_56.jpg,Abacavir
image_57.jpg,Abacavir
image_58.jpg,Abacavir
image_59.jpg,Abacavir
image_6.jpg,Abacavir
image_60.png,Abacavir
image_7.jpg,Abacavir
image_8.JPG,Abacavir
image_9.JPG,Abacavir
image_100.jpg,Acarbose
image_101.png,Acarbose
image_102.jpg,Acarbose
image_103.jpg,Acarbose
image_104.jpg,Acarbose
image_105.jpg,Acarbose
image_106.jpeg,Acarbose
image_107.jpg,Acarbose
image_61.jpg,Acarbose
image_62.jpg,Acarbose
image_63.jpg,Acarbose
image_64.png,Acarbose
image_65.jpg,Acarbose
image_66.jpg,Acarbose
image_67.jpg,Acarbose
image_68.jpg,Acarbose
image_69.jpg,Acarbose
image_70.jpg,Acarbose
image_71.jpg,Acarbose
image_72.jpg,Acarbose
image_73.jpeg,Acarbose
image_74.png,Acarbose
image_75.jpg,Acarbose
image_76.jpg,Acarbose
image_77.png,Acarbose
image_78.jpg,Acarbose
image_79.jpg,Acarbose
image_80.jpg,Acarbose
image_81.jpg,Acarbose
image_82.jpg,Acarbose
image_83.jpg,Acarbose
image_84.jpg,Acarbose
image_85.jpg,Acarbose
image_86.jpg,Acarbose
image_87.jpg,Acarbose
image_88.png,Acarbose
image_89.jpg,Acarbose
image_90.JPG,Acarbose
image_91.png,Acarbose
image_92.jpg,Acarbose
image_93.png,Acarbose
image_94.jpg,Acarbose
image_95.jpg,Acarbose
image_96.jpg,Acarbose
image_97.jpg,Acarbose
image_98.png,Acarbose
image_99.jpg,Acarbose
image_108.jpg,Acetylcysteine
image_109.jpg,Acetylcysteine
image_110.jpeg,Acetylcysteine
image_111.jpg,Acetylcysteine
image_112.JPG,Acetylcysteine
image_113.jpg,Acetylcysteine
image_114.png,Acetylcysteine
image_115.jpg,Acetylcysteine
image_116.JPG,Acetylcysteine
image_117.jpg,Acetylcysteine
image_118.jpg,Acetylcysteine
image_119.jpg,Acetylcysteine
image_120.JPG,Acetylcysteine
image_121.jpg,Acetylcysteine
image_122.jpg,Acetylcysteine
image_123.jpg,Acetylcysteine
image_124.jpg,Acetylcysteine
image_125.jpg,Acetylcysteine
image_126.jpg,Acetylcysteine
image_127.jpg,Acetylcysteine
image_128.jpg,Acetylcysteine
image_129.jpg,Acetylcysteine
image_130.jpg,Acetylcysteine
image_131.jpg,Acetylcysteine
image_132.jpg,Acetylcysteine
image_133.jpg,Acetylcysteine
image_134.jpg,Acetylcysteine
image_135.jpg,Acetylcysteine
image_136.jpg,Acetylcysteine
image_137.jpg,Acetylcysteine
image_138.jpg,Acetylcysteine
image_139.jpg,Acetylcysteine
image_140.jpg,Acetylcysteine
image_141.jpg,Acetylcysteine
image_142.jpg,Acetylcysteine
image_143.JPG,Acetylcysteine
image_144.png,Acetylcysteine
image_145.jpg,Acetylcysteine
image_146.jpg,Acetylcysteine
image_147.jpg,Acetylcysteine
image_148.jpg,Acetylcysteine
image_149.jpg,Acetylcysteine
image_150.jpg,Acetylcysteine
image_151.jpg,Acetylcysteine
image_152.jpg,Acetylcysteine
image_153.jpeg,Acetylcysteine
image_154.jpg,Acetylcysteine
image_155.jpg,Acetylcysteine
image_156.jpg,Acetylcysteine
image_157.jpg,Acetylcysteine
image_158.jpg,Acetylcysteine
image_159.jpg,Acetylcysteine
image_160.jpg,Acetylcysteine
image_161.jpg,Acetylcysteine
image_162.jpeg,Acetylcysteine
image_163.jpg,Acetylcysteine
image_164.jpg,Acetylcysteine
image_165.jpg,Acetylcysteine
image_166.jpg,Acetylcysteine
image_167.jpeg,Acetylcysteine
image_168.jpg,Acetylcysteine
image_169.jpeg,Acetylcysteine
image_170.jpg,Actemra
image_171.jpg,Actemra
image_172.jpg,Actemra
image_173.jpg,Actemra
image_174.jpg,Actemra
image_175.jpg,Actemra
image_176.jpg,Actemra
image_177.png,Actemra
image_178.jpg,Actemra
image_179.jpg,Actemra
image_180.jpg,Actemra
image_181.jpg,Actemra
image_182.jpg,Actemra
image_183.jpg,Actemra
image_184.jpg,Actemra
image_185.jpeg,Actemra
image_186.jpg,Actemra
image_187.jpg,Actemra
image_188.jpg,Actemra
image_189.jpg,Actemra
image_190.jpg,Actemra
image_191.jpg,Actemra
image_192.jpg,Actemra
image_193.jpg,Actemra
image_194.jpg,Actemra
image_195.jpg,Actemra
image_196.jpg,Actemra
image_197.jpg,Actemra
image_198.jpg,Actemra
image_199.webp,Actemra
image_200.jpg,Actemra
image_201.jpg,Actemra
image_202.jpg,Actemra
image_203.png,Actemra
image_204.jpg,Actemra
image_205.jpg,Actemra
image_206.jpg,Actemra
image_207.png,Actemra
image_208.jpg,Actemra
image_209.jpg,Actemra
image_210.jpg,Actemra
image_211.jpg,Actemra
image_212.png,Actemra
image_213.jpg,Actemra
image_214.png,Actemra
image_215.jpg,Actemra
image_216.jpg,Actemra
image_217.jpg,Actemra
image_218.jpg,Actemra
image_219.jpg,Actemra
image_220.jpg,Actemra
image_221.png,Actemra
image_222.jpg,Actemra
image_223.jpg,Actemra
image_224.png,Actemra
image_225.png,Actemra
image_226.gif,Actemra
image_227.jpg,Actemra
image_228.jpg,Actemra
image_229.jpeg,Actemra
image_230.jpg,Actemra
image_231.jpg,Actemra
image_232.png,Actemra
image_233.jpg,Actemra
image_234.jpg,Actemra
image_235.jpg,Actemra
image_236.jpg,Actemra
image_237.png,Actemra
image_238.jpg,Actemra
image_239.jpg,Actifed
image_240.jpg,Actifed
image_241.png,Actifed
image_242.jpg,Actifed
image_243.jpg,Actifed
image_244.png,Actifed
image_245.jpg,Actifed
image_246.jpg,Actifed
image_247.jpg,Actifed
image_248.jpg,Actifed
image_249.jpg,Actifed
image_250.jpg,Actifed
image_251.jpg,Actifed
image_252.jpg,Actifed
image_253.jpg,Actifed
image_254.jpg,Actifed
image_255.jpg,Actifed
image_256.jpg,Actifed
image_257.jpg,Actifed
image_258.jpg,Actifed
image_259.png,Actifed
image_260.jpg,Actifed
image_261.jpg,Actifed
image_262.jpg,Actifed
image_263.jpeg,Actifed
image_264.jpg,Actifed
image_265.png,Actifed
image_266.png,Actifed
image_267.jpg,Actifed
image_268.jpg,Actifed
image_269.jpg,Actifed
image_270.jpg,Actifed
image_271.jpeg,Actifed
image_272.jpg,Actifed
image_273.jpg,Actifed
image_274.jpg,Actifed
image_275.jpg,Actifed
image_276.jpg,Actifed
image_277.jpg,Actifed
image_278.jpg,Actifed
image_279.jpg,Actifed
image_280.png,Actifed
image_281.jpg,Actifed
image_282.png,Actifed
image_283.jpg,Actifed
image_284.jpg,Actifed
image_285.jpg,Actifed
image_286.jpg,Actifed
image_287.jpg,Actifed
image_288.jpg,Actifed
image_289.jpg,Actifed
image_290.jpg,Actifed
image_291.jpg,Actifed
image_292.jpg,Actifed
image_293.jpg,Actifed
image_294.jpg,Actifed
image_295.jpg,Actifed
image_296.jpg,Actifed
image_297.jpg,Actifed
image_298.jpg,Actifed
image_299.jpg,Actifed
image_300.jpg,Actifed
image_301.JPG,Actifed
image_302.jpg,Actifed
image_303.jpg,Actifed
image_304.jpg,Actifed
image_305.jpg,Actifed
image_306.jpg,Actifed
image_307.jpg,Actifed
image_308.png,Actifed
image_309.jpg,Actifed
image_310.png,Actifed
image_311.jpg,Actifed
image_312.jpg,Actifed
image_313.jpg,Actifed
image_314.jpg,Actifed
image_315.jpg,Actifed
image_316.jpg,Actifed
image_317.jpg,Actifed
image_318.jpg,Actifed
image_319.jpg,Actifed
image_320.png,Actifed
image_321.png,Actifed
image_322.jpg,Actifed
image_323.jpg,Actifed
image_324.jpg,Actifed
image_325.jpg,Actifed
image_326.jpg,Actifed
image_327.jpg,Acyclovir
image_328.jpg,Acyclovir
image_329.jpg,Acyclovir
image_330.jpg,Acyclovir
image_331.jpg,Acyclovir
image_332.jpg,Acyclovir
image_333.jpg,Acyclovir
image_334.JPG,Acyclovir
image_335.jpg,Acyclovir
image_336.jpg,Acyclovir
image_337.jpg,Acyclovir
image_338.jpg,Acyclovir
image_339.jpg,Acyclovir
image_340.jpg,Acyclovir
image_341.jpg,Acyclovir
image_342.jpg,Acyclovir
image_343.jpg,Acyclovir
image_344.jpg,Acyclovir
image_345.jpg,Acyclovir
image_346.jpg,Acyclovir
image_347.png,Acyclovir
image_348.jpg,Acyclovir
image_349.jpg,Acyclovir
image_350.jpg,Acyclovir
image_351.jpg,Acyclovir
image_352.jpg,Acyclovir
image_353.jpg,Acyclovir
image_354.jpg,Acyclovir
image_355.jpg,Acyclovir
image_356.jpg,Acyclovir
image_357.png,Acyclovir
image_358.jpg,Acyclovir
image_359.png,Acyclovir
image_360.jpg,Acyclovir
image_361.jpg,Acyclovir
image_362.jpg,Acyclovir
image_363.jpg,Acyclovir
image_364.jpg,Acyclovir
image_365.jpg,Acyclovir
image_366.jpg,Acyclovir
image_367.jpg,Acyclovir
image_368.png,Acyclovir
image_369.jpg,Acyclovir
image_370.jpg,Acyclovir
image_371.jpg,Acyclovir
image_372.jpg,Acyclovir
image_373.png,Acyclovir
image_374.jpg,Acyclovir
image_375.jpg,Acyclovir
image_376.png,Acyclovir
image_377.jpg,Acyclovir
image_378.jpg,Acyclovir
image_379.jpg,Acyclovir
image_380.jpg,Acyclovir
image_381.png,Acyclovir
image_382.jpg,Acyclovir
image_383.jpg,Acyclovir
image_384.jpg,Acyclovir
image_385.jpg,Acyclovir
image_386.jpg,Acyclovir
image_387.jpg,Acyclovir
image_388.jpg,Acyclovir
image_389.jpg,Acyclovir
image_390.png,Acyclovir
image_391.jpg,Acyclovir
image_392.jpeg,Acyclovir
image_393.jpg,Acyclovir
image_394.jpg,Acyclovir
image_395.jpg,Acyclovir
image_396.jpg,Acyclovir
image_397.jpg,Adalimumab
image_398.jpg,Adalimumab
image_399.jpg,Adalimumab
image_400.png,Adalimumab
image_401.jpg,Adalimumab
image_402.jpg,Adalimumab
image_403.jpg,Adalimumab
image_404.jpg,Adalimumab
image_405.png,Adalimumab
image_406.jpg,Adalimumab
image_407.jpg,Adalimumab
image_408.jpeg,Adalimumab
image_409.jpg,Adalimumab
image_410.jpg,Adalimumab
image_411.jpg,Adalimumab
image_412.jpg,Adalimumab
image_413.jpg,Adalimumab
image_414.jpg,Adalimumab
image_415.jpg,Adalimumab
image_416.jpg,Adalimumab
image_417.png,Adalimumab
image_418.jpg,Adalimumab
image_419.jpg,Adalimumab
image_420.jpg,Adalimumab
image_421.jpg,Adalimumab
image_422.jpg,Adalimumab
image_423.jpg,Adalimumab
image_424.jpg,Adalimumab
image_425.jpg,Adalimumab
image_426.jpg,Adalimumab
image_427.jpg,Adalimumab
image_428.jpg,Adalimumab
image_429.jpg,Adalimumab
image_430.jpg,Adalimumab
image_431.jpg,Adalimumab
image_432.jpg,Adalimumab
image_433.png,Adalimumab
image_434.png,Adalimumab
image_435.jpg,Adalimumab
image_436.jpg,Adalimumab
image_437.jpg,Adalimumab
image_438.jpg,Adalimumab
image_439.jpg,Adalimumab
image_440.jpg,Adalimumab
image_441.jpg,Adalimumab
image_442.jpg,Adalimumab
image_443.jpg,Adalimumab
image_444.png,Adalimumab
image_445.jpg,Adalimumab
image_446.png,Adalimumab
image_447.jpg,Adalimumab
image_448.jpg,Adalimumab
image_449.jpg,Adalimumab
image_450.jpeg,Adalimumab
image_451.jpg,Adalimumab
image_452.jpg,Adalimumab
image_453.jpg,Adalimumab
image_454.jpg,Adalimumab
image_455.jpg,Adalimumab
image_456.jpg,Adalimumab
image_457.jpg,Adalimumab
image_458.jpg,Adalimumab
image_459.jpg,Adalimumab
image_460.jpg,Adalimumab
image_461.jpg,Adalimumab
image_462.JPG,Adalimumab
image_463.jpg,Adalimumab
image_464.jpg,Adalimumab
image_465.jpg,Adalimumab
image_466.jpg,Adalimumab
image_467.jpg,Adalimumab
image_468.jpg,Adalimumab
image_469.jpg,Adalimumab
image_470.jpg,Adapalene
image_471.jpg,Adapalene
image_472.png,Adapalene
image_473.png,Adapalene
image_474.jpg,Adapalene
image_475.jpg,Adapalene
image_476.jpg,Adapalene
image_477.png,Adapalene
image_478.JPG,Adapalene
image_479.jpg,Adapalene
image_480.jpg,Adapalene
image_481.jpg,Adapalene
image_482.jpg,Adapalene
image_483.jpg,Adapalene
image_484.jpg,Adapalene
image_485.jpg,Adapalene
image_486.jpeg,Adapalene
image_487.jpg,Adapalene
image_488.jpg,Adapalene
image_489.jpg,Adapalene
image_490.jpg,Adapalene
image_491.PNG,Adapalene
image_492.jpg,Adapalene
image_493.jpg,Adapalene
image_494.png,Adapalene
image_495.jpg,Adapalene
image_496.jpg,Adapalene
image_497.jpg,Adapalene
image_498.jpg,Adapalene
image_499.jpg,Adapalene
image_500.jpg,Adapalene
image_501.jpeg,Adapalene
image_502.jpg,Adapalene
image_503.png,Adapalene
image_504.png,Adapalene
image_505.JPG,Adapalene
image_506.jpg,Adapalene
image_507.jpg,Adapalene
image_508.jpg,Adapalene
image_509.jpg,Adapalene
image_510.jpg,Adapalene
image_511.jpeg,Adapalene
image_512.jpg,Adapalene
image_513.jpg,Adapalene
image_514.jpg,Adapalene
image_515.jpg,Adapalene
image_516.JPG,Adapalene
image_517.jpg,Adapalene
image_518.jpg,Adapalene
image_519.jpg,Adapalene
image_520.jpg,Adapalene
image_521.jpg,Adapalene
image_522.jpg,Adapalene
image_523.jpg,Adapalene
image_524.jpg,Adapalene
image_525.png,Adapalene
image_526.jpg,Adapalene
image_527.jpg,Adapalene
image_528.jpg,Adapalene
image_529.jpg,Adapalene
image_530.jpg,Adapalene
image_531.jpg,Adapalene
image_532.jpg,Adapalene
image_533.jpg,Adapalene
image_534.jpg,Adapalene
image_535.png,Adapalene
image_536.jpg,Adapalene
image_537.png,Adapalene
image_538.JPG,Adapalene
image_539.jpg,Adapalene
image_540.jpg,Adapalene
image_541.jpg,Adapalene
image_542.jpg,Adapalene
image_543.jpg,Adapalene
image_544.jpg,Adapalene
image_545.jpg,Albendazole
image_546.jpg,Albendazole
image_547.jpg,Albendazole
image_548.jpg,Albendazole
image_549.jpg,Albendazole
image_550.jpg,Albendazole
image_551.png,Albendazole
image_552.jpg,Albendazole
image_553.jpg,Albendazole
image_554.jpg,Albendazole
image_555.png,Albendazole
image_556.jpg,Albendazole
image_557.jpg,Albendazole
image_558.jpg,Albendazole
image_559.jpg,Albendazole
image_560.jpg,Albendazole
image_561.jpg,Albendazole
image_562.jpg,Albendazole
image_563.jpg,Albendazole
image_564.jpg,Albendazole
image_565.jpg,Albendazole
image_566.jpg,Albendazole
image_567.jpg,Albendazole
image_568.jpg,Albendazole
image_569.jpg,Albendazole
image_570.jpeg,Albendazole
image_571.jpg,Albendazole
image_572.jpg,Albendazole
image_573.jpg,Albendazole
image_574.jpg,Albendazole
image_575.JPG,Albendazole
image_576.jpg,Albendazole
image_577.jpg,Albendazole
image_578.jpg,Albendazole
image_579.jpg,Albendazole
image_580.jpg,Albendazole
image_581.jpg,Albendazole
image_582.jpg,Albendazole
image_583.jpg,Albendazole
image_584.jpg,Albendazole
image_585.png,Albendazole
image_586.jpg,Albendazole
image_587.jpg,Albendazole
image_588.png,Albendazole
image_589.jpg,Albendazole
image_590.jpg,Albendazole
image_591.jpg,Albendazole
image_592.jpeg,Albendazole
image_593.jpeg,Albendazole
image_594.jpg,Albendazole
image_595.jpg,Albendazole
image_596.jpg,Albendazole
image_597.jpg,Albendazole
image_598.jpg,Albendazole
image_599.jpg,Albendazole
image_600.jpg,Albendazole
image_601.jpg,Albendazole
image_602.jpg,Albendazole
image_603.jpg,Albendazole
image_604.jpeg,Albendazole
image_605.jpg,Albendazole
image_606.jpg,Albendazole
image_607.jpg,Albendazole
image_608.jpg,Albendazole
image_609.jpg,Albendazole
image_610.jpg,Albendazole
image_611.jpg,Albendazole
image_612.jpg,Albendazole
image_613.jpg,Albendazole
image_614.jpg,Albendazole
image_615.jpg,Albendazole
image_616.jpg,Albendazole
image_617.jpg,Albendazole
image_618.jpg,Albendazole
image_619.jpg,Albendazole
image_620.jpg,Albendazole
image_621.jpg,Albendazole
image_622.jpg,Albendazole
image_623.jpg,Albendazole
image_624.jpg,Ambroxol
image_625.jpg,Ambroxol
image_626.jpg,Ambroxol
image_627.png,Ambroxol
image_628.jpg,Ambroxol
image_629.jpg,Ambroxol
image_630.jpg,Ambroxol
image_631.jpg,Ambroxol
image_632.jpg,Ambroxol
image_633.jpg,Ambroxol
image_634.jpg,Ambroxol
image_635.jpg,Ambroxol
image_636.jpg,Ambroxol
image_637.jpg,Ambroxol
image_638.jpg,Ambroxol
image_639.jpg,Ambroxol
image_640.jpg,Ambroxol
image_641.jpg,Ambroxol
image_642.jpg,Ambroxol
image_643.jpg,Ambroxol
image_644.png,Ambroxol
image_645.jpg,Ambroxol
image_646.png,Ambroxol
image_647.jpg,Ambroxol
image_648.jpg,Ambroxol
image_649.jpg,Ambroxol
image_650.jpg,Ambroxol
image_651.jpg,Ambroxol
image_652.jpg,Ambroxol
image_653.jpg,Ambroxol
image_654.jpg,Ambroxol
image_655.jpg,Ambroxol
image_656.jpg,Ambroxol
image_657.jpg,Ambroxol
image_658.jpg,Ambroxol
image_659.jpg,Ambroxol
image_660.jpg,Ambroxol
image_661.png,Ambroxol
image_662.jpg,Ambroxol
image_663.jpg,Ambroxol
image_664.jpg,Ambroxol
image_665.jpg,Ambroxol
image_666.jpg,Ambroxol
image_667.jpg,Ambroxol
image_668.jpg,Ambroxol
image_669.jpg,Ambroxol
image_670.png,Ambroxol
image_671.jpg,Ambroxol
image_672.jpg,Ambroxol
image_673.png,Ambroxol
image_674.jpg,Ambroxol
image_675.jpg,Ambroxol
image_676.jpg,Ambroxol
image_677.jpg,Ambroxol
image_678.jpg,Ambroxol
image_679.jpg,Ambroxol
image_680.jpeg,Ambroxol
image_681.jpg,Ambroxol
image_682.jpg,Ambroxol
image_683.jpg,Ambroxol
image_684.jpg,Ambroxol
image_685.jpg,Ambroxol
image_686.jpg,Ambroxol
image_687.jpeg,Ambroxol
image_688.jpg,Ambroxol
image_689.jpg,Ambroxol
image_690.jpg,Ambroxol
image_691.jpg,Ambroxol
image_692.jpg,Ambroxol
image_693.jpg,Ambroxol
image_694.jpg,Ambroxol
image_695.jpg,Ambroxol
image_696.jpg,Ambroxol
image_697.jpg,Ambroxol
image_698.jpg,Ambroxol
image_699.jpg,Ambroxol
image_700.jpg,Ambroxol
image_701.jpg,Ambroxol
image_702.jpg,Ambroxol
image_703.jpg,Amikacin
image_704.jpg,Amikacin
image_705.jpg,Amikacin
image_706.jpg,Amikacin
image_707.jpg,Amikacin
image_708.jpeg,Amikacin
image_709.jpg,Amikacin
image_710.jpg,Amikacin
image_711.jpg,Amikacin
image_712.jpeg,Amikacin
image_713.jpg,Amikacin
image_714.jpg,Amikacin
image_715.jpg,Amikacin
image_716.jpeg,Amikacin
image_717.jpg,Amikacin
image_718.jpg,Amikacin
image_719.jpg,Amikacin
image_720.jpg,Amikacin
image_721.png,Amikacin
image_722.jpg,Amikacin
image_723.png,Amikacin
image_724.jpg,Amikacin
image_725.png,Amikacin
image_726.jpg,Amikacin
image_727.jpg,Amikacin
image_728.jpg,Amikacin
image_729.jpg,Amikacin
image_730.jpeg,Amikacin
image_731.jpg,Amikacin
image_732.jpg,Amikacin
image_733.jpg,Amikacin
image_734.jpg,Amikacin
image_735.jpg,Amikacin
image_736.jpg,Amikacin
image_737.jpg,Amikacin
image_738.jpg,Amikacin
image_739.jpg,Amikacin
image_740.jpg,Amikacin
image_741.jpg,Amikacin
image_742.png,Amikacin
image_743.jpg,Amikacin
image_744.jpg,Amikacin
image_745.jpg,Amikacin
image_746.jpg,Amikacin
image_747.png,Amikacin
image_748.jpg,Amikacin
image_749.jpg,Amikacin
image_750.jpg,Amikacin
image_751.jpg,Amikacin
image_752.jpg,Amikacin
image_753.png,Amikacin
image_754.jpg,Amikacin
image_755.png,Amikacin
image_756.jpg,Amikacin
image_757.jpg,Amikacin
image_758.jpg,Amikacin
image_759.jpg,Amikacin
image_760.jpg,Amikacin
image_761.jpg,Amikacin
image_762.jpg,Amikacin
image_763.jpg,Amikacin
image_764.jpg,Amikacin
image_765.jpg,Amikacin
image_766.png,Amikacin
image_767.jpg,Amikacin
image_768.jpg,Amikacin
image_769.jpg,Amikacin
image_770.jpg,Amikacin
image_771.jpg,Amikacin
image_772.png,Amikacin
image_773.jpg,Amikacin
image_774.jpg,Amikacin
image_775.png,Amikacin
image_776.jpg,Amikacin
image_777.jpg,Amikacin
image_778.jpg,Amikacin
image_779.jpg,Amikacin
image_780.jpg,Amikacin
image_781.jpg,Amoxicillin
image_782.jpg,Amoxicillin
image_783.jpg,Amoxicillin
image_784.jpg,Amoxicillin
image_785.jpg,Amoxicillin
image_786.png,Amoxicillin
image_787.jpg,Amoxicillin
image_788.jpg,Amoxicillin
image_789.jpg,Amoxicillin
image_790.gif,Amoxicillin
image_791.jpg,Amoxicillin
image_792.jpg,Amoxicillin
image_793.jpg,Amoxicillin
image_794.png,Amoxicillin
image_795.jpg,Amoxicillin
image_796.jpg,Amoxicillin
image_797.jpg,Amoxicillin
image_798.jpg,Amoxicillin
image_799.jpg,Amoxicillin
image_800.jpg,Amoxicillin
image_801.jpg,Amoxicillin
image_802.png,Amoxicillin
image_803.png,Amoxicillin
image_804.jpg,Amoxicillin
image_805.jpeg,Amoxicillin
image_806.jpg,Amoxicillin
image_807.jpg,Amoxicillin
image_808.jpg,Amoxicillin
image_809.jpg,Amoxicillin
image_810.jpg,Amoxicillin
image_811.jpg,Amoxicillin
image_812.jpg,Amoxicillin
image_813.jpg,Amoxicillin
image_814.jpg,Amoxicillin
image_815.jpg,Amoxicillin
image_816.jpeg,Amoxicillin
image_817.jpg,Amoxicillin
image_818.jpg,Amoxicillin
image_819.jpg,Amoxicillin
image_820.jpg,Amoxicillin
image_821.jpg,Amoxicillin
image_822.jpg,Amoxicillin
image_823.jpg,Amoxicillin
image_824.jpg,Amoxicillin
image_825.jpg,Amoxicillin
image_826.jpg,Amoxicillin
image_827.jpg,Amoxicillin
image_828.png,Amoxicillin
image_829.jpeg,Amoxicillin
image_830.jpg,Amoxicillin
image_831.jpg,Amoxicillin
image_832.jpg,Amoxicillin
image_833.jpg,Amoxicillin
image_834.jpg,Amoxicillin
image_835.jpg,Amoxicillin
image_836.jpg,Amoxicillin
image_837.jpg,Amoxicillin
image_838.jpg,Amoxicillin
image_839.jpg,Amoxicillin
image_840.jpg,Amoxicillin
image_841.jpg,Amoxsan
image_842.jpg,Amoxsan
image_843.png,Amoxsan
image_844.jpg,Amoxsan
image_845.jpg,Amoxsan
image_846.jpg,Amoxsan
image_847.jpg,Amoxsan
image_848.jpg,Amoxsan
image_849.jpg,Amoxsan
image_850.jpg,Amoxsan
image_851.jpg,Amoxsan
image_852.jpg,Amoxsan
image_853.jpg,Amoxsan
image_854.jpg,Amoxsan
image_855.png,Amoxsan
image_856.jpg,Amoxsan
image_857.jpg,Amoxsan
image_858.jpg,Amoxsan
image_859.jpg,Amoxsan
image_860.jpg,Amoxsan
image_861.jpg,Amoxsan
image_862.jpg,Amoxsan
image_863.jpg,Amoxsan
image_864.jpg,Amoxsan
image_865.jpg,Amoxsan
image_866.jpg,Amoxsan
image_867.jpg,Amoxsan
image_868.jpg,Amoxsan
image_869.jpeg,Amoxsan
image_870.jpg,Amoxsan
image_871.jpg,Amoxsan
image_872.jpg,Amoxsan
image_873.jpg,Amoxsan
image_874.jpg,Amoxsan
image_875.jpg,Amoxsan
image_876.jpg,Amoxsan
image_877.jpg,Amoxsan
image_878.jpg,Amoxsan
image_879.jpg,Amoxsan
image_880.jpg,Amoxsan
image_881.jpg,Amoxsan
image_882.jpg,Amoxsan
image_883.jpg,Amoxsan
image_884.jpg,Amoxsan
image_885.jpg,Amoxsan
image_886.jpg,Amoxsan
image_887.jpg,Amoxsan
image_888.jpg,Amoxsan
image_889.jpg,Amoxsan
image_890.jpg,Amoxsan
image_891.jpg,Amoxsan
image_892.jpg,Amoxsan
image_893.jpg,Amoxsan
image_894.jpg,Amoxsan
image_895.jpg,Amoxsan
image_896.png,Amoxsan
image_897.jpg,Amoxsan
image_898.jpg,Amoxsan
image_899.png,Amoxsan
image_900.jpg,Amoxsan
image_901.gif,Amoxsan
image_902.jpg,Amoxsan
image_903.jpg,Amoxsan
image_904.jpeg,Antangin
image_905.jpeg,Antangin
image_906.jpg,Antangin
image_907.jpg,Antangin
image_908.jpg,Antangin
image_909.jpg,Antangin
image_910.jpg,Antangin
image_911.jpg,Antangin
image_912.jpg,Antangin
image_913.jpg,Antangin
image_914.jpg,Antangin
image_915.jpg,Antangin
image_916.jpg,Antangin
image_917.jpg,Antangin
image_918.jpg,Antangin
image_919.jpg,Antangin
image_920.jpg,Antangin
image_921.jpg,Antangin
image_922.jpg,Antangin
image_923.jpg,Antangin
image_924.jpg,Antangin
image_925.jpg,Antangin
image_926.jpg,Antangin
image_927.jpeg,Antangin
image_928.jpg,Antangin
image_929.jpg,Antangin
image_930.jpg,Antangin
image_931.jpg,Antangin
image_932.jpg,Antangin
image_933.jpg,Antangin
image_934.jpg,Antangin
image_935.jpeg,Antangin
image_936.jpg,Antangin
image_937.jpg,Antangin
image_938.jpg,Antangin
image_939.png,Antangin
image_940.jpg,Antangin
image_941.jpg,Antangin
image_942.jpg,Antangin
image_943.jpg,Antangin
image_944.jpg,Antangin
image_945.png,Antangin
image_946.jpg,Antangin
image_947.jpg,Antangin
image_948.jpg,Antangin
image_949.jpg,Antangin
image_950.jpg,Antangin
image_951.jpg,Antangin
image_952.jpg,Antangin
image_953.jpeg,Antangin
image_954.jpg,Antangin
image_955.jpg,Antangin
image_956.jpg,Antangin
image_957.jpg,Antangin
image_958.jpg,Antangin
image_959.jpg,Antangin
image_960.jpeg,Antangin
image_961.jpg,Antangin
image_962.png,Antangin
image_963.png,Antangin
image_964.jpg,Antangin
image_965.jpg,Antangin
image_966.jpg,Antangin
image_967.jpg,Antangin
image_968.jpg,Antangin
image_969.jpg,Antangin
image_970.jpg,Antangin
image_971.jpg,Antangin
image_972.jpg,Antangin
image_973.png,Antangin
image_974.jpg,Antangin
image_975.jpg,Antangin
image_976.jpg,Antangin
image_977.jpg,Antangin
image_978.jpg,Antangin
image_979.png,Antangin
image_980.jpg,Antangin
image_981.jpg,Antangin
image_982.jpg,Antangin
image_983.jpg,Antangin
image_984.jpg,Antangin
image_985.jpg,Antangin
image_986.jpg,Antangin
image_987.jpg,Antangin
image_988.jpg,Antangin
image_989.jpg,Antangin
image_990.jpeg,Antangin
image_991.png,Antangin
image_1000.png,Atenolol
image_1001.jpg,Atenolol
image_1002.jpg,Atenolol
image_1003.jpg,Atenolol
image_1004.jpg,Atenolol
image_1005.png,Atenolol
image_1006.jpg,Atenolol
image_1007.jpg,Atenolol
image_1008.jpg,Atenolol
image_1009.jpg,Atenolol
image_1010.jpg,Atenolol
image_1011.png,Atenolol
image_1012.png,Atenolol
image_1013.jpg,Atenolol
image_1014.png,Atenolol
image_1015.png,Atenolol
image_1016.jpg,Atenolol
image_1017.png,Atenolol
image_1018.jpg,Atenolol
image_1019.png,Atenolol
image_1020.jpg,Atenolol
image_1021.png,Atenolol
image_1022.jpg,Atenolol
image_1023.jpg,Atenolol
image_1024.jpg,Atenolol
image_1025.jpg,Atenolol
image_1026.png,Atenolol
image_1027.jpg,Atenolol
image_1028.jpg,Atenolol
image_1029.jpg,Atenolol
image_1030.jpg,Atenolol
image_1031.jpg,Atenolol
image_1032.png,Atenolol
image_1033.jpg,Atenolol
image_1034.jpg,Atenolol
image_1035.jpg,Atenolol
image_1036.jpg,Atenolol
image_1037.jpg,Atenolol
image_1038.JPG,Atenolol
image_1039.jpg,Atenolol
image_1040.jpg,Atenolol
image_1041.jpg,Atenolol
image_1042.jpeg,Atenolol
image_1043.jpg,Atenolol
image_1044.jpg,Atenolol
image_1045.jpg,Atenolol
image_1046.png,Atenolol
image_1047.png,Atenolol
image_1048.jpg,Atenolol
image_1049.jpg,Atenolol
image_1050.jpg,Atenolol
image_1051.jpg,Atenolol
image_1052.jpg,Atenolol
image_1053.jpg,Atenolol
image_1054.jpg,Atenolol
image_1055.jpg,Atenolol
image_1056.jpg,Atenolol
image_1057.jpg,Atenolol
image_1058.jpg,Atenolol
image_992.jpeg,Atenolol
image_993.jpg,Atenolol
image_994.jpg,Atenolol
image_995.jpg,Atenolol
image_996.jpg,Atenolol
image_997.jpg,Atenolol
image_998.png,Atenolol
image_999.jpeg,Atenolol
image_1059.jpg,Atorvastatin
image_1060.jpg,Atorvastatin
image_1061.JPG,Atorvastatin
image_1062.bmp,Atorvastatin
image_1063.jpg,Atorvastatin
image_1064.jpg,Atorvastatin
image_1065.jpg,Atorvastatin
image_1066.jpg,Atorvastatin
image_1067.jpg,Atorvastatin
image_1068.jpg,Atorvastatin
image_1069.png,Atorvastatin
image_1070.jpg,Atorvastatin
image_1071.jpg,Atorvastatin
image_1072.jpg,Atorvastatin
image_1073.png,Atorvastatin
image_1074.png,Atorvastatin
image_1075.jpg,Atorvastatin
image_1076.jpg,Atorvastatin
image_1077.jpg,Atorvastatin
image_1078.jpg,Atorvastatin
image_1079.JPG,Atorvastatin
image_1080.jpg,Atorvastatin
image_1081.jpg,Atorvastatin
image_1082.jpg,Atorvastatin
image_1083.png,Atorvastatin
image_1084.png,Atorvastatin
image_1085.png,Atorvastatin
image_1086.jpg,Atorvastatin
image_1087.jpg,Atorvastatin
image_1088.jpg,Atorvastatin
image_1089.jpg,Atorvastatin
image_1090.jpg,Atorvastatin
image_1091.jpg,Atorvastatin
image_1092.jpg,Atorvastatin
image_1093.jpg,Atorvastatin
image_1094.jpg,Atorvastatin
image_1095.jpg,Atorvastatin
image_1096.jpg,Atorvastatin
image_1097.jpg,Atorvastatin
image_1098.jpg,Atorvastatin
image_1099.jpg,Atorvastatin
image_1100.jpg,Atorvastatin
image_1101.jpg,Atorvastatin
image_1102.jpg,Atorvastatin
image_1103.jpg,Atorvastatin
image_1104.jpg,Atorvastatin
image_1105.png,Atorvastatin
image_1106.jpg,Atorvastatin
image_1107.jpg,Atorvastatin
image_1108.jpg,Atorvastatin
image_1109.jpg,Atorvastatin
image_1110.jpg,Atorvastatin
image_1111.jpg,Atorvastatin
image_1112.jpg,Atorvastatin
image_1113.jpg,Atorvastatin
image_1114.jpg,Atorvastatin
image_1115.jpg,Atorvastatin
image_1116.jpeg,Atorvastatin
image_1117.jpg,Atorvastatin
image_1118.jpg,Atorvastatin
image_1119.jpg,Atorvastatin
image_1120.png,Atorvastatin
image_1121.jpg,Benzolac
image_1122.jpg,Benzolac
image_1123.png,Benzolac
image_1124.jpg,Benzolac
image_1125.jpg,Benzolac
image_1126.png,Benzolac
image_1127.jpeg,Benzolac
image_1128.jpg,Benzolac
image_1129.jpg,Benzolac
image_1130.jpg,Benzolac
image_1131.jpg,Benzolac
image_1132.jpg,Benzolac
image_1133.JPG,Benzolac
image_1134.jpg,Benzolac
image_1135.jpg,Benzolac
image_1136.jpg,Benzolac
image_1137.jpg,Benzolac
image_1138.png,Benzolac
image_1139.JPG,Benzolac
image_1140.JPG,Benzolac
image_1141.jpg,Benzolac
image_1142.jpg,Benzolac
image_1143.jpg,Benzolac
image_1144.jpg,Benzolac
image_1145.jpg,Benzolac
image_1146.png,Benzolac
image_1147.jpg,Benzolac
image_1148.jpg,Benzolac
image_1149.jpg,Benzolac
image_1150.jpg,Benzolac
image_1151.jpg,Benzolac
image_1152.jpg,Benzolac
image_1153.jpg,Benzolac
image_1154.jpg,Benzolac
image_1155.jpg,Benzolac
image_1156.jpg,Benzolac
image_1157.jpg,Benzolac
image_1158.jpg,Benzolac
image_1159.jpg,Benzolac
image_1160.jpg,Benzolac
image_1161.jpg,Benzolac
image_1162.jpg,Benzolac
image_1163.jpg,Benzolac
image_1164.JPG,Benzolac
image_1165.jpg,Benzolac
image_1166.JPG,Benzolac
image_1167.jpg,Benzolac
image_1168.jpg,Benzolac
image_1169.jpg,Benzolac
image_1170.png,Benzolac
image_1171.jpg,Benzolac
image_1172.jpg,Benzolac
image_1173.jpg,Benzolac
image_1174.JPG,Benzolac
image_1175.png,Benzolac
image_1176.jpg,Benzolac
image_1177.jpg,Benzolac
image_1178.jpg,Benzolac
image_1179.jpg,Benzolac
image_1180.jpg,Benzolac
image_1181.jpg,Benzolac
image_1182.jpg,Benzolac
image_1183.jpg,Benzolac
image_1184.jpg,Benzolac
image_1185.jpg,Benzolac
image_1186.jpg,Benzolac
image_1187.jpg,Benzolac
image_1188.jpg,Benzolac
image_1189.jpg,Benzolac
image_1190.jpg,Benzolac
image_1191.jpg,Benzolac
image_1192.jpg,Benzolac
image_1193.jpg,Benzolac
image_1194.png,Benzolac
image_1195.jpg,Benzolac
image_1196.jpg,Benzolac
image_1197.jpg,Benzolac
image_1198.jpg,Benzolac
image_1199.jpg,Benzolac
image_1200.jpg,Beta Karoten
image_1201.png,Beta Karoten
image_1202.jpg,Beta Karoten
image_1203.jpg,Beta Karoten
image_1204.jpg,Beta Karoten
image_1205.jpg,Beta Karoten
image_1206.jpg,Beta Karoten
image_1207.jpg,Beta Karoten
image_1208.jpeg,Beta Karoten
image_1209.jpg,Beta Karoten
image_1210.jpg,Beta Karoten
image_1211.jpg,Beta Karoten
image_1212.png,Beta Karoten
image_1213.jpg,Beta Karoten
image_1214.jpg,Beta Karoten
image_1215.jpg,Beta Karoten
image_1216.jpg,Beta Karoten
image_1217.jpg,Beta Karoten
image_1218.png,Beta Karoten
image_1219.jpg,Beta Karoten
image_1220.jpg,Beta Karoten
image_1221.jpg,Beta Karoten
image_1222.gif,Beta Karoten
image_1223.jpg,Beta Karoten
image_1224.jpg,Beta Karoten
image_1225.jpg,Beta Karoten
image_1226.jpg,Beta Karoten
image_1227.jpg,Beta Karoten
image_1228.png,Beta Karoten
image_1229.jpg,Beta Karoten
image_1230.jpg,Beta Karoten
image_1231.jpg,Beta Karoten
image_1232.jpg,Beta Karoten
image_1233.png,Beta Karoten
image_1234.jpg,Beta Karoten
image_1235.jpg,Beta Karoten
image_1236.jpg,Beta Karoten
image_1237.jpg,Beta Karoten
image_1238.jpg,Beta Karoten
image_1239.jpg,Beta Karoten
image_1240.jpg,Beta Karoten
image_1241.png,Beta Karoten
image_1242.jpg,Beta Karoten
image_1243.jpg,Beta Karoten
image_1244.jpg,Beta Karoten
image_1245.jpg,Beta Karoten
image_1246.jpg,Beta Karoten
image_1247.jpg,Beta Karoten
image_1248.png,Beta Karoten
image_1249.jpg,Beta Karoten
image_1250.jpg,Beta Karoten
image_1251.jpg,Beta Karoten
image_1252.jpg,Beta Karoten
image_1253.jpg,Beta Karoten
image_1254.jpg,Beta Karoten
image_1255.png,Beta Karoten
image_1256.jpg,Beta Karoten
image_1257.jpg,Beta Karoten
image_1258.jpg,Beta Karoten
image_1259.jpg,Beta Karoten
image_1260.jpg,Beta Karoten
image_1261.jpg,Beta Karoten
image_1262.jpg,Beta Karoten
image_1263.jpg,Beta Karoten
image_1264.jpg,Beta Karoten
image_1265.jpg,Beta Karoten
image_1266.jpg,Beta Karoten
image_1267.png,Betadine
image_1268.jpg,Betadine
image_1269.jpg,Betadine
image_1270.jpg,Betadine
image_1271.jpg,Betadine
image_1272.jpg,Betadine
image_1273.png,Betadine
image_1274.png,Betadine
image_1275.jpeg,Betadine
image_1276.jpg,Betadine
image_1277.jpg,Betadine
image_1278.jpg,Betadine
image_1279.jpg,Betadine
image_1280.png,Betadine
image_1281.jpg,Betadine
image_1282.jpg,Betadine
image_1283.jpg,Betadine
image_1284.jpg,Betadine
image_1285.jpg,Betadine
image_1286.jpg,Betadine
image_1287.jpg,Betadine
image_1288.jpg,Betadine
image_1289.jpg,Betadine
image_1290.jpg,Betadine
image_1291.png,Betadine
image_1292.jpg,Betadine
image_1293.jpeg,Betadine
image_1294.png,Betadine
image_1295.png,Betadine
image_1296.jpg,Betadine
image_1297.jpg,Betadine
image_1298.png,Betadine
image_1299.png,Betadine
image_1300.png,Betadine
image_1301.jpg,Betadine
image_1302.png,Betadine
image_1303.jpeg,Betadine
image_1304.jpeg,Betadine
image_1305.jpg,Betadine
image_1306.jpg,Betadine
image_1307.png,Betadine
image_1308.jpeg,Betadine
image_1309.jpg,Betadine
image_1310.jpg,Betadine
image_1311.jpg,Betadine
image_1312.jpg,Betadine
image_1313.jpg,Betadine
image_1314.jpeg,Betadine
image_1315.jpg,Betadine
image_1316.jpg,Betadine
image_1317.jpg,Betadine
image_1318.jpg,Betadine
image_1319.jpeg,Betadine
image_1320.jpg,Betadine
image_1321.jpeg,Betadine
image_1322.jpg,Betadine
image_1323.png,Betadine
image_1324.jpg,Betadine
image_1325.jpg,Betadine
image_1326.jpg,Betadine
image_1327.jpg,Betadine
image_1328.jpg,Betadine
image_1329.jpg,Betadine
image_1330.jpg,Betadine
image_1331.jpg,Betadine
image_1332.jpg,Betadine
image_1333.png,Betadine
image_1334.jpg,Betadine
image_1335.jpeg,Betadine
image_1336.jpg,Betadine
image_1337.jpg,Betadine
image_1338.jpg,Betadine
image_1339.jpg,Betadine
image_1340.jpg,Betadine
image_1341.jpg,Betadine
image_1342.jpg,Betadine
image_1343.jpg,Betadine
image_1344.jpg,Betadine
image_1345.jpg,Betadine
image_1346.jpg,Betadine
image_1347.jpg,Betadine
image_1348.jpg,Betadine
image_1349.jpg,Betadine
image_1350.jpg,Betadine
image_1351.png,Betadine
image_1352.png,Betadine
image_1353.png,Betadine
image_1354.jpg,Betadine
image_1355.jpg,Betadine
image_1356.jpg,Betadine
image_1357.jpg,Betahistine
image_1358.jpg,Betahistine
image_1359.jpg,Betahistine
image_1360.JPG,Betahistine
image_1361.jpg,Betahistine
image_1362.jpg,Betahistine
image_1363.jpg,Betahistine
image_1364.jpg,Betahistine
image_1365.jpg,Betahistine
image_1366.jpg,Betahistine
image_1367.jpg,Betahistine
image_1368.jpg,Betahistine
image_1369.JPG,Betahistine
image_1370.jpg,Betahistine
image_1371.jpg,Betahistine
image_1372.jpg,Betahistine
image_1373.jpg,Betahistine
image_1374.jpeg,Betahistine
image_1375.jpg,Betahistine
image_1376.jpg,Betahistine
image_1377.png,Betahistine
image_1378.jpeg,Betahistine
image_1379.jpg,Betahistine
image_1380.jpg,Betahistine
image_1381.jpg,Betahistine
image_1382.jpg,Betahistine
image_1383.jpg,Betahistine
image_1384.JPG,Betahistine
image_1385.jpg,Betahistine
image_1386.jpeg,Betahistine
image_1387.jpg,Betahistine
image_1388.jpg,Betahistine
image_1389.jpg,Betahistine
image_1390.jpg,Betahistine
image_1391.jpg,Betahistine
image_1392.jpg,Betahistine
image_1393.png,Betahistine
image_1394.jpg,Betahistine
image_1395.png,Betahistine
image_1396.jpg,Betahistine
image_1397.jpg,Betahistine
image_1398.jpg,Betahistine
image_1399.PNG,Betahistine
image_1400.jpg,Betahistine
image_1401.jpeg,Betahistine
image_1402.jpg,Betahistine
image_1403.jpg,Betahistine
image_1404.JPG,Betahistine
image_1405.jpg,Betahistine
image_1406.jpg,Betahistine
image_1407.jpg,Betahistine
image_1408.jpg,Betahistine
image_1409.jpg,Betahistine
image_1410.jpg,Betahistine
image_1411.jpg,Betahistine
image_1412.jpg,Betahistine
image_1413.jpg,Betahistine
image_1414.jpeg,Betahistine
image_1415.jpg,Betahistine
image_1416.png,Betahistine
image_1417.jpg,Betahistine
image_1418.jpg,Betahistine
image_1419.jpg,Betahistine
image_1420.jpg,Betahistine
image_1421.jpg,Betahistine
image_1422.jpg,Betahistine
image_1423.jpg,Betahistine
image_1424.jpg,Betahistine
image_1425.png,Betahistine
image_1426.jpg,Betahistine
image_1427.jpg,Biogesic
image_1428.png,Biogesic
image_1429.jpg,Biogesic
image_1430.jpg,Biogesic
image_1431.jpg,Biogesic
image_1432.png,Biogesic
image_1433.jpg,Biogesic
image_1434.png,Biogesic
image_1435.png,Biogesic
image_1436.jpg,Biogesic
image_1437.jpg,Biogesic
image_1438.jpg,Biogesic
image_1439.png,Biogesic
image_1440.jpg,Biogesic
image_1441.jpg,Biogesic
image_1442.jpg,Biogesic
image_1443.png,Biogesic
image_1444.jpg,Biogesic
image_1445.jpg,Biogesic
image_1446.jpg,Biogesic
image_1447.jpg,Biogesic
image_1448.png,Biogesic
image_1449.jpg,Biogesic
image_1450.jpg,Biogesic
image_1451.jpg,Biogesic
image_1452.jpg,Biogesic
image_1453.png,Biogesic
image_1454.jpg,Biogesic
image_1455.jpg,Biogesic
image_1456.jpg,Biogesic
image_1457.jpg,Biogesic
image_1458.jpg,Biogesic
image_1459.jpg,Biogesic
image_1460.jpg,Biogesic
image_1461.jpg,Biogesic
image_1462.jpg,Biogesic
image_1463.jpg,Biogesic
image_1464.png,Biogesic
image_1465.png,Biogesic
image_1466.png,Biogesic
image_1467.png,Biogesic
image_1468.jpg,Biogesic
image_1469.jpg,Biogesic
image_1470.png,Biogesic
image_1471.png,Biogesic
image_1472.jpg,Biogesic
image_1473.jpg,Biogesic
image_1474.jpg,Biogesic
image_1475.jpg,Biogesic
image_1476.jpg,Biogesic
image_1477.jpg,Biogesic
image_1478.png,Biogesic
image_1479.jpg,Biogesic
image_1480.png,Biogesic
image_1481.jpg,Biogesic
image_1482.jpg,Biogesic
image_1483.jpg,Biogesic
image_1484.png,Biogesic
image_1485.png,Biogesic
image_1486.jpg,Biogesic
image_1487.jpg,Biogesic
image_1488.jpg,Biogesic
image_1489.png,Biogesic
image_1490.jpg,Biogesic
image_1491.png,Biogesic
image_1492.jpg,Biogesic
image_1493.png,Biogesic
image_1494.jpg,Biotin
image_1495.png,Biotin
image_1496.jpg,Biotin
image_1497.jpg,Biotin
image_1498.jpg,Biotin
image_1499.jpg,Biotin
image_1500.jpg,Biotin
image_1501.png,Biotin
image_1502.jpg,Biotin
image_1503.jpg,Biotin
image_1504.jpg,Biotin
image_1505.jpg,Biotin
image_1506.jpg,Biotin
image_1507.jpg,Biotin
image_1508.jpg,Biotin
image_1509.jpg,Biotin
image_1510.jpg,Biotin
image_1511.jpg,Biotin
image_1512.jpg,Biotin
image_1513.jpg,Biotin
image_1514.jpg,Biotin
image_1515.jpg,Biotin
image_1516.jpg,Biotin
image_1517.jpg,Biotin
image_1518.jpg,Biotin
image_1519.jpg,Biotin
image_1520.jpg,Biotin
image_1521.jpg,Biotin
image_1522.jpg,Biotin
image_1523.jpg,Biotin
image_1524.jpg,Biotin
image_1525.jpg,Biotin
image_1526.jpg,Biotin
image_1527.jpg,Biotin
image_1528.jpg,Biotin
image_1529.jpg,Biotin
image_1530.jpeg,Biotin
image_1531.jpg,Biotin
image_1532.jpg,Biotin
image_1533.jpg,Biotin
image_1534.jpg,Biotin
image_1535.jpg,Biotin
image_1536.jpg,Biotin
image_1537.jpg,Biotin
image_1538.jpg,Biotin
image_1539.jpeg,Biotin
image_1540.png,Biotin
image_1541.jpg,Biotin
image_1542.jpg,Biotin
image_1543.jpg,Biotin
image_1544.jpeg,Biotin
image_1545.jpg,Biotin
image_1546.jpg,Biotin
image_1547.png,Biotin
image_1548.jpeg,Biotin
image_1549.png,Biotin
image_1550.png,Biotin
image_1551.png,Biotin
image_1552.png,Biotin
image_1553.jpg,Biotin
image_1554.png,Biotin
image_1555.png,Biotin
image_1556.jpg,Biotin
image_1557.jpg,Biotin
image_1558.png,Biotin
image_1559.jpg,Biotin
image_1560.png,Biotin
image_1561.jpg,Biotin
image_1562.jpg,Biotin
image_1563.jpg,Biotin
image_1564.jpg,Biotin
image_1565.jpg,Biotin
image_1566.png,Biotin
image_1567.jpg,Biotin
image_1568.jpg,Biotin
image_1569.jpg,Biotin
image_1570.JPG,Biotin
image_1571.jpg,Biotin
image_1572.jpg,Biotin
image_1573.jpg,Bisolvon
image_1574.jpg,Bisolvon
image_1575.png,Bisolvon
image_1576.jpg,Bisolvon
image_1577.jpg,Bisolvon
image_1578.jpg,Bisolvon
image_1579.jpg,Bisolvon
image_1580.png,Bisolvon
image_1581.jpg,Bisolvon
image_1582.jpg,Bisolvon
image_1583.jpg,Bisolvon
image_1584.jpg,Bisolvon
image_1585.jpg,Bisolvon
image_1586.jpg,Bisolvon
image_1587.jpg,Bisolvon
image_1588.jpg,Bisolvon
image_1589.jpg,Bisolvon
image_1590.png,Bisolvon
image_1591.jpg,Bisolvon
image_1592.jpg,Bisolvon
image_1593.jpg,Bisolvon
image_1594.jpg,Bisolvon
image_1595.jpg,Bisolvon
image_1596.jpg,Bisolvon
image_1597.jpg,Bisolvon
image_1598.jpeg,Bisolvon
image_1599.jpg,Bisolvon
image_1600.jpg,Bisolvon
image_1601.jpg,Bisolvon
image_1602.jpg,Bisolvon
image_1603.jpg,Bisolvon
image_1604.jpg,Bisolvon
image_1605.png,Bisolvon
image_1606.jpg,Bisolvon
image_1607.png,Bisolvon
image_1608.png,Bisolvon
image_1609.jpg,Bisolvon
image_1610.png,Bisolvon
image_1611.jpg,Bisolvon
image_1612.jpg,Bisolvon
image_1613.JPG,Bisolvon
image_1614.jpg,Bisolvon
image_1615.jpg,Bisolvon
image_1616.jpg,Bisolvon
image_1617.jpg,Bisolvon
image_1618.jpg,Bisolvon
image_1619.jpg,Bisolvon
image_1620.jpg,Bisolvon
image_1621.jpg,Bisolvon
image_1622.png,Bisolvon
image_1623.jpg,Bisolvon
image_1624.png,Bisolvon
image_1625.jpg,Bisolvon
image_1626.jpg,Bisolvon
image_1627.jpg,Bisolvon
image_1628.png,Bisolvon
image_1629.jpg,Bisolvon
image_1630.jpg,Bisolvon
image_1631.jpg,Bisolvon
image_1632.jpg,Bisolvon
image_1633.jpg,Bisolvon
image_1634.jpg,Bisolvon
image_1635.jpg,Bisolvon
image_1636.jpg,Bisolvon
image_1637.jpg,Bisolvon
image_1638.jpg,Bisolvon
image_1639.jpg,Bisolvon
image_1640.jpg,Bisolvon
image_1641.jpg,Bisolvon
image_1642.jpg,Bisolvon
image_1643.jpg,Bisolvon
image_1644.jpg,Bisolvon
image_1645.jpg,Bisolvon
image_1646.png,Bisolvon
image_1647.png,Bisolvon
image_1648.png,Bisolvon
image_1649.jpg,Bisolvon
image_1650.jpg,Bisolvon
image_1651.jpg,Bisolvon
image_1652.jpg,Bisolvon
image_1653.jpg,Bisolvon
image_1654.jpg,Bisolvon
image_1655.jpg,Bisolvon
image_1656.png,Bisolvon
image_1657.jpg,Bisolvon
image_1658.jpg,Bisolvon
image_1659.jpeg,Bisolvon
image_1660.jpg,Bisolvon
image_1661.jpg,Bisolvon
image_1662.jpg,Bisolvon
image_1663.jpg,Bisoprolol
image_1664.jpg,Bisoprolol
image_1665.jpg,Bisoprolol
image_1666.jpg,Bisoprolol
image_1667.jpg,Bisoprolol
image_1668.jpg,Bisoprolol
image_1669.png,Bisoprolol
image_1670.jpeg,Bisoprolol
image_1671.jpg,Bisoprolol
image_1672.jpg,Bisoprolol
image_1673.jpg,Bisoprolol
image_1674.jpg,Bisoprolol
image_1675.jpg,Bisoprolol
image_1676.jpg,Bisoprolol
image_1677.jpg,Bisoprolol
image_1678.jpg,Bisoprolol
image_1679.jpg,Bisoprolol
image_1680.jpg,Bisoprolol
image_1681.jpg,Bisoprolol
image_1682.jpg,Bisoprolol
image_1683.jpg,Bisoprolol
image_1684.jpg,Bisoprolol
image_1685.jpg,Bisoprolol
image_1686.jpg,Bisoprolol
image_1687.jpg,Bisoprolol
image_1688.png,Bisoprolol
image_1689.jpg,Bisoprolol
image_1690.jpg,Bisoprolol
image_1691.jpg,Bisoprolol
image_1692.jpg,Bisoprolol
image_1693.png,Bisoprolol
image_1694.jpg,Bisoprolol
image_1695.jpg,Bisoprolol
image_1696.jpg,Bisoprolol
image_1697.jpg,Bisoprolol
image_1698.jpg,Bisoprolol
image_1699.JPG,Bisoprolol
image_1700.jpg,Bisoprolol
image_1701.jpg,Bisoprolol
image_1702.jpeg,Bisoprolol
image_1703.jpg,Bisoprolol
image_1704.jpg,Bisoprolol
image_1705.png,Bisoprolol
image_1706.jpeg,Bisoprolol
image_1707.jpeg,Bisoprolol
image_1708.jpg,Bisoprolol
image_1709.jpg,Bisoprolol
image_1710.jpg,Bisoprolol
image_1711.jpg,Bisoprolol
image_1712.jpg,Bisoprolol
image_1713.jpg,Bisoprolol
image_1714.jpeg,Bisoprolol
image_1715.jpg,Bisoprolol
image_1716.jpg,Bisoprolol
image_1717.jpg,Bisoprolol
image_1718.jpg,Bisoprolol
image_1719.jpg,Bisoprolol
image_1720.jpg,Bisoprolol
image_1721.jpg,Bisoprolol
image_1722.jpg,Bisoprolol
image_1723.jpg,Bisoprolol
image_1724.jpg,Bisoprolol
image_1725.jpg,Bisoprolol
image_1726.jpg,Bisoprolol
image_1727.jpg,Bisoprolol
image_1728.jpg,Bisoprolol
image_1729.jpg,Bisoprolol
image_1730.jpeg,Bisoprolol
image_1731.jpeg,Bisoprolol
image_1732.jpg,Bisoprolol
image_1733.jpg,Bisoprolol
image_1734.png,Bisoprolol
image_1735.jpg,Bisoprolol
image_1736.jpg,Bisoprolol
image_1737.jpeg,Bodrex
image_1738.png,Bodrex
image_1739.jpg,Bodrex
image_1740.jpg,Bodrex
image_1741.jpg,Bodrex
image_1742.jpeg,Bodrex
image_1743.jpeg,Bodrex
image_1744.jpg,Bodrex
image_1745.jpg,Bodrex
image_1746.jpg,Bodrex
image_1747.jpg,Bodrex
image_1748.jpg,Bodrex
image_1749.jpg,Bodrex
image_1750.jpg,Bodrex
image_1751.jpg,Bodrex
image_1752.jpg,Bodrex
image_1753.jpg,Bodrex
image_1754.jpg,Bodrex
image_1755.jpg,Bodrex
image_1756.jpg,Bodrex
image_1757.jpg,Bodrex
image_1758.jpg,Bodrex
image_1759.jpg,Bodrex
image_1760.jpg,Bodrex
image_1761.jpg,Bodrex
image_1762.jpg,Bodrex
image_1763.jpg,Bodrex
image_1764.jpeg,Bodrex
image_1765.jpg,Bodrex
image_1766.jpg,Bodrex
image_1767.jpg,Bodrex
image_1768.jpg,Bodrex
image_1769.jpg,Bodrex
image_1770.jpg,Bodrex
image_1771.jpg,Bodrex
image_1772.jpg,Bodrex
image_1773.jpg,Bodrex
image_1774.png,Bodrex
image_1775.jpg,Bodrex
image_1776.JPG,Bodrex
image_1777.jpg,Bodrex
image_1778.jpg,Bodrex
image_1779.jpg,Bodrex
image_1780.jpg,Bodrex
image_1781.jpg,Bodrex
image_1782.jpg,Bodrex
image_1783.jpg,Bodrex
image_1784.jpg,Bodrex
image_1785.jpg,Bodrex
image_1786.jpeg,Bodrex
image_1787.jpg,Bodrex
image_1788.jpg,Bodrex
image_1789.jpg,Bodrex
image_1790.jpg,Bodrex
image_1791.jpeg,Bodrex
image_1792.jpg,Bodrex
image_1793.jpg,Bodrex
image_1794.jpg,Bodrex
image_1795.jpg,Bodrex
image_1796.jpg,Bodrex
image_1797.jpg,Bodrex
image_1798.jpg,Bodrex
image_1799.jpg,Bodrex
image_1800.jpg,Bodrex
image_1801.jpg,Bodrex
image_1802.jpg,Bodrex
image_1803.jpg,Bodrex
image_1804.jpg,Bodrex
image_1805.png,Bodrexin
image_1806.png,Bodrexin
image_1807.jpg,Bodrexin
image_1808.png,Bodrexin
image_1809.jpg,Bodrexin
image_1810.JPG,Bodrexin
image_1811.png,Bodrexin
image_1812.png,Bodrexin
image_1813.png,Bodrexin
image_1814.png,Bodrexin
image_1815.jpg,Bodrexin
image_1816.png,Bodrexin
image_1817.png,Bodrexin
image_1818.jpeg,Bodrexin
image_1819.jpg,Bodrexin
image_1820.png,Bodrexin
image_1821.png,Bodrexin
image_1822.png,Bodrexin
image_1823.jpg,Bodrexin
image_1824.jpg,Bodrexin
image_1825.jpeg,Bodrexin
image_1826.jpg,Bodrexin
image_1827.jpg,Bodrexin
image_1828.jpg,Bodrexin
image_1829.png,Bodrexin
image_1830.jpg,Bodrexin
image_1831.jpg,Bodrexin
image_1832.jpg,Bodrexin
image_1833.png,Bodrexin
image_1834.jpg,Bodrexin
image_1835.jpg,Bodrexin
image_1836.jpg,Bodrexin
image_1837.jpg,Bodrexin
image_1838.jpg,Bodrexin
image_1839.png,Bodrexin
image_1840.png,Bodrexin
image_1841.png,Bodrexin
image_1842.jpg,Bodrexin
image_1843.jpeg,Bodrexin
image_1844.png,Bodrexin
image_1845.jpg,Bodrexin
image_1846.jpg,Bodrexin
image_1847.png,Bodrexin
image_1848.jpg,Bodrexin
image_1849.jpg,Bodrexin
image_1850.jpg,Bodrexin
image_1851.jpg,Bodrexin
image_1852.jpg,Bodrexin
image_1853.jpg,Bodrexin
image_1854.jpg,Bodrexin
image_1855.jpg,Bodrexin
image_1856.jpg,Bodrexin
image_1857.jpg,Bodrexin
image_1858.jpg,Bodrexin
image_1859.jpg,Bodrexin
image_1860.jpg,Bodrexin
image_1861.png,Bodrexin
image_1862.jpg,Bodrexin
image_1863.jpg,Bodrexin
image_1864.jpg,Bodrexin
image_1865.png,Bodrexin
image_1866.jpg,Bodrexin
image_1867.jpeg,Bodrexin
image_1868.png,Bodrexin
image_1869.jpg,Bodrexin
image_1870.png,Bodrexin
image_1871.JPG,Bodrexin
image_1872.jpg,Bodrexin
image_1873.jpg,Bodrexin
image_1874.jpg,Bodrexin
image_1875.JPG,Bodrexin
image_1876.gif,Bodrexin
image_1877.jpeg,Bromelain
image_1878.jpg,Bromelain
image_1879.jpg,Bromelain
image_1880.jpg,Bromelain
image_1881.jpg,Bromelain
image_1882.jpg,Bromelain
image_1883.png,Bromelain
image_1884.jpg,Bromelain
image_1885.jpg,Bromelain
image_1886.jpg,Bromelain
image_1887.jpg,Bromelain
image_1888.jpg,Bromelain
image_1889.jpg,Bromelain
image_1890.jpg,Bromelain
image_1891.jpg,Bromelain
image_1892.jpg,Bromelain
image_1893.jpg,Bromelain
image_1894.jpg,Bromelain
image_1895.jpg,Bromelain
image_1896.jpg,Bromelain
image_1897.jpg,Bromelain
image_1898.jpg,Bromelain
image_1899.jpg,Bromelain
image_1900.png,Bromelain
image_1901.jpg,Bromelain
image_1902.jpg,Bromelain
image_1903.jpg,Bromelain
image_1904.jpg,Bromelain
image_1905.jpg,Bromelain
image_1906.jpg,Bromelain
image_1907.png,Bromelain
image_1908.png,Bromelain
image_1909.jpg,Bromelain
image_1910.jpg,Bromelain
image_1911.jpg,Bromelain
image_1912.jpg,Bromelain
image_1913.jpg,Bromelain
image_1914.jpg,Bromelain
image_1915.jpg,Bromelain
image_1916.jpg,Bromelain
image_1917.jpg,Bromelain
image_1918.jpg,Bromelain
image_1919.jpeg,Bromelain
image_1920.jpg,Bromelain
image_1921.jpg,Bromelain
image_1922.png,Bromelain
image_1923.jpg,Bromelain
image_1924.jpg,Bromelain
image_1925.jpg,Bromelain
image_1926.jpg,Bromelain
image_1927.jpg,Bromelain
image_1928.png,Bromelain
image_1929.jpg,Bromelain
image_1930.png,Bromelain
image_1931.jpg,Bromelain
image_1932.jpg,Bromelain
image_1933.jpeg,Bromelain
image_1934.jpg,Bromelain
image_1935.jpg,Bromelain
image_1936.jpg,Bromelain
image_1937.jpg,Bromelain
image_1938.png,Bromelain
image_1939.jpg,Bromelain
image_1940.jpg,Bromelain
image_1941.jpg,Bromelain
image_1942.jpg,Bromelain
image_1943.jpg,Bromelain
image_1944.jpg,Bromelain
image_1945.png,Bromelain
image_1946.jpg,Bromelain
image_1947.jpg,Bromelain
image_1948.jpg,Bromelain
image_1949.jpg,Buscopan
image_1950.jpg,Buscopan
image_1951.jpg,Buscopan
image_1952.jpg,Buscopan
image_1953.jpg,Buscopan
image_1954.jpg,Buscopan
image_1955.jpg,Buscopan
image_1956.jpg,Buscopan
image_1957.jpg,Buscopan
image_1958.jpg,Buscopan
image_1959.jpg,Buscopan
image_1960.jpg,Buscopan
image_1961.jpg,Buscopan
image_1962.jpg,Buscopan
image_1963.jpg,Buscopan
image_1964.jpg,Buscopan
image_1965.jpg,Buscopan
image_1966.jpg,Buscopan
image_1967.jpg,Buscopan
image_1968.jpg,Buscopan
image_1969.jpg,Buscopan
image_1970.jpg,Buscopan
image_1971.jpg,Buscopan
image_1972.jpg,Buscopan
image_1973.jpg,Buscopan
image_1974.jpg,Buscopan
image_1975.jpg,Buscopan
image_1976.jpg,Buscopan
image_1977.jpg,Buscopan
image_1978.JPG,Buscopan
image_1979.jpg,Buscopan
image_1980.jpg,Buscopan
image_1981.jpg,Buscopan
image_1982.png,Buscopan
image_1983.jpg,Buscopan
image_1984.jpg,Buscopan
image_1985.jpg,Buscopan
image_1986.jpg,Buscopan
image_1987.jpg,Buscopan
image_1988.jpg,Buscopan
image_1989.jpg,Buscopan
image_1990.jpg,Buscopan
image_1991.jpg,Buscopan
image_1992.jpg,Buscopan
image_1993.jpg,Buscopan
image_1994.jpg,Buscopan
image_1995.jpg,Buscopan
image_1996.jpg,Buscopan
image_1997.jpg,Buscopan
image_1998.jpg,Buscopan
image_1999.jpg,Buscopan
image_2000.jpg,Buscopan
image_2001.jpg,Buscopan
image_2002.jpg,Buscopan
image_2003.jpg,Buscopan
image_2004.jpg,Buscopan
image_2005.jpg,Buscopan
image_2006.jpg,Buscopan
image_2007.jpg,Buscopan
image_2008.jpg,Buscopan
image_2009.jpg,Buscopan
image_2010.jpg,Buscopan
image_2011.jpg,Buscopan
image_2012.jpg,Buscopan
image_2013.jpg,Buscopan
image_2014.jpg,Buscopan
image_2015.png,Buscopan
image_2016.jpeg,Buscopan
image_2017.jpg,Buscopan
image_2018.jpg,Buscopan
image_2019.jpg,Buscopan
image_2020.png,Buscopan
image_2021.jpg,Buscopan
image_2022.jpg,Buscopan
image_2023.jpg,Buscopan
image_2024.jpg,Buscopan
image_2025.jpg,Buscopan
image_2026.jpg,Buscopan
image_2027.jpg,Buscopan
image_2028.jpg,Buscopan
image_2029.jpg,Buscopan
image_2030.jpg,Buscopan
image_2031.jpg,Buscopan
image_2032.jpg,Buscopan
image_2033.jpg,Buscopan
image_2034.jpg,Buscopan
image_2035.jpg,Buscopan
image_2036.jpg,Buscopan
image_2037.jpg,Buscopan
image_2038.jpg,Buscopan
image_2039.jpg,Caladine Lotion
image_2040.JPG,Caladine Lotion
image_2041.jpg,Caladine Lotion
image_2042.jpg,Caladine Lotion
image_2043.jpeg,Caladine Lotion
image_2044.jpg,Caladine Lotion
image_2045.jpg,Caladine Lotion
image_2046.jpg,Caladine Lotion
image_2047.jpg,Caladine Lotion
image_2048.jpg,Caladine Lotion
image_2049.jpg,Caladine Lotion
image_2050.jpg,Caladine Lotion
image_2051.jpg,Caladine Lotion
image_2052.jpeg,Caladine Lotion
image_2053.jpg,Caladine Lotion
image_2054.jpg,Caladine Lotion
image_2055.jpg,Caladine Lotion
image_2056.jpg,Caladine Lotion
image_2057.jpg,Caladine Lotion
image_2058.jpg,Caladine Lotion
image_2059.jpg,Caladine Lotion
image_2060.jpg,Caladine Lotion
image_2061.jpg,Caladine Lotion
image_2062.jpg,Caladine Lotion
image_2063.jpg,Caladine Lotion
image_2064.jpg,Caladine Lotion
image_2065.jpg,Caladine Lotion
image_2066.jpg,Caladine Lotion
image_2067.png,Caladine Lotion
image_2068.png,Caladine Lotion
image_2069.jpg,Caladine Lotion
image_2070.jpg,Caladine Lotion
image_2071.jpg,Caladine Lotion
image_2072.jpg,Caladine Lotion
image_2073.jpg,Caladine Lotion
image_2074.jpg,Caladine Lotion
image_2075.jpg,Caladine Lotion
image_2076.jpg,Caladine Lotion
image_2077.jpeg,Caladine Lotion
image_2078.jpg,Caladine Lotion
image_2079.jpeg,Caladine Lotion
image_2080.jpg,Caladine Lotion
image_2081.jpg,Caladine Lotion
image_2082.jpg,Caladine Lotion
image_2083.jpg,Caladine Lotion
image_2084.jpg,Caladine Lotion
image_2085.jpg,Caladine Lotion
image_2086.jpg,Caladine Lotion
image_2087.jpg,Caladine Lotion
image_2088.jpeg,Caladine Lotion
image_2089.jpg,Caladine Lotion
image_2090.jpg,Caladine Lotion
image_2091.jpg,Caladine Lotion
image_2092.jpg,Caladine Lotion
image_2093.jpg,Caladine Lotion
image_2094.jpg,Caladine Lotion
image_2095.png,Caladine Lotion
image_2096.jpg,Caladine Lotion
image_2097.jpg,Caladine Lotion
image_2098.jpeg,Caladine Lotion
image_2099.JPG,Caladine Lotion
image_2100.jpg,Caladine Lotion
image_2101.jpg,Caladine Lotion
image_2102.jpg,Caladine Lotion
image_2103.png,Caladine Lotion
image_2104.png,Caladine Lotion
image_2105.jpg,Caladine Lotion
image_2106.jpg,Caladine Lotion
image_2107.jpg,Caladine Lotion
image_2108.jpg,Caladine Lotion
image_2109.jpg,Caladine Lotion
image_2110.jpg,Caladine Lotion
image_2111.jpg,Calamine
image_2112.jpg,Calamine
image_2113.jpg,Calamine
image_2114.jpg,Calamine
image_2115.jpg,Calamine
image_2116.jpg,Calamine
image_2117.jpg,Calamine
image_2118.jpg,Calamine
image_2119.jpeg,Calamine
image_2120.JPG,Calamine
image_2121.jpg,Calamine
image_2122.jpg,Calamine
image_2123.jpeg,Calamine
image_2124.jpg,Calamine
image_2125.jpg,Calamine
image_2126.jpg,Calamine
image_2127.jpg,Calamine
image_2128.jpg,Calamine
image_2129.jpg,Calamine
image_2130.png,Calamine
image_2131.jpg,Calamine
image_2132.jpg,Calamine
image_2133.jpg,Calamine
image_2134.jpg,Calamine
image_2135.jpg,Calamine
image_2136.jpg,Calamine
image_2137.jpg,Calamine
image_2138.jpg,Calamine
image_2139.jpg,Calamine
image_2140.jpg,Calamine
image_2141.jpg,Calamine
image_2142.jpg,Calamine
image_2143.jpg,Calamine
image_2144.jpg,Calamine
image_2145.jpg,Calamine
image_2146.jpg,Calamine
image_2147.jpg,Calamine
image_2148.jpg,Calamine
image_2149.jpg,Calamine
image_2150.jpg,Calamine
image_2151.jpg,Calamine
image_2152.jpg,Calamine
image_2153.jpg,Calamine
image_2154.jpg,Calamine
image_2155.jpg,Calamine
image_2156.jpg,Calamine
image_2157.jpg,Calamine
image_2158.jpg,Calamine
image_2159.jpg,Calamine
image_2160.jpg,Calamine
image_2161.JPG,Calamine
image_2162.jpg,Calamine
image_2163.jpg,Calamine
image_2164.jpg,Calamine
image_2165.jpg,Calamine
image_2166.jpg,Calamine
image_2167.jpg,Calamine
image_2168.jpg,Calamine
image_2169.jpg,Calamine
image_2170.jpg,Calamine
image_2171.jpg,Calamine
image_2172.jpg,Calamine
image_2173.jpg,Calamine
image_2174.jpg,Calamine
image_2175.jpg,Calamine
image_2176.jpg,Calamine
image_2177.jpg,Calamine
image_2178.jpg,Calamine
image_2179.bmp,Calamine
image_2180.jpg,Calamine
image_2181.jpg,Calamine
image_2182.jpg,Calamine
image_2183.jpg,Calamine
image_2184.jpg,Calamine
image_2185.jpg,Calamine
image_2186.jpg,Calamine
image_2187.jpg,Calcium D Redoxon
image_2188.jpg,Calcium D Redoxon
image_2189.png,Calcium D Redoxon
image_2190.jpg,Calcium D Redoxon
image_2191.jpg,Calcium D Redoxon
image_2192.jpg,Calcium D Redoxon
image_2193.jpg,Calcium D Redoxon
image_2194.jpg,Calcium D Redoxon
image_2195.jpg,Calcium D Redoxon
image_2196.jpg,Calcium D Redoxon
image_2197.jpg,Calcium D Redoxon
image_2198.jpg,Calcium D Redoxon
image_2199.jpg,Calcium D Redoxon
image_2200.jpg,Calcium D Redoxon
image_2201.jpg,Calcium D Redoxon
image_2202.jpg,Calcium D Redoxon
image_2203.jpg,Calcium D Redoxon
image_2204.jpg,Calcium D Redoxon
image_2205.jpg,Calcium D Redoxon
image_2206.jpg,Calcium D Redoxon
image_2207.jpg,Calcium D Redoxon
image_2208.jpg,Calcium D Redoxon
image_2209.jpg,Calcium D Redoxon
image_2210.jpg,Calcium D Redoxon
image_2211.jpg,Calcium D Redoxon
image_2212.jpg,Calcium D Redoxon
image_2213.jpg,Calcium D Redoxon
image_2214.jpg,Calcium D Redoxon
image_2215.jpg,Calcium D Redoxon
image_2216.jpg,Calcium D Redoxon
image_2217.jpeg,Calcium D Redoxon
image_2218.jpg,Calcium D Redoxon
image_2219.jpg,Calcium D Redoxon
image_2220.jpg,Calcium D Redoxon
image_2221.jpg,Calcium D Redoxon
image_2222.jpg,Calcium D Redoxon
image_2223.jpg,Calcium D Redoxon
image_2224.jpeg,Calcium D Redoxon
image_2225.jpg,Calcium D Redoxon
image_2226.jpg,Calcium D Redoxon
image_2227.png,Calcium D Redoxon
image_2228.jpg,Calcium D Redoxon
image_2229.jpg,Calcium D Redoxon
image_2230.jpg,Calcium D Redoxon
image_2231.jpg,Calcium D Redoxon
image_2232.jpg,Calcium D Redoxon
image_2233.jpg,Calcium D Redoxon
image_2234.jpg,Calcium D Redoxon
image_2235.jpg,Calcium D Redoxon
image_2236.jpg,Calcium D Redoxon
image_2237.jpg,Calcium D Redoxon
image_2238.jpeg,Calcium D Redoxon
image_2239.jpg,Calcium D Redoxon
image_2240.jpg,Calcium D Redoxon
image_2241.jpg,Calcium D Redoxon
image_2242.jpg,Calcium D Redoxon
image_2243.jpg,Calcium D Redoxon
image_2244.jpg,Calcium D Redoxon
image_2245.jpg,Calcium D Redoxon
image_2246.jpg,Calcium D Redoxon
image_2247.jpg,Calcium D Redoxon
image_2248.jpg,Calcium D Redoxon
image_2249.jpg,Calcium D Redoxon
image_2250.jpg,Calcium D Redoxon
image_2251.jpg,Calcium D Redoxon
image_2252.jpg,Calcium D Redoxon
image_2253.JPG,Calcium D Redoxon
image_2254.jpg,Calcium D Redoxon
image_2255.jpg,Calcium D Redoxon
image_2256.jpg,Calcium D Redoxon
image_2257.png,Calcium D Redoxon
image_2258.jpg,Calcium D Redoxon
image_2259.jpg,Calcium D Redoxon
image_2260.jpg,Calcium D Redoxon
image_2261.jpg,Calcium D Redoxon
image_2262.jpg,Calcium D Redoxon
image_2263.jpg,Calcium D Redoxon
image_2264.jpeg,Calcium D Redoxon
image_2265.jpg,Calcium D Redoxon
image_2266.jpg,Calcium D Redoxon
image_2267.jpg,Calcium D Redoxon
image_2268.jpeg,Calcium D Redoxon
image_2269.jpg,Calcium D Redoxon
image_2270.jpg,Calcium D Redoxon
image_2271.jpeg,Calcium D Redoxon
image_2272.jpg,Calcium D Redoxon
image_2273.jpg,Calcium D Redoxon
image_2274.jpg,Calcium D Redoxon
image_2275.jpg,Calcium D Redoxon
image_2276.jpg,Calcium D Redoxon
image_2277.jpg,Callusol
image_2278.jpg,Callusol
image_2279.jpg,Callusol
image_2280.jpg,Callusol
image_2281.jpg,Callusol
image_2282.jpg,Callusol
image_2283.jpg,Callusol
image_2284.jpg,Callusol
image_2285.jpg,Callusol
image_2286.jpg,Callusol
image_2287.jpg,Callusol
image_2288.JPG,Callusol
image_2289.jpg,Callusol
image_2290.jpg,Callusol
image_2291.jpg,Callusol
image_2292.jpg,Callusol
image_2293.jpg,Callusol
image_2294.jpg,Callusol
image_2295.jpg,Callusol
image_2296.jpeg,Callusol
image_2297.jpg,Callusol
image_2298.jpg,Callusol
image_2299.jpg,Callusol
image_2300.jpg,Callusol
image_2301.jpg,Callusol
image_2302.jpg,Callusol
image_2303.jpg,Callusol
image_2304.jpg,Callusol
image_2305.jpg,Callusol
image_2306.jpg,Callusol
image_2307.jpg,Callusol
image_2308.jpg,Callusol
image_2309.jpg,Callusol
image_2310.jpg,Callusol
image_2311.jpg,Callusol
image_2312.jpg,Callusol
image_2313.jpg,Callusol
image_2314.jpg,Callusol
image_2315.jpg,Callusol
image_2316.jpg,Callusol
image_2317.jpg,Callusol
image_2318.jpg,Callusol
image_2319.jpg,Callusol
image_2320.jpg,Callusol
image_2321.jpg,Callusol
image_2322.jpg,Callusol
image_2323.jpg,Callusol
image_2324.jpg,Callusol
image_2325.jpg,Callusol
image_2326.jpg,Callusol
image_2327.jpg,Callusol
image_2328.jpg,Callusol
image_2329.jpeg,Callusol
image_2330.jpg,Callusol
image_2331.jpg,Callusol
image_2332.jpeg,Callusol
image_2333.jpg,Callusol
image_2334.jpg,Callusol
image_2335.jpg,Callusol
image_2336.jpg,Callusol
image_2337.jpg,Callusol
image_2338.jpg,Callusol
image_2339.jpg,Callusol
image_2340.jpg,Callusol
image_2341.jpg,Callusol
image_2342.jpg,Callusol
image_2343.jpg,Callusol
image_2344.jpg,Callusol
image_2345.jpg,Canesten
image_2346.jpg,Canesten
image_2347.JPG,Canesten
image_2348.jpg,Canesten
image_2349.jpg,Canesten
image_2350.jpg,Canesten
image_2351.jpg,Canesten
image_2352.jpg,Canesten
image_2353.jpg,Canesten
image_2354.jpg,Canesten
image_2355.jpg,Canesten
image_2356.jpg,Canesten
image_2357.jpg,Canesten
image_2358.JPG,Canesten
image_2359.jpg,Canesten
image_2360.jpg,Canesten
image_2361.jpg,Canesten
image_2362.jpeg,Canesten
image_2363.jpg,Canesten
image_2364.jpg,Canesten
image_2365.jpeg,Canesten
image_2366.jpg,Canesten
image_2367.jpg,Canesten
image_2368.jpg,Canesten
image_2369.png,Canesten
image_2370.jpg,Canesten
image_2371.jpg,Canesten
image_2372.jpg,Canesten
image_2373.jpg,Canesten
image_2374.jpg,Canesten
image_2375.jpg,Canesten
image_2376.png,Canesten
image_2377.jpg,Canesten
image_2378.jpg,Canesten
image_2379.jpg,Canesten
image_2380.jpg,Canesten
image_2381.jpg,Canesten
image_2382.jpg,Canesten
image_2383.jpg,Canesten
image_2384.jpg,Canesten
image_2385.jpg,Canesten
image_2386.jpg,Canesten
image_2387.jpg,Canesten
image_2388.jpg,Canesten
image_2389.jpg,Canesten
image_2390.jpg,Canesten
image_2391.jpg,Canesten
image_2392.jpg,Canesten
image_2393.jpg,Canesten
image_2394.jpg,Canesten
image_2395.jpg,Canesten
image_2396.jpg,Canesten
image_2397.jpg,Canesten
image_2398.jpg,Canesten
image_2399.jpg,Canesten
image_2400.jpg,Canesten
image_2401.jpg,Canesten
image_2402.jpg,Canesten
image_2403.jpg,Canesten
image_2404.png,Canesten
image_2405.png,Canesten
image_2406.jpg,Canesten
image_2407.jpg,Canesten
image_2408.jpg,Canesten
image_2409.jpg,Canesten
image_2410.jpg,Canesten
image_2411.jpg,Canesten
image_2412.jpg,Canesten
image_2413.JPG,Canesten
image_2414.jpg,Canesten
image_2415.jpg,Canesten
image_2416.jpg,Canesten
image_2417.jpg,Canesten
image_2418.jpg,Canesten
image_2419.jpg,Canesten
image_2420.jpg,Canesten
image_2421.jpg,Canesten
image_2422.jpg,Canesten
image_2423.jpg,Canesten
image_2424.jpg,Canesten
image_2425.jpg,Canesten
image_2426.jpg,Canesten
image_2427.jpg,Canesten
image_2428.jpg,Canesten
image_2429.jpg,Canesten
image_2430.jpg,Canesten
image_2431.jpg,Canesten
image_2432.jpg,Canesten
image_2433.jpg,Canesten
image_2434.jpg,Canesten
image_2435.jpg,Carbimazole
image_2436.jpg,Carbimazole
image_2437.jpg,Carbimazole
image_2438.jpg,Carbimazole
image_2439.jpg,Carbimazole
image_2440.jpg,Carbimazole
image_2441.jpg,Carbimazole
image_2442.jpg,Carbimazole
image_2443.jpg,Carbimazole
image_2444.jpg,Carbimazole
image_2445.jpg,Carbimazole
image_2446.jpg,Carbimazole
image_2447.jpg,Carbimazole
image_2448.png,Carbimazole
image_2449.JPG,Carbimazole
image_2450.jpg,Carbimazole
image_2451.jpg,Carbimazole
image_2452.jpeg,Carbimazole
image_2453.jpg,Carbimazole
image_2454.jpg,Carbimazole
image_2455.jpg,Carbimazole
image_2456.jpg,Carbimazole
image_2457.png,Carbimazole
image_2458.jpg,Carbimazole
image_2459.jpg,Carbimazole
image_2460.jpg,Carbimazole
image_2461.jpg,Carbimazole
image_2462.jpg,Carbimazole
image_2463.jpg,Carbimazole
image_2464.jpg,Carbimazole
image_2465.jpg,Carbimazole
image_2466.jpg,Carbimazole
image_2467.jpg,Carbimazole
image_2468.jpg,Carbimazole
image_2469.jpg,Carbimazole
image_2470.jpeg,Carbimazole
image_2471.jpg,Carbimazole
image_2472.jpg,Carbimazole
image_2473.jpg,Carbimazole
image_2474.jpg,Carbimazole
image_2475.jpg,Carbimazole
image_2476.jpg,Carbimazole
image_2477.jpg,Carbimazole
image_2478.jpg,Carbimazole
image_2479.jpg,Carbimazole
image_2480.png,Carbimazole
image_2481.jpg,Carbimazole
image_2482.jpg,Carbimazole
image_2483.jpg,Carbimazole
image_2484.jpg,Carbimazole
image_2485.png,Carbimazole
image_2486.JPG,Carbimazole
image_2487.jpg,Carbimazole
image_2488.jpg,Carbimazole
image_2489.jpg,Carbimazole
image_2490.jpg,Carbimazole
image_2491.png,Carbimazole
image_2492.jpg,Carbimazole
image_2493.png,Carbimazole
image_2494.jpg,Carbimazole
image_2495.jpg,Carbimazole
image_2496.jpg,Carbimazole
image_2497.jpg,Carbimazole
image_2498.png,Carbimazole
image_2499.jpg,Carbimazole
image_2500.png,Carbimazole
image_2501.jpg,Carbimazole
image_2502.jpg,Carbimazole
image_2503.png,Carbimazole
image_2504.jpg,Carboplatin
image_2505.jpg,Carboplatin
image_2506.png,Carboplatin
image_2507.jpg,Carboplatin
image_2508.png,Carboplatin
image_2509.jpg,Carboplatin
image_2510.jpg,Carboplatin
image_2511.jpg,Carboplatin
image_2512.gif,Carboplatin
image_2513.jpg,Carboplatin
image_2514.jpg,Carboplatin
image_2515.jpg,Carboplatin
image_2516.jpg,Carboplatin
image_2517.jpg,Carboplatin
image_2518.jpg,Carboplatin
image_2519.jpg,Carboplatin
image_2520.jpg,Carboplatin
image_2521.jpg,Carboplatin
image_2522.jpg,Carboplatin
image_2523.jpg,Carboplatin
image_2524.jpg,Carboplatin
image_2525.jpg,Carboplatin
image_2526.jpg,Carboplatin
image_2527.jpg,Carboplatin
image_2528.jpg,Carboplatin
image_2529.jpg,Carboplatin
image_2530.png,Carboplatin
image_2531.jpg,Carboplatin
image_2532.jpg,Carboplatin
image_2533.jpg,Carboplatin
image_2534.jpg,Carboplatin
image_2535.jpg,Carboplatin
image_2536.jpeg,Carboplatin
image_2537.jpeg,Carboplatin
image_2538.jpg,Carboplatin
image_2539.jpeg,Carboplatin
image_2540.jpg,Carboplatin
image_2541.PNG,Carboplatin
image_2542.jpg,Carboplatin
image_2543.jpg,Carboplatin
image_2544.jpg,Carboplatin
image_2545.jpg,Carboplatin
image_2546.jpg,Carboplatin
image_2547.jpg,Carboplatin
image_2548.jpeg,Carboplatin
image_2549.jpg,Carboplatin
image_2550.jpg,Carboplatin
image_2551.jpg,Carboplatin
image_2552.png,Carboplatin
image_2553.jpg,Carboplatin
image_2554.jpg,Carboplatin
image_2555.jpg,Carboplatin
image_2556.gif,Carboplatin
image_2557.gif,Carboplatin
image_2558.gif,Carboplatin
image_2559.jpg,Carboplatin
image_2560.jpg,Carboplatin
image_2561.jpg,Carboplatin
image_2562.jpg,Carboplatin
image_2563.png,Carboplatin
image_2564.JPG,Carboplatin
image_2565.jpg,Carboplatin
image_2566.jpg,Carboplatin
image_2567.jpg,Carboplatin
image_2568.jpg,Carboplatin
image_2569.jpg,Carboplatin
image_2570.jpg,Carboplatin
image_2571.jpg,Carboplatin
image_2572.jpg,Carboplatin
image_2573.jpg,Carboplatin
image_2574.jpg,Carboplatin
image_2575.jpg,Cataflam
image_2576.jpg,Cataflam
image_2577.jpg,Cataflam
image_2578.jpg,Cataflam
image_2579.jpg,Cataflam
image_2580.jpg,Cataflam
image_2581.jpg,Cataflam
image_2582.jpg,Cataflam
image_2583.jpg,Cataflam
image_2584.jpg,Cataflam
image_2585.png,Cataflam
image_2586.jpg,Cataflam
image_2587.jpg,Cataflam
image_2588.JPG,Cataflam
image_2589.jpg,Cataflam
image_2590.jpg,Cataflam
image_2591.jpg,Cataflam
image_2592.jpg,Cataflam
image_2593.jpg,Cataflam
image_2594.jpg,Cataflam
image_2595.jpg,Cataflam
image_2596.jpeg,Cataflam
image_2597.jpg,Cataflam
image_2598.jpg,Cataflam
image_2599.jpg,Cataflam
image_2600.jpg,Cataflam
image_2601.jpg,Cataflam
image_2602.jpg,Cataflam
image_2603.jpg,Cataflam
image_2604.png,Cataflam
image_2605.jpeg,Cataflam
image_2606.jpg,Cataflam
image_2607.jpg,Cataflam
image_2608.jpg,Cataflam
image_2609.jpg,Cataflam
image_2610.jpg,Cataflam
image_2611.JPG,Cataflam
image_2612.jpg,Cataflam
image_2613.jpg,Cataflam
image_2614.jpg,Cataflam
image_2615.jpg,Cataflam
image_2616.jpg,Cataflam
image_2617.png,Cataflam
image_2618.jpg,Cataflam
image_2619.jpg,Cataflam
image_2620.jpg,Cataflam
image_2621.jpg,Cataflam
image_2622.jpg,Cataflam
image_2623.png,Cataflam
image_2624.jpg,Cataflam
image_2625.jpg,Cataflam
image_2626.jpg,Cataflam
image_2627.png,Cataflam
image_2628.jpg,Cataflam
image_2629.jpg,Cataflam
image_2630.png,Cataflam
image_2631.jpg,Cataflam
image_2632.jpg,Cataflam
image_2633.jpg,Cataflam
image_2634.jpg,Cataflam
image_2635.png,Cataflam
image_2636.jpg,Cataflam
image_2637.jpg,Cataflam
image_2638.jpg,Cataflam
image_2639.jpg,Cataflam
image_2640.jpg,Cataflam
image_2641.jpg,Cataflam
image_2642.jpg,Cataflam
image_2643.jpg,Cataflam
image_2644.jpg,Cataflam
image_2645.jpg,Cataflam
image_2646.jpg,Cataflam
image_2647.jpg,Cataflam
image_2648.jpg,Cataflam
image_2649.jpg,Cataflam
image_2650.jpg,Caviplex
image_2651.jpg,Caviplex
image_2652.jpg,Caviplex
image_2653.png,Caviplex
image_2654.jpg,Caviplex
image_2655.jpg,Caviplex
image_2656.jpg,Caviplex
image_2657.jpg,Caviplex
image_2658.jpg,Caviplex
image_2659.jpg,Caviplex
image_2660.png,Caviplex
image_2661.jpg,Caviplex
image_2662.jpg,Caviplex
image_2663.jpg,Caviplex
image_2664.jpg,Caviplex
image_2665.jpg,Caviplex
image_2666.jpg,Caviplex
image_2667.jpg,Caviplex
image_2668.jpg,Caviplex
image_2669.jpg,Caviplex
image_2670.jpg,Caviplex
image_2671.jpg,Caviplex
image_2672.jpg,Caviplex
image_2673.jpg,Caviplex
image_2674.jpg,Caviplex
image_2675.jpg,Caviplex
image_2676.JPG,Caviplex
image_2677.jpg,Caviplex
image_2678.jpg,Caviplex
image_2679.jpg,Caviplex
image_2680.jpg,Caviplex
image_2681.jpg,Caviplex
image_2682.jpg,Caviplex
image_2683.jpg,Caviplex
image_2684.jpg,Caviplex
image_2685.jpg,Caviplex
image_2686.jpg,Caviplex
image_2687.jpg,Caviplex
image_2688.jpg,Caviplex
image_2689.png,Caviplex
image_2690.jpg,Caviplex
image_2691.jpg,Caviplex
image_2692.jpg,Caviplex
image_2693.jpg,Caviplex
image_2694.jpg,Caviplex
image_2695.jpg,Caviplex
image_2696.jpg,Caviplex
image_2697.jpg,Caviplex
image_2698.jpg,Caviplex
image_2699.jpg,Caviplex
image_2700.jpg,Caviplex
image_2701.jpg,Caviplex
image_2702.jpg,Caviplex
image_2703.jpg,Caviplex
image_2704.jpg,Caviplex
image_2705.jpg,Caviplex
image_2706.jpg,Caviplex
image_2707.jpg,Caviplex
image_2708.png,Caviplex
image_2709.jpg,Caviplex
image_2710.jpg,Caviplex
image_2711.jpg,Caviplex
image_2712.jpg,Caviplex
image_2713.jpg,Caviplex
image_2714.jpg,Caviplex
image_2715.jpg,Caviplex
image_2716.jpg,Caviplex
image_2717.jpg,Caviplex
image_2718.jpeg,Caviplex
image_2719.jpg,Caviplex
image_2720.jpg,Caviplex
image_2721.jpg,Caviplex
image_2722.png,Caviplex
image_2723.jpg,Caviplex
image_2724.jpeg,Caviplex
image_2725.jpg,Caviplex
image_2726.jpg,Caviplex
image_2727.jpeg,Caviplex
image_2728.jpg,Caviplex
image_2729.jpg,Caviplex
image_2730.jpg,Caviplex
image_2731.jpg,Caviplex
image_2732.jpg,Caviplex
image_2733.jpeg,Caviplex
image_2734.jpg,Caviplex
image_2735.jpg,Caviplex
image_2736.jpg,Caviplex
image_2737.jpg,Caviplex
image_2738.jpg,Caviplex
image_2739.jpg,Caviplex
image_2740.jpg,Cendo Lyteers
image_2741.jpg,Cendo Lyteers
image_2742.jpg,Cendo Lyteers
image_2743.jpg,Cendo Lyteers
image_2744.jpg,Cendo Lyteers
image_2745.jpg,Cendo Lyteers
image_2746.jpg,Cendo Lyteers
image_2747.jpg,Cendo Lyteers
image_2748.jpg,Cendo Lyteers
image_2749.jpg,Cendo Lyteers
image_2750.jpg,Cendo Lyteers
image_2751.jpg,Cendo Lyteers
image_2752.jpeg,Cendo Lyteers
image_2753.jpg,Cendo Lyteers
image_2754.jpg,Cendo Lyteers
image_2755.jpg,Cendo Lyteers
image_2756.jpg,Cendo Lyteers
image_2757.jpg,Cendo Lyteers
image_2758.jpg,Cendo Lyteers
image_2759.jpg,Cendo Lyteers
image_2760.jpg,Cendo Lyteers
image_2761.jpg,Cendo Lyteers
image_2762.jpg,Cendo Lyteers
image_2763.jpg,Cendo Lyteers
image_2764.jpg,Cendo Lyteers
image_2765.jpg,Cendo Lyteers
image_2766.jpg,Cendo Lyteers
image_2767.jpg,Cendo Lyteers
image_2768.jpg,Cendo Lyteers
image_2769.jpg,Cendo Lyteers
image_2770.jpg,Cendo Lyteers
image_2771.jpeg,Cendo Lyteers
image_2772.jpg,Cendo Lyteers
image_2773.jpg,Cendo Lyteers
image_2774.jpg,Cendo Lyteers
image_2775.jpg,Cendo Lyteers
image_2776.jpg,Cendo Lyteers
image_2777.jpg,Cendo Lyteers
image_2778.jpg,Cendo Lyteers
image_2779.jpg,Cendo Lyteers
image_2780.jpg,Cendo Lyteers
image_2781.jpg,Cendo Lyteers
image_2782.jpg,Cendo Lyteers
image_2783.JPG,Cendo Lyteers
image_2784.jpg,Cendo Lyteers
image_2785.jpg,Cendo Lyteers
image_2786.jpeg,Cendo Lyteers
image_2787.jpg,Cendo Lyteers
image_2788.jpg,Cendo Lyteers
image_2789.jpg,Cendo Lyteers
image_2790.jpg,Cendo Lyteers
image_2791.jpg,Cendo Lyteers
image_2792.jpg,Cendo Lyteers
image_2793.jpg,Cendo Lyteers
image_2794.jpg,Cendo Lyteers
image_2795.jpg,Cendo Lyteers
image_2796.jpg,Cendo Lyteers
image_2797.jpg,Cendo Lyteers
image_2798.jpg,Cendo Lyteers
image_2799.jpg,Cendo Lyteers
image_2800.jpg,Cendo Lyteers
image_2801.jpg,Cendo Lyteers
image_2802.jpeg,Cendo Lyteers
image_2803.jpg,Cendo Lyteers
image_2804.jpg,Cendo Lyteers
image_2805.jpg,Cendo Lyteers
image_2806.png,Cendo Lyteers
image_2807.jpg,Cendo Lyteers
image_2808.jpg,Cendo Lyteers
image_2809.jpg,Cendo Lyteers
image_2810.jpg,Cendo Lyteers
image_2811.jpg,Cendo Lyteers
image_2812.jpg,Cendo Lyteers
image_2813.jpg,Cendo Lyteers
image_2814.jpg,Cendo Lyteers
image_2815.jpg,Cendo Lyteers
image_2816.jpg,Cendo Lyteers
image_2817.jpg,Cendo Lyteers
image_2818.jpeg,Cerebrovit
image_2819.jpg,Cerebrovit
image_2820.jpg,Cerebrovit
image_2821.jpg,Cerebrovit
image_2822.jpg,Cerebrovit
image_2823.jpg,Cerebrovit
image_2824.JPG,Cerebrovit
image_2825.JPG,Cerebrovit
image_2826.jpg,Cerebrovit
image_2827.jpg,Cerebrovit
image_2828.jpg,Cerebrovit
image_2829.jpg,Cerebrovit
image_2830.jpg,Cerebrovit
image_2831.jpg,Cerebrovit
image_2832.jpg,Cerebrovit
image_2833.jpeg,Cerebrovit
image_2834.jpg,Cerebrovit
image_2835.jpg,Cerebrovit
image_2836.jpg,Cerebrovit
image_2837.jpg,Cerebrovit
image_2838.png,Cerebrovit
image_2839.jpeg,Cerebrovit
image_2840.jpg,Cerebrovit
image_2841.jpg,Cerebrovit
image_2842.jpg,Cerebrovit
image_2843.jpg,Cerebrovit
image_2844.jpg,Cerebrovit
image_2845.jpg,Cerebrovit
image_2846.jpg,Cerebrovit
image_2847.jpg,Cerebrovit
image_2848.jpg,Cerebrovit
image_2849.png,Cerebrovit
image_2850.jpeg,Cerebrovit
image_2851.jpg,Cerebrovit
image_2852.jpg,Cerebrovit
image_2853.jpg,Cerebrovit
image_2854.jpg,Cerebrovit
image_2855.jpg,Cerebrovit
image_2856.jpg,Cerebrovit
image_2857.jpg,Cerebrovit
image_2858.jpg,Cerebrovit
image_2859.jpg,Cerebrovit
image_2860.jpg,Cerebrovit
image_2861.jpg,Cerebrovit
image_2862.jpg,Cerebrovit
image_2863.jpg,Cerebrovit
image_2864.jpg,Cerebrovit
image_2865.jpg,Cerebrovit
image_2866.jpg,Cerebrovit
image_2867.jpg,Cerebrovit
image_2868.jpg,Cerebrovit
image_2869.jpg,Cerebrovit
image_2870.jpg,Cerebrovit
image_2871.jpg,Cerebrovit
image_2872.jpg,Cerebrovit
image_2873.jpg,Cerebrovit
image_2874.jpg,Cerebrovit
image_2875.jpg,Cerebrovit
image_2876.jpg,Cerebrovit
image_2877.jpeg,Cerebrovit
image_2878.jpeg,Cerebrovit
image_2879.jpg,Cerebrovit
image_2880.jpg,Cerebrovit
image_2881.jpg,Cerebrovit
image_2882.jpg,Cerebrovit
image_2883.jpg,Cerebrovit
image_2884.jpg,Cerebrovit
image_2885.JPG,Cerebrovit
image_2886.jpg,Cerebrovit
image_2887.jpg,Clenbuterol
image_2888.jpg,Clenbuterol
image_2889.jpg,Clenbuterol
image_2890.jpg,Clenbuterol
image_2891.jpg,Clenbuterol
image_2892.jpg,Clenbuterol
image_2893.jpg,Clenbuterol
image_2894.jpg,Clenbuterol
image_2895.jpg,Clenbuterol
image_2896.jpg,Clenbuterol
image_2897.jpg,Clenbuterol
image_2898.jpg,Clenbuterol
image_2899.jpg,Clenbuterol
image_2900.jpg,Clenbuterol
image_2901.jpg,Clenbuterol
image_2902.jpg,Clenbuterol
image_2903.jpg,Clenbuterol
image_2904.jpg,Clenbuterol
image_2905.jpg,Clenbuterol
image_2906.jpg,Clenbuterol
image_2907.jpg,Clenbuterol
image_2908.jpeg,Clenbuterol
image_2909.jpg,Clenbuterol
image_2910.jpg,Clenbuterol
image_2911.png,Clenbuterol
image_2912.jpg,Clenbuterol
image_2913.jpg,Clenbuterol
image_2914.jpg,Clenbuterol
image_2915.png,Clenbuterol
image_2916.jpg,Clenbuterol
image_2917.jpg,Clenbuterol
image_2918.jpg,Clenbuterol
image_2919.jpg,Clenbuterol
image_2920.JPG,Clenbuterol
image_2921.jpg,Clenbuterol
image_2922.jpg,Clenbuterol
image_2923.jpg,Clenbuterol
image_2924.png,Clenbuterol
image_2925.jpg,Clenbuterol
image_2926.jpg,Clenbuterol
image_2927.jpg,Clenbuterol
image_2928.jpg,Clenbuterol
image_2929.jpg,Clenbuterol
image_2930.jpg,Clenbuterol
image_2931.jpg,Clenbuterol
image_2932.png,Clenbuterol
image_2933.jpg,Clenbuterol
image_2934.jpeg,Clenbuterol
image_2935.jpg,Clenbuterol
image_2936.jpg,Clenbuterol
image_2937.jpg,Clenbuterol
image_2938.png,Clenbuterol
image_2939.jpg,Clenbuterol
image_2940.jpg,Clenbuterol
image_2941.jpg,Clenbuterol
image_2942.jpg,Clenbuterol
image_2943.jpg,Clenbuterol
image_2944.jpg,Clenbuterol
image_2945.jpg,Clenbuterol
image_2946.jpg,Clenbuterol
image_2947.jpg,Clenbuterol
image_2948.jpg,Clobetasol
image_2949.JPG,Clobetasol
image_2950.jpg,Clobetasol
image_2951.jpg,Clobetasol
image_2952.jpg,Clobetasol
image_2953.jpg,Clobetasol
image_2954.jpg,Clobetasol
image_2955.jpg,Clobetasol
image_2956.jpeg,Clobetasol
image_2957.jpg,Clobetasol
image_2958.jpg,Clobetasol
image_2959.jpg,Clobetasol
image_2960.png,Clobetasol
image_2961.jpg,Clobetasol
image_2962.JPG,Clobetasol
image_2963.jpeg,Clobetasol
image_2964.jpg,Clobetasol
image_2965.jpg,Clobetasol
image_2966.jpg,Clobetasol
image_2967.jpg,Clobetasol
image_2968.JPG,Clobetasol
image_2969.jpg,Clobetasol
image_2970.jpg,Clobetasol
image_2971.jpg,Clobetasol
image_2972.png,Clobetasol
image_2973.JPG,Clobetasol
image_2974.jpg,Clobetasol
image_2975.jpg,Clobetasol
image_2976.jpg,Clobetasol
image_2977.jpg,Clobetasol
image_2978.jpg,Clobetasol
image_2979.jpg,Clobetasol
image_2980.jpg,Clobetasol
image_2981.JPG,Clobetasol
image_2982.jpg,Clobetasol
image_2983.jpg,Clobetasol
image_2984.png,Clobetasol
image_2985.png,Clobetasol
image_2986.jpg,Clobetasol
image_2987.jpg,Clobetasol
image_2988.jpg,Clobetasol
image_2989.png,Clobetasol
image_2990.jpg,Clobetasol
image_2991.jpg,Clobetasol
image_2992.jpg,Clobetasol
image_2993.jpeg,Clobetasol
image_2994.jpg,Clobetasol
image_2995.jpg,Clobetasol
image_2996.jpg,Clobetasol
image_2997.jpg,Clobetasol
image_2998.jpg,Clobetasol
image_2999.jpg,Clobetasol
image_3000.jpg,Clobetasol
image_3001.jpg,Clobetasol
image_3002.JPG,Clobetasol
image_3003.jpg,Clobetasol
image_3004.jpg,Clobetasol
image_3005.png,Clobetasol
image_3006.jpg,Clobetasol
image_3007.jpg,Clobetasol
image_3008.gif,Clobetasol
image_3009.jpg,Clobetasol
image_3010.jpg,Clotrimazole
image_3011.jpg,Clotrimazole
image_3012.jpg,Clotrimazole
image_3013.jpg,Clotrimazole
image_3014.png,Clotrimazole
image_3015.jpg,Clotrimazole
image_3016.jpg,Clotrimazole
image_3017.jpg,Clotrimazole
image_3018.jpg,Clotrimazole
image_3019.jpg,Clotrimazole
image_3020.jpg,Clotrimazole
image_3021.jpg,Clotrimazole
image_3022.jpg,Clotrimazole
image_3023.jpg,Clotrimazole
image_3024.jpg,Clotrimazole
image_3025.jpg,Clotrimazole
image_3026.jpg,Clotrimazole
image_3027.jpg,Clotrimazole
image_3028.jpg,Clotrimazole
image_3029.jpg,Clotrimazole
image_3030.jpg,Clotrimazole
image_3031.jpg,Clotrimazole
image_3032.jpg,Clotrimazole
image_3033.jpg,Clotrimazole
image_3034.jpg,Clotrimazole
image_3035.jpg,Clotrimazole
image_3036.JPG,Clotrimazole
image_3037.jpg,Clotrimazole
image_3038.jpg,Clotrimazole
image_3039.jpg,Clotrimazole
image_3040.jpg,Clotrimazole
image_3041.jpg,Clotrimazole
image_3042.jpg,Clotrimazole
image_3043.JPG,Clotrimazole
image_3044.gif,Clotrimazole
image_3045.jpg,Clotrimazole
image_3046.png,Clotrimazole
image_3047.jpg,Clotrimazole
image_3048.jpg,Clotrimazole
image_3049.JPG,Clotrimazole
image_3050.gif,Clotrimazole
image_3051.jpg,Clotrimazole
image_3052.JPG,Clotrimazole
image_3053.jpeg,Clotrimazole
image_3054.jpg,Clotrimazole
image_3055.jpg,Clotrimazole
image_3056.jpg,Clotrimazole
image_3057.JPG,Clotrimazole
image_3058.png,Clotrimazole
image_3059.jpg,Clotrimazole
image_3060.png,Clotrimazole
image_3061.jpg,Clotrimazole
image_3062.jpg,Clotrimazole
image_3063.png,Clotrimazole
image_3064.jpg,Clotrimazole
image_3065.jpg,Clotrimazole
image_3066.jpg,Clotrimazole
image_3067.jpg,Clotrimazole
image_3068.jpg,Clotrimazole
image_3069.jpg,Clotrimazole
image_3070.jpg,Clotrimazole
image_3071.jpg,Clotrimazole
image_3072.jpg,Clotrimazole
image_3073.jpg,Clotrimazole
image_3074.jpg,Clotrimazole
image_3075.jpg,Clotrimazole
image_3076.jpg,Clotrimazole
image_3077.png,Clotrimazole
image_3078.jpg,Clotrimazole
image_3079.jpg,Clotrimazole
image_3080.jpg,Clotrimazole
image_3081.jpg,Clotrimazole
image_3082.jpg,Clotrimazole
image_3083.png,Clotrimazole
image_3084.png,Codipront
image_3085.jpg,Codipront
image_3086.jpg,Codipront
image_3087.jpg,Codipront
image_3088.jpg,Codipront
image_3089.jpg,Codipront
image_3090.jpg,Codipront
image_3091.jpg,Codipront
image_3092.png,Codipront
image_3093.jpg,Codipront
image_3094.jpg,Codipront
image_3095.jpg,Codipront
image_3096.jpg,Codipront
image_3097.jpg,Codipront
image_3098.png,Codipront
image_3099.jpg,Codipront
image_3100.jpg,Codipront
image_3101.jpg,Codipront
image_3102.jpg,Codipront
image_3103.jpg,Codipront
image_3104.png,Codipront
image_3105.jpg,Codipront
image_3106.jpeg,Codipront
image_3107.jpg,Codipront
image_3108.jpg,Codipront
image_3109.jpg,Codipront
image_3110.jpg,Codipront
image_3111.jpg,Codipront
image_3112.jpg,Codipront
image_3113.jpg,Codipront
image_3114.jpg,Codipront
image_3115.jpg,Codipront
image_3116.jpg,Codipront
image_3117.png,Codipront
image_3118.jpg,Codipront
image_3119.jpg,Codipront
image_3120.jpg,Codipront
image_3121.jpg,Codipront
image_3122.jpg,Codipront
image_3123.jpg,Codipront
image_3124.jpg,Codipront
image_3125.JPG,Codipront
image_3126.jpg,Codipront
image_3127.jpg,Codipront
image_3128.jpg,Codipront
image_3129.jpg,Codipront
image_3130.jpg,Codipront
image_3131.jpg,Codipront
image_3132.jpg,Codipront
image_3133.jpg,Codipront
image_3134.png,Codipront
image_3135.jpg,Codipront
image_3136.png,Codipront
image_3137.jpg,Codipront
image_3138.jpg,Codipront
image_3139.jpg,Codipront
image_3140.jpg,Combantrin
image_3141.jpg,Combantrin
image_3142.jpg,Combantrin
image_3143.jpg,Combantrin
image_3144.jpg,Combantrin
image_3145.jpg,Combantrin
image_3146.jpg,Combantrin
image_3147.jpg,Combantrin
image_3148.jpg,Combantrin
image_3149.png,Combantrin
image_3150.jpg,Combantrin
image_3151.jpg,Combantrin
image_3152.jpg,Combantrin
image_3153.jpg,Combantrin
image_3154.jpg,Combantrin
image_3155.png,Combantrin
image_3156.jpg,Combantrin
image_3157.jpg,Combantrin
image_3158.jpg,Combantrin
image_3159.jpg,Combantrin
image_3160.png,Combantrin
image_3161.png,Combantrin
image_3162.jpg,Combantrin
image_3163.jpg,Combantrin
image_3164.jpg,Combantrin
image_3165.jpg,Combantrin
image_3166.jpg,Combantrin
image_3167.jpg,Combantrin
image_3168.jpg,Combantrin
image_3169.jpg,Combantrin
image_3170.jpg,Combantrin
image_3171.jpg,Combantrin
image_3172.jpg,Combantrin
image_3173.jpg,Combantrin
image_3174.png,Combantrin
image_3175.jpg,Combantrin
image_3176.png,Combantrin
image_3177.jpg,Combantrin
image_3178.jpg,Combantrin
image_3179.jpg,Combantrin
image_3180.jpg,Combantrin
image_3181.jpg,Combantrin
image_3182.png,Combantrin
image_3183.jpg,Combantrin
image_3184.jpg,Combantrin
image_3185.png,Combantrin
image_3186.jpg,Combantrin
image_3187.png,Combantrin
image_3188.jpg,Combantrin
image_3189.jpg,Combantrin
image_3190.jpg,Combantrin
image_3191.jpg,Combantrin
image_3192.jpg,Combantrin
image_3193.jpg,Combantrin
image_3194.jpg,Combantrin
image_3195.jpg,Combantrin
image_3196.jpg,Combantrin
image_3197.jpg,Combantrin
image_3198.jpg,Combantrin
image_3199.jpg,Combantrin
image_3200.jpg,Combantrin
image_3201.jpg,Combantrin
image_3202.jpg,Combantrin
image_3203.jpg,Combantrin
image_3204.jpg,Combantrin
image_3205.jpg,Combantrin
image_3206.jpg,Combantrin
image_3207.jpg,Combantrin
image_3208.jpg,Combantrin
image_3209.jpg,Combantrin
image_3210.JPG,Combantrin
image_3211.jpg,Combantrin
image_3212.jpg,Combantrin
image_3213.jpg,Combantrin
image_3214.jpg,Combantrin
image_3215.jpg,Combantrin
image_3216.jpg,Combantrin
image_3217.jpg,Combantrin
image_3218.jpg,Combantrin
image_3219.jpg,Combantrin
image_3220.jpg,Combantrin
image_3221.jpg,Combantrin
image_3222.png,Combantrin
image_3223.jpg,Combivent
image_3224.jpg,Combivent
image_3225.JPG,Combivent
image_3226.jpg,Combivent
image_3227.jpg,Combivent
image_3228.JPG,Combivent
image_3229.jpg,Combivent
image_3230.jpg,Combivent
image_3231.jpg,Combivent
image_3232.jpg,Combivent
image_3233.JPG,Combivent
image_3234.jpg,Combivent
image_3235.jpg,Combivent
image_3236.jpg,Combivent
image_3237.jpg,Combivent
image_3238.jpeg,Combivent
image_3239.jpg,Combivent
image_3240.jpg,Combivent
image_3241.jpg,Combivent
image_3242.jpg,Combivent
image_3243.jpg,Combivent
image_3244.jpg,Combivent
image_3245.jpg,Combivent
image_3246.jpg,Combivent
image_3247.jpg,Combivent
image_3248.jpg,Combivent
image_3249.jpeg,Combivent
image_3250.jpg,Combivent
image_3251.jpg,Combivent
image_3252.jpg,Combivent
image_3253.jpg,Combivent
image_3254.jpg,Combivent
image_3255.jpg,Combivent
image_3256.jpg,Combivent
image_3257.JPG,Combivent
image_3258.jpg,Combivent
image_3259.jpg,Combivent
image_3260.png,Combivent
image_3261.jpg,Combivent
image_3262.jpg,Combivent
image_3263.jpg,Combivent
image_3264.jpg,Combivent
image_3265.png,Combivent
image_3266.jpg,Combivent
image_3267.jpg,Combivent
image_3268.jpg,Combivent
image_3269.jpg,Combivent
image_3270.jpg,Combivent
image_3271.jpg,Combivent
image_3272.jpg,Combivent
image_3273.jpg,Combivent
image_3274.jpg,Combivent
image_3275.jpg,Combivent
image_3276.JPG,Counterpain
image_3277.jpg,Counterpain
image_3278.jpg,Counterpain
image_3279.jpg,Counterpain
image_3280.jpg,Counterpain
image_3281.jpg,Counterpain
image_3282.jpg,Counterpain
image_3283.jpg,Counterpain
image_3284.jpg,Counterpain
image_3285.jpg,Counterpain
image_3286.jpg,Counterpain
image_3287.jpg,Counterpain
image_3288.jpg,Counterpain
image_3289.jpg,Counterpain
image_3290.png,Counterpain
image_3291.png,Counterpain
image_3292.jpg,Counterpain
image_3293.jpg,Counterpain
image_3294.jpg,Counterpain
image_3295.jpg,Counterpain
image_3296.jpg,Counterpain
image_3297.jpg,Counterpain
image_3298.jpg,Counterpain
image_3299.png,Counterpain
image_3300.jpg,Counterpain
image_3301.jpg,Counterpain
image_3302.jpg,Counterpain
image_3303.jpg,Counterpain
image_3304.jpg,Counterpain
image_3305.jpg,Counterpain
image_3306.jpg,Counterpain
image_3307.jpg,Counterpain
image_3308.jpg,Counterpain
image_3309.jpg,Counterpain
image_3310.jpg,Counterpain
image_3311.jpg,Counterpain
image_3312.jpg,Counterpain
image_3313.jpg,Counterpain
image_3314.jpg,Counterpain
image_3315.jpg,Counterpain
image_3316.jpg,Counterpain
image_3317.jpg,Counterpain
image_3318.jpg,Counterpain
image_3319.jpg,Counterpain
image_3320.jpg,Counterpain
image_3321.jpg,Counterpain
image_3322.jpg,Counterpain
image_3323.jpg,Counterpain
image_3324.jpg,Counterpain
image_3325.jpg,Counterpain
image_3326.jpg,Counterpain
image_3327.JPG,Counterpain
image_3328.JPG,Counterpain
image_3329.jpg,Counterpain
image_3330.jpg,Counterpain
image_3331.jpg,Counterpain
image_3332.jpg,Counterpain
image_3333.png,Counterpain
image_3334.png,Counterpain
image_3335.jpg,Counterpain
image_3336.jpg,Counterpain
image_3337.jpg,Counterpain
image_3338.jpg,Counterpain
image_3339.jpg,Counterpain
image_3340.jpg,Counterpain
image_3341.jpg,Counterpain
image_3342.jpg,Counterpain
image_3343.jpg,Counterpain
image_3344.jpg,Counterpain
image_3345.jpg,Counterpain
image_3346.jpg,Counterpain
image_3347.jpg,Counterpain
image_3348.jpg,Counterpain
image_3349.jpg,Counterpain
image_3350.jpg,Counterpain
image_3351.png,Counterpain
image_3352.jpg,Counterpain
image_3353.jpg,Counterpain
image_3354.jpg,Counterpain
image_3355.jpg,Counterpain
image_3356.jpg,Counterpain
image_3357.jpg,Counterpain
image_3358.jpg,Counterpain
image_3359.jpg,Counterpain
image_3360.jpg,Counterpain
image_3361.jpg,Counterpain
image_3362.jpg,Counterpain
image_3363.jpg,Counterpain
image_3364.jpg,Counterpain
image_3365.JPG,Counterpain
image_3366.jpg,Crestor
image_3367.jpg,Crestor
image_3368.jpeg,Crestor
image_3369.jpg,Crestor
image_3370.jpg,Crestor
image_3371.jpg,Crestor
image_3372.jpg,Crestor
image_3373.jpg,Crestor
image_3374.jpg,Crestor
image_3375.jpg,Crestor
image_3376.jpg,Crestor
image_3377.jpg,Crestor
image_3378.jpg,Crestor
image_3379.jpeg,Crestor
image_3380.jpg,Crestor
image_3381.JPG,Crestor
image_3382.jpg,Crestor
image_3383.jpg,Crestor
image_3384.gif,Crestor
image_3385.png,Crestor
image_3386.jpeg,Crestor
image_3387.jpg,Crestor
image_3388.jpeg,Crestor
image_3389.jpg,Crestor
image_3390.jpg,Crestor
image_3391.jpg,Crestor
image_3392.jpg,Crestor
image_3393.JPG,Crestor
image_3394.jpg,Crestor
image_3395.jpg,Crestor
image_3396.jpg,Crestor
image_3397.jpg,Crestor
image_3398.png,Crestor
image_3399.jpg,Crestor
image_3400.jpg,Crestor
image_3401.jpg,Crestor
image_3402.jpg,Crestor
image_3403.jpg,Crestor
image_3404.jpeg,Crestor
image_3405.jpg,Crestor
image_3406.jpg,Crestor
image_3407.jpg,Crestor
image_3408.jpg,Crestor
image_3409.jpg,Crestor
image_3410.jpg,Crestor
image_3411.JPG,Crestor
image_3412.jpg,Crestor
image_3413.jpg,Crestor
image_3414.jpg,Crestor
image_3415.jpg,Crestor
image_3416.JPG,Crestor
image_3417.jpg,Crestor
image_3418.jpg,Crestor
image_3419.png,Crestor
image_3420.jpg,Crestor
image_3421.jpg,Crestor
image_3422.jpg,Crestor
image_3423.jpg,Crestor
image_3424.jpg,Crestor
image_3425.jpg,Crestor
image_3426.jpg,Crestor
image_3427.jpg,Crestor
image_3428.jpeg,Crestor
image_3429.jpg,Crestor
image_3430.jpg,Cytarabine
image_3431.jpg,Cytarabine
image_3432.jpg,Cytarabine
image_3433.jpg,Cytarabine
image_3434.jpg,Cytarabine
image_3435.jpg,Cytarabine
image_3436.jpg,Cytarabine
image_3437.jpg,Cytarabine
image_3438.jpg,Cytarabine
image_3439.jpg,Cytarabine
image_3440.jpg,Cytarabine
image_3441.jpg,Cytarabine
image_3442.jpg,Cytarabine
image_3443.gif,Cytarabine
image_3444.png,Cytarabine
image_3445.jpg,Cytarabine
image_3446.jpg,Cytarabine
image_3447.jpg,Cytarabine
image_3448.jpg,Cytarabine
image_3449.jpg,Cytarabine
image_3450.jpg,Cytarabine
image_3451.JPG,Cytarabine
image_3452.jpg,Cytarabine
image_3453.jpg,Cytarabine
image_3454.jpg,Cytarabine
image_3455.jpg,Cytarabine
image_3456.jpg,Cytarabine
image_3457.jpg,Cytarabine
image_3458.jpeg,Cytarabine
image_3459.jpg,Cytarabine
image_3460.jpg,Cytarabine
image_3461.jpg,Cytarabine
image_3462.jpg,Cytarabine
image_3463.jpg,Cytarabine
image_3464.jpg,Cytarabine
image_3465.png,Cytarabine
image_3466.jpg,Cytarabine
image_3467.jpg,Cytarabine
image_3468.jpg,Cytarabine
image_3469.jpg,Cytarabine
image_3470.jpg,Cytarabine
image_3471.jpg,Cytarabine
image_3472.JPG,Cytarabine
image_3473.jpeg,Cytarabine
image_3474.jpg,Cytarabine
image_3475.jpg,Cytarabine
image_3476.jpg,Cytarabine
image_3477.png,Cytarabine
image_3478.jpg,Cytarabine
image_3479.jpg,Cytarabine
image_3480.jpg,Cytarabine
image_3481.jpg,Cytarabine
image_3482.jpg,Cytarabine
image_3483.jpg,Cytarabine
image_3484.jpg,Cytarabine
image_3485.jpg,Cytarabine
image_3486.jpg,Cytarabine
image_3487.jpg,Cytarabine
image_3488.jpg,Cytarabine
image_3489.jpg,Cytarabine
image_3490.jpg,Cytarabine
image_3491.jpg,Cytarabine
image_3492.jpg,Cytarabine
image_3493.png,Daclatasvir
image_3494.jpeg,Daclatasvir
image_3495.png,Daclatasvir
image_3496.jpg,Daclatasvir
image_3497.jpg,Daclatasvir
image_3498.jpg,Daclatasvir
image_3499.jpg,Daclatasvir
image_3500.jpg,Daclatasvir
image_3501.jpg,Daclatasvir
image_3502.jpeg,Daclatasvir
image_3503.png,Daclatasvir
image_3504.jpg,Daclatasvir
image_3505.jpg,Daclatasvir
image_3506.jpg,Daclatasvir
image_3507.jpg,Daclatasvir
image_3508.jpeg,Daclatasvir
image_3509.jpg,Daclatasvir
image_3510.jpg,Daclatasvir
image_3511.jpg,Daclatasvir
image_3512.jpg,Daclatasvir
image_3513.jpg,Daclatasvir
image_3514.jpeg,Daclatasvir
image_3515.jpg,Daclatasvir
image_3516.jpeg,Daclatasvir
image_3517.jpg,Daclatasvir
image_3518.jpg,Daclatasvir
image_3519.jpg,Daclatasvir
image_3520.jpg,Daclatasvir
image_3521.jpg,Daclatasvir
image_3522.jpg,Daclatasvir
image_3523.jpeg,Daclatasvir
image_3524.jpg,Daclatasvir
image_3525.jpg,Daclatasvir
image_3526.jpg,Daclatasvir
image_3527.jpg,Daclatasvir
image_3528.jpeg,Daclatasvir
image_3529.jpg,Daclatasvir
image_3530.jpg,Daclatasvir
image_3531.jpg,Daclatasvir
image_3532.jpg,Daclatasvir
image_3533.png,Daclatasvir
image_3534.jpg,Daclatasvir
image_3535.jpg,Daclatasvir
image_3536.jpg,Daclatasvir
image_3537.png,Daclatasvir
image_3538.jpg,Daclatasvir
image_3539.jpg,Daclatasvir
image_3540.jpg,Daclatasvir
image_3541.jpg,Daclatasvir
image_3542.jpg,Daclatasvir
image_3543.jpg,Daclatasvir
image_3544.jpg,Daclatasvir
image_3545.jpg,Daclatasvir
image_3546.jpg,Daclatasvir
image_3547.jpeg,Daclatasvir
image_3548.jpg,Daclatasvir
image_3549.jpg,Daclatasvir
image_3550.jpg,Daclatasvir
image_3551.jpg,Daclatasvir
image_3552.jpg,Daclatasvir
image_3553.jpg,Daclatasvir
image_3554.jpg,Daclatasvir
image_3555.jpg,Daclatasvir
image_3556.png,Daclatasvir
image_3557.jpg,Daclatasvir
image_3558.jpg,Daclatasvir
image_3559.jpg,Daclatasvir
image_3560.jpg,Daclatasvir
image_3561.png,Daclatasvir
image_3562.jpg,Daclatasvir
image_3563.jpg,Daktarin
image_3564.jpg,Daktarin
image_3565.jpg,Daktarin
image_3566.jpg,Daktarin
image_3567.jpg,Daktarin
image_3568.jpg,Daktarin
image_3569.png,Daktarin
image_3570.jpg,Daktarin
image_3571.jpg,Daktarin
image_3572.jpg,Daktarin
image_3573.jpg,Daktarin
image_3574.jpg,Daktarin
image_3575.jpg,Daktarin
image_3576.jpg,Daktarin
image_3577.jpg,Daktarin
image_3578.jpg,Daktarin
image_3579.jpg,Daktarin
image_3580.jpeg,Daktarin
image_3581.jpg,Daktarin
image_3582.jpg,Daktarin
image_3583.jpeg,Daktarin
image_3584.jpg,Daktarin
image_3585.jpg,Daktarin
image_3586.jpg,Daktarin
image_3587.jpg,Daktarin
image_3588.jpg,Daktarin
image_3589.jpg,Daktarin
image_3590.jpg,Daktarin
image_3591.jpg,Daktarin
image_3592.jpg,Daktarin
image_3593.jpg,Daktarin
image_3594.jpg,Daktarin
image_3595.jpg,Daktarin
image_3596.jpg,Daktarin
image_3597.jpg,Daktarin
image_3598.jpg,Daktarin
image_3599.jpg,Daktarin
image_3600.jpg,Daktarin
image_3601.jpg,Daktarin
image_3602.jpg,Daktarin
image_3603.jpg,Daktarin
image_3604.jpg,Daktarin
image_3605.jpg,Daktarin
image_3606.jpg,Daktarin
image_3607.jpg,Daktarin
image_3608.jpg,Daktarin
image_3609.jpg,Daktarin
image_3610.jpg,Daktarin
image_3611.png,Daktarin
image_3612.jpg,Daktarin
image_3613.jpg,Daktarin
image_3614.jpg,Daktarin
image_3615.jpg,Daktarin
image_3616.jpg,Daktarin
image_3617.jpg,Daktarin
image_3618.jpg,Daktarin
image_3619.jpg,Daktarin
image_3620.jpg,Daktarin
image_3621.jpg,Daktarin
image_3622.jpg,Daktarin
image_3623.jpeg,Daktarin
image_3624.jpg,Daktarin
image_3625.jpg,Daktarin
image_3626.jpg,Daktarin
image_3627.jpg,Daktarin
image_3628.jpg,Daktarin
image_3629.jpg,Daktarin
image_3630.jpg,Daktarin
image_3631.png,Daktarin
image_3632.jpg,Daktarin
image_3633.jpg,Daktarin
image_3634.jpg,Daktarin
image_3635.jpg,Daktarin
image_3636.jpg,Daktarin
image_3637.png,Daktarin
image_3638.jpg,Daktarin
image_3639.jpg,Daktarin
image_3640.jpg,Daktarin
image_3641.jpg,Daktarin
image_3642.jpg,Daktarin
image_3643.jpg,Daktarin
image_3644.jpg,Daktarin
image_3645.jpg,Daktarin
image_3646.jpg,Daktarin
image_3647.jpeg,Daktarin
image_3648.jpg,Daktarin
image_3649.jpg,Decitabine
image_3650.jpg,Decitabine
image_3651.jpg,Decitabine
image_3652.jpg,Decitabine
image_3653.JPG,Decitabine
image_3654.jpg,Decitabine
image_3655.jpg,Decitabine
image_3656.jpg,Decitabine
image_3657.png,Decitabine
image_3658.jpg,Decitabine
image_3659.png,Decitabine
image_3660.jpg,Decitabine
image_3661.jpg,Decitabine
image_3662.jpg,Decitabine
image_3663.jpg,Decitabine
image_3664.png,Decitabine
image_3665.jpg,Decitabine
image_3666.jpg,Decitabine
image_3667.png,Decitabine
image_3668.jpeg,Decitabine
image_3669.jpg,Decitabine
image_3670.jpg,Decitabine
image_3671.jpg,Decitabine
image_3672.jpg,Decitabine
image_3673.jpg,Decitabine
image_3674.jpg,Decitabine
image_3675.jpg,Decitabine
image_3676.jpeg,Decitabine
image_3677.jpg,Decitabine
image_3678.jpg,Decitabine
image_3679.jpg,Decitabine
image_3680.png,Decitabine
image_3681.jpg,Decitabine
image_3682.jpg,Decitabine
image_3683.jpg,Decitabine
image_3684.jpg,Decitabine
image_3685.jpg,Decitabine
image_3686.jpg,Decitabine
image_3687.jpg,Decitabine
image_3688.jpg,Decitabine
image_3689.jpg,Decitabine
image_3690.jpg,Decitabine
image_3691.jpg,Decitabine
image_3692.jpg,Decitabine
image_3693.png,Decitabine
image_3694.jpg,Decitabine
image_3695.jpg,Decitabine
image_3696.jpg,Decitabine
image_3697.jpg,Decitabine
image_3698.jpg,Decitabine
image_3699.jpg,Decitabine
image_3700.jpg,Decitabine
image_3701.jpeg,Decitabine
image_3702.jpg,Decitabine
image_3703.jpg,Decitabine
image_3704.jpg,Decitabine
image_3705.jpg,Decitabine
image_3706.jpg,Decitabine
image_3707.jpg,Decitabine
image_3708.png,Decitabine
image_3709.jpg,Decitabine
image_3710.jpg,Decitabine
image_3711.jpg,Decolgen
image_3712.jpg,Decolgen
image_3713.jpg,Decolgen
image_3714.jpg,Decolgen
image_3715.jpg,Decolgen
image_3716.jpg,Decolgen
image_3717.jpg,Decolgen
image_3718.jpg,Decolgen
image_3719.jpg,Decolgen
image_3720.jpg,Decolgen
image_3721.jpg,Decolgen
image_3722.jpg,Decolgen
image_3723.jpg,Decolgen
image_3724.jpg,Decolgen
image_3725.jpg,Decolgen
image_3726.jpg,Decolgen
image_3727.jpg,Decolgen
image_3728.jpg,Decolgen
image_3729.jpg,Decolgen
image_3730.png,Decolgen
image_3731.jpg,Decolgen
image_3732.jpg,Decolgen
image_3733.jpg,Decolgen
image_3734.jpg,Decolgen
image_3735.png,Decolgen
image_3736.jpg,Decolgen
image_3737.jpg,Decolgen
image_3738.jpg,Decolgen
image_3739.png,Decolgen
image_3740.png,Decolgen
image_3741.png,Decolgen
image_3742.jpg,Decolgen
image_3743.jpg,Decolgen
image_3744.jpg,Decolgen
image_3745.jpg,Decolgen
image_3746.jpg,Decolgen
image_3747.jpeg,Decolgen
image_3748.jpg,Decolgen
image_3749.jpg,Decolgen
image_3750.jpg,Decolgen
image_3751.jpg,Decolgen
image_3752.jpg,Decolgen
image_3753.jpg,Decolgen
image_3754.JPG,Decolgen
image_3755.png,Decolgen
image_3756.jpg,Decolgen
image_3757.jpg,Decolgen
image_3758.jpg,Decolgen
image_3759.jpg,Decolgen
image_3760.jpeg,Decolgen
image_3761.jpg,Decolgen
image_3762.png,Decolgen
image_3763.jpg,Decolgen
image_3764.jpg,Decolgen
image_3765.png,Decolgen
image_3766.jpg,Decolgen
image_3767.jpg,Decolgen
image_3768.jpg,Decolgen
image_3769.jpg,Decolgen
image_3770.jpg,Decolgen
image_3771.png,Decolgen
image_3772.jpg,Deferasirox
image_3773.jpg,Deferasirox
image_3774.jpg,Deferasirox
image_3775.jpg,Deferasirox
image_3776.jpg,Deferasirox
image_3777.jpg,Deferasirox
image_3778.jpg,Deferasirox
image_3779.jpg,Deferasirox
image_3780.jpg,Deferasirox
image_3781.jpg,Deferasirox
image_3782.jpg,Deferasirox
image_3783.png,Deferasirox
image_3784.jpg,Deferasirox
image_3785.jpg,Deferasirox
image_3786.jpg,Deferasirox
image_3787.jpg,Deferasirox
image_3788.jpg,Deferasirox
image_3789.jpg,Deferasirox
image_3790.png,Deferasirox
image_3791.png,Deferasirox
image_3792.jpg,Deferasirox
image_3793.jpg,Deferasirox
image_3794.JPG,Deferasirox
image_3795.jpg,Deferasirox
image_3796.jpg,Deferasirox
image_3797.jpg,Deferasirox
image_3798.jpg,Deferasirox
image_3799.JPG,Deferasirox
image_3800.jpg,Deferasirox
image_3801.jpeg,Deferasirox
image_3802.jpg,Deferasirox
image_3803.jpg,Deferasirox
image_3804.png,Deferasirox
image_3805.jpg,Deferasirox
image_3806.jpg,Deferasirox
image_3807.jpg,Deferasirox
image_3808.jpg,Deferasirox
image_3809.jpg,Deferasirox
image_3810.jpg,Deferasirox
image_3811.jpg,Deferasirox
image_3812.jpg,Deferasirox
image_3813.jpg,Deferasirox
image_3814.jpg,Deferasirox
image_3815.jpg,Deferasirox
image_3816.jpg,Deferasirox
image_3817.jpg,Deferasirox
image_3818.jpg,Deferasirox
image_3819.jpg,Deferasirox
image_3820.jpg,Deferasirox
image_3821.png,Deferasirox
image_3822.jpg,Deferasirox
image_3823.jpg,Deferasirox
image_3824.jpeg,Degirol
image_3825.png,Degirol
image_3826.jpg,Degirol
image_3827.jpg,Degirol
image_3828.jpg,Degirol
image_3829.jpg,Degirol
image_3830.jpg,Degirol
image_3831.jpg,Degirol
image_3832.png,Degirol
image_3833.jpg,Degirol
image_3834.jpg,Degirol
image_3835.jpg,Degirol
image_3836.jpg,Degirol
image_3837.jpg,Degirol
image_3838.png,Degirol
image_3839.jpg,Degirol
image_3840.png,Degirol
image_3841.jpg,Degirol
image_3842.jpg,Degirol
image_3843.jpg,Degirol
image_3844.jpg,Degirol
image_3845.jpg,Degirol
image_3846.jpg,Degirol
image_3847.jpg,Degirol
image_3848.jpg,Degirol
image_3849.jpg,Degirol
image_3850.jpg,Degirol
image_3851.jpg,Degirol
image_3852.jpg,Degirol
image_3853.jpg,Degirol
image_3854.jpg,Degirol
image_3855.jpg,Degirol
image_3856.jpg,Degirol
image_3857.jpg,Degirol
image_3858.jpeg,Degirol
image_3859.jpeg,Degirol
image_3860.jpg,Degirol
image_3861.png,Degirol
image_3862.jpg,Degirol
image_3863.jpg,Degirol
image_3864.jpg,Degirol
image_3865.jpg,Degirol
image_3866.png,Degirol
image_3867.jpg,Degirol
image_3868.jpg,Degirol
image_3869.jpg,Degirol
image_3870.jpg,Degirol
image_3871.jpg,Degirol
image_3872.jpg,Degirol
image_3873.jpg,Degirol
image_3874.jpg,Degirol
image_3875.jpg,Degirol
image_3876.jpeg,Degirol
image_3877.jpg,Degirol
image_3878.jpg,Degirol
image_3879.jpg,Degirol
image_3880.png,Degirol
image_3881.jpg,Degirol
image_3882.png,Degirol
image_3883.png,Degirol
image_3884.jpg,Degirol
image_3885.jpeg,Degirol
image_3886.jpg,Degirol
image_3887.jpeg,Degirol
image_3888.png,Degirol
image_3889.jpg,Degirol
image_3890.jpg,Degirol
image_3891.jpeg,Degirol
image_3892.jpg,Degirol
image_3893.jpg,Dermatix
image_3894.jpg,Dermatix
image_3895.jpg,Dermatix
image_3896.jpg,Dermatix
image_3897.jpg,Dermatix
image_3898.png,Dermatix
image_3899.jpeg,Dermatix
image_3900.jpg,Dermatix
image_3901.jpg,Dermatix
image_3902.jpg,Dermatix
image_3903.JPG,Dermatix
image_3904.jpg,Dermatix
image_3905.jpg,Dermatix
image_3906.png,Dermatix
image_3907.jpg,Dermatix
image_3908.jpg,Dermatix
image_3909.jpg,Dermatix
image_3910.jpg,Dermatix
image_3911.jpeg,Dermatix
image_3912.jpg,Dermatix
image_3913.jpg,Dermatix
image_3914.jpg,Dermatix
image_3915.jpg,Dermatix
image_3916.jpg,Dermatix
image_3917.jpg,Dermatix
image_3918.jpg,Dermatix
image_3919.jpg,Dermatix
image_3920.png,Dermatix
image_3921.jpg,Dermatix
image_3922.jpg,Dermatix
image_3923.png,Dermatix
image_3924.jpg,Dermatix
image_3925.jpg,Dermatix
image_3926.jpg,Dermatix
image_3927.jpg,Dermatix
image_3928.jpg,Dermatix
image_3929.jpg,Dermatix
image_3930.jpg,Dermatix
image_3931.jpg,Dermatix
image_3932.jpg,Dermatix
image_3933.jpg,Dermatix
image_3934.JPG,Dermatix
image_3935.jpg,Dermatix
image_3936.jpg,Dermatix
image_3937.jpg,Dermatix
image_3938.jpeg,Dermatix
image_3939.jpg,Dermatix
image_3940.jpg,Dermatix
image_3941.jpg,Dermatix
image_3942.jpg,Dermatix
image_3943.png,Dermatix
image_3944.jpg,Dermatix
image_3945.jpg,Dermatix
image_3946.jpg,Dermatix
image_3947.jpg,Dermatix
image_3948.jpg,Dermatix
image_3949.jpg,Dermatix
image_3950.jpg,Dermatix
image_3951.jpg,Dermatix
image_3952.jpg,Dermatix
image_3953.jpg,Dermatix
image_3954.jpg,Dermatix
image_3955.jpg,Dermatix
image_3956.jpg,Dermatix
image_3957.jpg,Dermatix
image_3958.jpg,Dermatix
image_3959.jpg,Dermatix
image_3960.JPG,Dermatix
image_3961.jpg,Dermatix
image_3962.jpg,Dermatix
image_3963.jpg,Dermatix
image_3964.jpg,Dermatix
image_3965.png,Dermatix
image_3966.jpg,Dermatix
image_3967.jpg,Dermatix
image_3968.jpg,Dermatix
image_3969.jpg,Dermatix
image_3970.jpg,Dermatix
image_3971.png,Dermatix
image_3972.jpg,Dermatix
image_3973.jpg,Dermatix
image_3974.jpg,Dermatix
image_3975.jpg,Dermatix
image_3976.jpg,Dermatix
image_3977.jpg,Desmopressin
image_3978.jpg,Desmopressin
image_3979.gif,Desmopressin
image_3980.jpeg,Desmopressin
image_3981.jpg,Desmopressin
image_3982.jpg,Desmopressin
image_3983.jpg,Desmopressin
image_3984.jpg,Desmopressin
image_3985.jpg,Desmopressin
image_3986.jpg,Desmopressin
image_3987.jpg,Desmopressin
image_3988.jpeg,Desmopressin
image_3989.jpg,Desmopressin
image_3990.jpg,Desmopressin
image_3991.jpg,Desmopressin
image_3992.png,Desmopressin
image_3993.jpg,Desmopressin
image_3994.jpg,Desmopressin
image_3995.jpg,Desmopressin
image_3996.jpg,Desmopressin
image_3997.jpg,Desmopressin
image_3998.jpg,Desmopressin
image_3999.jpg,Desmopressin
image_4000.jpg,Desmopressin
image_4001.jpg,Desmopressin
image_4002.jpg,Desmopressin
image_4003.jpg,Desmopressin
image_4004.jpg,Desmopressin
image_4005.jpg,Desmopressin
image_4006.jpg,Desmopressin
image_4007.jpg,Desmopressin
image_4008.jpg,Desmopressin
image_4009.jpg,Desmopressin
image_4010.jpg,Desmopressin
image_4011.jpg,Desmopressin
image_4012.jpg,Desmopressin
image_4013.png,Desmopressin
image_4014.jpg,Desmopressin
image_4015.jpg,Desmopressin
image_4016.jpg,Desmopressin
image_4017.jpg,Desmopressin
image_4018.jpg,Desmopressin
image_4019.jpg,Desmopressin
image_4020.JPG,Desmopressin
image_4021.jpg,Desmopressin
image_4022.jpg,Desmopressin
image_4023.jpg,Desmopressin
image_4024.jpg,Desmopressin
image_4025.jpg,Desmopressin
image_4026.jpg,Desmopressin
image_4027.png,Desmopressin
image_4028.jpg,Desmopressin
image_4029.jpg,Desmopressin
image_4030.jpg,Desmopressin
image_4031.jpg,Desmopressin
image_4032.jpg,Desmopressin
image_4033.jpg,Desmopressin
image_4034.jpg,Desmopressin
image_4035.jpg,Desmopressin
image_4036.jpg,Digoxin
image_4037.jpg,Digoxin
image_4038.jpg,Digoxin
image_4039.jpg,Digoxin
image_4040.jpg,Digoxin
image_4041.jpg,Digoxin
image_4042.jpg,Digoxin
image_4043.jpg,Digoxin
image_4044.png,Digoxin
image_4045.jpg,Digoxin
image_4046.jpg,Digoxin
image_4047.jpg,Digoxin
image_4048.jpg,Digoxin
image_4049.jpg,Digoxin
image_4050.png,Digoxin
image_4051.jpg,Digoxin
image_4052.jpg,Digoxin
image_4053.jpg,Digoxin
image_4054.jpg,Digoxin
image_4055.jpg,Digoxin
image_4056.jpg,Digoxin
image_4057.jpg,Digoxin
image_4058.jpg,Digoxin
image_4059.jpg,Digoxin
image_4060.jpg,Digoxin
image_4061.jpg,Digoxin
image_4062.jpg,Digoxin
image_4063.png,Digoxin
image_4064.png,Digoxin
image_4065.jpg,Digoxin
image_4066.jpg,Digoxin
image_4067.jpg,Digoxin
image_4068.jpg,Digoxin
image_4069.jpg,Digoxin
image_4070.jpg,Digoxin
image_4071.jpg,Digoxin
image_4072.jpg,Digoxin
image_4073.jpg,Digoxin
image_4074.jpg,Digoxin
image_4075.jpg,Digoxin
image_4076.jpeg,Digoxin
image_4077.jpg,Digoxin
image_4078.jpg,Digoxin
image_4079.jpg,Digoxin
image_4080.jpg,Digoxin
image_4081.jpg,Digoxin
image_4082.jpg,Digoxin
image_4083.jpg,Digoxin
image_4084.jpg,Digoxin
image_4085.jpg,Digoxin
image_4086.jpg,Digoxin
image_4087.jpg,Dramamine
image_4088.jpg,Dramamine
image_4089.jpg,Dramamine
image_4090.jpg,Dramamine
image_4091.jpg,Dramamine
image_4092.jpg,Dramamine
image_4093.jpg,Dramamine
image_4094.jpg,Dramamine
image_4095.jpg,Dramamine
image_4096.jpg,Dramamine
image_4097.jpeg,Dramamine
image_4098.jpeg,Dramamine
image_4099.jpg,Dramamine
image_4100.jpg,Dramamine
image_4101.jpg,Dramamine
image_4102.jpg,Dramamine
image_4103.jpeg,Dramamine
image_4104.JPG,Dramamine
image_4105.jpg,Dramamine
image_4106.jpg,Dramamine
image_4107.jpg,Dramamine
image_4108.jpg,Dramamine
image_4109.jpg,Dramamine
image_4110.jpg,Dramamine
image_4111.png,Dramamine
image_4112.jpg,Dramamine
image_4113.jpg,Dramamine
image_4114.jpg,Dramamine
image_4115.jpg,Dramamine
image_4116.jpg,Dramamine
image_4117.jpg,Dramamine
image_4118.jpg,Dramamine
image_4119.jpg,Dramamine
image_4120.jpeg,Dramamine
image_4121.jpeg,Dramamine
image_4122.jpg,Dramamine
image_4123.jpeg,Dramamine
image_4124.jpeg,Dramamine
image_4125.jpeg,Dramamine
image_4126.jpg,Dramamine
image_4127.png,Dramamine
image_4128.jpeg,Dramamine
image_4129.jpg,Dramamine
image_4130.jpg,Dramamine
image_4131.jpg,Dramamine
image_4132.jpeg,Dramamine
image_4133.jpg,Dramamine
image_4134.jpeg,Dramamine
image_4135.jpeg,Dramamine
image_4136.jpeg,Dramamine
image_4137.png,Dramamine
image_4138.jpg,Dramamine
image_4139.jpg,Dramamine
image_4140.jpeg,Dramamine
image_4141.jpg,Dramamine
image_4142.jpeg,Dramamine
image_4143.jpeg,Dramamine
image_4144.jpg,Dramamine
image_4145.jpg,Dramamine
image_4146.jpeg,Dramamine
image_4147.png,Dramamine
image_4148.jpg,Dramamine
image_4149.jpeg,Dramamine
image_4150.jpg,Dramamine
image_4151.jpg,Dramamine
image_4152.jpg,Dramamine
image_4153.jpg,Dramamine
image_4154.jpg,Dramamine
image_4155.jpg,Dramamine
image_4156.jpg,Dramamine
image_4157.jpg,Dulcolax
image_4158.png,Dulcolax
image_4159.png,Dulcolax
image_4160.png,Dulcolax
image_4161.jpg,Dulcolax
image_4162.jpg,Dulcolax
image_4163.jpg,Dulcolax
image_4164.JPG,Dulcolax
image_4165.jpg,Dulcolax
image_4166.jpg,Dulcolax
image_4167.jpg,Dulcolax
image_4168.jpg,Dulcolax
image_4169.jpg,Dulcolax
image_4170.jpg,Dulcolax
image_4171.jpg,Dulcolax
image_4172.jpg,Dulcolax
image_4173.jpeg,Dulcolax
image_4174.jpg,Dulcolax
image_4175.jpg,Dulcolax
image_4176.jpg,Dulcolax
image_4177.jpg,Dulcolax
image_4178.jpg,Dulcolax
image_4179.png,Dulcolax
image_4180.jpg,Dulcolax
image_4181.jpg,Dulcolax
image_4182.jpg,Dulcolax
image_4183.jpg,Dulcolax
image_4184.jpg,Dulcolax
image_4185.jpg,Dulcolax
image_4186.jpg,Dulcolax
image_4187.jpg,Dulcolax
image_4188.jpg,Dulcolax
image_4189.jpg,Dulcolax
image_4190.jpg,Dulcolax
image_4191.jpg,Dulcolax
image_4192.jpg,Dulcolax
image_4193.jpg,Dulcolax
image_4194.jpg,Dulcolax
image_4195.jpg,Dulcolax
image_4196.jpg,Dulcolax
image_4197.jpg,Dulcolax
image_4198.jpg,Dulcolax
image_4199.jpg,Dulcolax
image_4200.jpg,Dulcolax
image_4201.jpg,Dulcolax
image_4202.jpg,Dulcolax
image_4203.jpg,Dulcolax
image_4204.jpg,Dulcolax
image_4205.jpeg,Dulcolax
image_4206.jpg,Dulcolax
image_4207.jpg,Dulcolax
image_4208.jpg,Dulcolax
image_4209.jpg,Dulcolax
image_4210.png,Dulcolax
image_4211.jpg,Dulcolax
image_4212.jpg,Dulcolax
image_4213.jpg,Dulcolax
image_4214.png,Dulcolax
image_4215.jpg,Dulcolax
image_4216.jpg,Dulcolax
image_4217.jpg,Dulcolax
image_4218.jpg,Dulcolax
image_4219.jpg,Dulcolax
image_4220.png,Dulcolax
image_4221.jpg,Dulcolax
image_4222.jpg,Dulcolax
image_4223.jpg,Dulcolax
image_4224.jpg,Dulcolax
image_4225.jpg,Dulcolax
image_4226.jpg,Dulcolax
image_4227.jpg,Dulcolax
image_4228.jpg,Dulcolax
image_4229.jpg,Dulcolax
image_4230.jpg,Dulcolax
image_4231.jpg,Dulcolax
image_4232.jpg,Dulcolax
image_4233.jpg,Dulcolax
image_4234.jpg,Efavirenz
image_4235.jpg,Efavirenz
image_4236.jpg,Efavirenz
image_4237.png,Efavirenz
image_4238.jpeg,Efavirenz
image_4239.jpg,Efavirenz
image_4240.jpg,Efavirenz
image_4241.jpg,Efavirenz
image_4242.jpg,Efavirenz
image_4243.jpg,Efavirenz
image_4244.jpg,Efavirenz
image_4245.jpg,Efavirenz
image_4246.jpg,Efavirenz
image_4247.jpg,Efavirenz
image_4248.jpeg,Efavirenz
image_4249.jpg,Efavirenz
image_4250.jpg,Efavirenz
image_4251.jpg,Efavirenz
image_4252.jpg,Efavirenz
image_4253.jpg,Efavirenz
image_4254.jpg,Efavirenz
image_4255.jpg,Efavirenz
image_4256.jpg,Efavirenz
image_4257.png,Efavirenz
image_4258.jpg,Efavirenz
image_4259.jpg,Efavirenz
image_4260.jpg,Efavirenz
image_4261.jpg,Efavirenz
image_4262.jpg,Efavirenz
image_4263.jpg,Efavirenz
image_4264.jpg,Efavirenz
image_4265.jpg,Efavirenz
image_4266.jpg,Efavirenz
image_4267.jpg,Efavirenz
image_4268.jpg,Efavirenz
image_4269.jpg,Efavirenz
image_4270.jpg,Efavirenz
image_4271.jpg,Efavirenz
image_4272.jpg,Efavirenz
image_4273.jpg,Efavirenz
image_4274.jpg,Efavirenz
image_4275.jpg,Efavirenz
image_4276.jpg,Efavirenz
image_4277.jpg,Efavirenz
image_4278.jpg,Efavirenz
image_4279.jpg,Efavirenz
image_4280.jpg,Efavirenz
image_4281.jpg,Efavirenz
image_4282.jpg,Efavirenz
image_4283.jpeg,Efavirenz
image_4284.jpg,Enalapril
image_4285.jpg,Enalapril
image_4286.jpg,Enalapril
image_4287.jpg,Enalapril
image_4288.jpg,Enalapril
image_4289.jpg,Enalapril
image_4290.jpg,Enalapril
image_4291.jpg,Enalapril
image_4292.jpg,Enalapril
image_4293.jpg,Enalapril
image_4294.jpg,Enalapril
image_4295.jpg,Enalapril
image_4296.jpg,Enalapril
image_4297.jpg,Enalapril
image_4298.jpg,Enalapril
image_4299.jpg,Enalapril
image_4300.jpg,Enalapril
image_4301.jpg,Enalapril
image_4302.jpg,Enalapril
image_4303.jpg,Enalapril
image_4304.jpg,Enalapril
image_4305.jpg,Enalapril
image_4306.jpg,Enalapril
image_4307.png,Enalapril
image_4308.jpg,Enalapril
image_4309.jpg,Enalapril
image_4310.jpg,Enalapril
image_4311.jpg,Enalapril
image_4312.jpg,Enalapril
image_4313.jpg,Enalapril
image_4314.jpg,Enalapril
image_4315.jpg,Enalapril
image_4316.jpg,Enalapril
image_4317.jpg,Enalapril
image_4318.jpg,Enalapril
image_4319.jpg,Enalapril
image_4320.jpg,Enalapril
image_4321.jpg,Enalapril
image_4322.jpg,Enalapril
image_4323.jpg,Enalapril
image_4324.jpg,Enalapril
image_4325.jpg,Enalapril
image_4326.jpg,Enalapril
image_4327.jpg,Enalapril
image_4328.jpg,Enalapril
image_4329.jpg,Enalapril
image_4330.jpg,Enalapril
image_4331.jpg,Enalapril
image_4332.jpg,Enalapril
image_4333.jpg,Enalapril
image_4334.png,Enalapril
image_4335.jpg,Enalapril
image_4336.jpg,Enalapril
image_4337.jpg,Enalapril
image_4338.jpg,Enalapril
image_4339.jpg,Enalapril
image_4340.jpg,Enalapril
image_4341.jpg,Enalapril
image_4342.jpg,Enalapril
image_4343.jpg,Enalapril
image_4344.jpg,Enalapril
image_4345.jpg,Enalapril
image_4346.jpg,Enalapril
image_4347.jpg,Enalapril
image_4348.jpg,Enalapril
image_4349.jpg,Enalapril
image_4350.png,EnervonC
image_4351.jpg,EnervonC
image_4352.jpg,EnervonC
image_4353.jpg,EnervonC
image_4354.jpg,EnervonC
image_4355.jpg,EnervonC
image_4356.jpg,EnervonC
image_4357.jpg,EnervonC
image_4358.jpg,EnervonC
image_4359.jpg,EnervonC
image_4360.jpg,EnervonC
image_4361.png,EnervonC
image_4362.jpg,EnervonC
image_4363.jpg,EnervonC
image_4364.jpeg,EnervonC
image_4365.jpg,EnervonC
image_4366.png,EnervonC
image_4367.jpg,EnervonC
image_4368.png,EnervonC
image_4369.jpg,EnervonC
image_4370.jpg,EnervonC
image_4371.jpg,EnervonC
image_4372.jpg,EnervonC
image_4373.jpg,EnervonC
image_4374.jpg,EnervonC
image_4375.jpg,EnervonC
image_4376.jpg,EnervonC
image_4377.jpg,EnervonC
image_4378.jpg,EnervonC
image_4379.jpeg,EnervonC
image_4380.png,EnervonC
image_4381.jpg,EnervonC
image_4382.jpg,EnervonC
image_4383.jpg,EnervonC
image_4384.png,EnervonC
image_4385.jpg,EnervonC
image_4386.jpg,EnervonC
image_4387.jpg,EnervonC
image_4388.jpg,EnervonC
image_4389.jpg,EnervonC
image_4390.jpg,EnervonC
image_4391.jpg,EnervonC
image_4392.jpg,EnervonC
image_4393.jpg,EnervonC
image_4394.png,EnervonC
image_4395.jpg,EnervonC
image_4396.jpg,EnervonC
image_4397.jpg,EnervonC
image_4398.jpeg,EnervonC
image_4399.png,EnervonC
image_4400.png,EnervonC
image_4401.jpg,EnervonC
image_4402.png,EnervonC
image_4403.jpg,EnervonC
image_4404.jpg,EnervonC
image_4405.jpg,EnervonC
image_4406.jpg,EnervonC
image_4407.jpg,EnervonC
image_4408.jpg,EnervonC
image_4409.png,Entrostop
image_4410.jpg,Entrostop
image_4411.jpg,Entrostop
image_4412.jpg,Entrostop
image_4413.jpg,Entrostop
image_4414.png,Entrostop
image_4415.jpg,Entrostop
image_4416.jpg,Entrostop
image_4417.jpg,Entrostop
image_4418.png,Entrostop
image_4419.jpg,Entrostop
image_4420.jpg,Entrostop
image_4421.jpg,Entrostop
image_4422.jpg,Entrostop
image_4423.png,Entrostop
image_4424.jpg,Entrostop
image_4425.jpg,Entrostop
image_4426.jpg,Entrostop
image_4427.jpg,Entrostop
image_4428.jpeg,Entrostop
image_4429.jpg,Entrostop
image_4430.jpg,Entrostop
image_4431.jpg,Entrostop
image_4432.jpeg,Entrostop
image_4433.JPG,Entrostop
image_4434.jpg,Entrostop
image_4435.png,Entrostop
image_4436.jpg,Entrostop
image_4437.jpg,Entrostop
image_4438.jpg,Entrostop
image_4439.jpg,Entrostop
image_4440.jpg,Entrostop
image_4441.jpg,Entrostop
image_4442.jpg,Entrostop
image_4443.jpg,Entrostop
image_4444.png,Entrostop
image_4445.jpg,Entrostop
image_4446.jpg,Entrostop
image_4447.jpg,Entrostop
image_4448.jpg,Entrostop
image_4449.jpg,Entrostop
image_4450.jpg,Entrostop
image_4451.jpg,Entrostop
image_4452.jpg,Entrostop
image_4453.jpg,Entrostop
image_4454.jpg,Entrostop
image_4455.png,Entrostop
image_4456.jpg,Entrostop
image_4457.jpg,Entrostop
image_4458.png,Entrostop
image_4459.jpg,Entrostop
image_4460.jpg,Entrostop
image_4461.jpg,Entrostop
image_4462.jpg,Entrostop
image_4463.jpg,Entrostop
image_4464.png,Entrostop
image_4465.jpg,Entrostop
image_4466.jpg,Entrostop
image_4467.jpg,Entrostop
image_4468.jpg,Entrostop
image_4469.jpg,Entrostop
image_4470.jpg,Entrostop
image_4471.jpg,Entrostop
image_4472.jpg,Entrostop
image_4473.jpg,Entrostop
image_4474.jpg,Erlotinib
image_4475.jpg,Erlotinib
image_4476.jpg,Erlotinib
image_4477.jpg,Erlotinib
image_4478.jpg,Erlotinib
image_4479.jpg,Erlotinib
image_4480.jpg,Erlotinib
image_4481.jpg,Erlotinib
image_4482.jpg,Erlotinib
image_4483.jpeg,Erlotinib
image_4484.jpg,Erlotinib
image_4485.jpg,Erlotinib
image_4486.jpg,Erlotinib
image_4487.jpg,Erlotinib
image_4488.jpg,Erlotinib
image_4489.jpg,Erlotinib
image_4490.jpg,Erlotinib
image_4491.png,Erlotinib
image_4492.jpg,Erlotinib
image_4493.jpg,Erlotinib
image_4494.jpg,Erlotinib
image_4495.jpg,Erlotinib
image_4496.jpg,Erlotinib
image_4497.jpg,Erlotinib
image_4498.png,Erlotinib
image_4499.jpeg,Erlotinib
image_4500.jpg,Erlotinib
image_4501.jpg,Erlotinib
image_4502.jpeg,Erlotinib
image_4503.jpg,Erlotinib
image_4504.jpg,Erlotinib
image_4505.jpg,Erlotinib
image_4506.jpeg,Erlotinib
image_4507.jpg,Erlotinib
image_4508.jpg,Erlotinib
image_4509.jpg,Erlotinib
image_4510.jpg,Erlotinib
image_4511.png,Erlotinib
image_4512.jpg,Erlotinib
image_4513.jpg,Erlotinib
image_4514.jpg,Erlotinib
image_4515.jpg,Erlotinib
image_4516.jpg,Erlotinib
image_4517.jpg,Erlotinib
image_4518.jpg,Erlotinib
image_4519.jpg,Erlotinib
image_4520.jpg,Erlotinib
image_4521.jpg,Erlotinib
image_4522.jpg,Erlotinib
image_4523.jpg,Erlotinib
image_4524.jpg,Erlotinib
image_4525.jpg,Erlotinib
image_4526.jpg,Erlotinib
image_4527.jpg,Erlotinib
image_4528.jpg,Erlotinib
image_4529.jpg,Erlotinib
image_4530.jpg,Erlotinib
image_4531.jpg,Esbriet
image_4532.jpg,Esbriet
image_4533.jpg,Esbriet
image_4534.jpg,Esbriet
image_4535.png,Esbriet
image_4536.jpg,Esbriet
image_4537.jpg,Esbriet
image_4538.jpg,Esbriet
image_4539.jpg,Esbriet
image_4540.jpg,Esbriet
image_4541.jpg,Esbriet
image_4542.jpg,Esbriet
image_4543.jpg,Esbriet
image_4544.jpg,Esbriet
image_4545.jpg,Esbriet
image_4546.jpg,Esbriet
image_4547.jpg,Esbriet
image_4548.jpg,Esbriet
image_4549.png,Esbriet
image_4550.jpg,Esbriet
image_4551.jpeg,Esbriet
image_4552.jpg,Esbriet
image_4553.jpg,Esbriet
image_4554.jpg,Esbriet
image_4555.jpg,Esbriet
image_4556.jpg,Esbriet
image_4557.jpg,Esbriet
image_4558.jpg,Esbriet
image_4559.png,Esbriet
image_4560.jpg,Esbriet
image_4561.jpg,Esbriet
image_4562.jpg,Esbriet
image_4563.jpg,Esbriet
image_4564.jpg,Esbriet
image_4565.jpg,Esbriet
image_4566.jpg,Esbriet
image_4567.jpg,Esbriet
image_4568.jpg,Esbriet
image_4569.jpg,Esbriet
image_4570.jpg,Esbriet
image_4571.jpg,Esbriet
image_4572.jpg,Esbriet
image_4573.jpg,Esbriet
image_4574.jpg,Esbriet
image_4575.png,Esbriet
image_4576.gif,Esbriet
image_4577.jpg,Esbriet
image_4578.jpg,Esbriet
image_4579.jpg,Esbriet
image_4580.jpg,Esbriet
image_4581.png,Esbriet
image_4582.jpg,Esomeprazole
image_4583.png,Esomeprazole
image_4584.jpg,Esomeprazole
image_4585.jpg,Esomeprazole
image_4586.jpg,Esomeprazole
image_4587.jpeg,Esomeprazole
image_4588.jpg,Esomeprazole
image_4589.jpg,Esomeprazole
image_4590.jpg,Esomeprazole
image_4591.png,Esomeprazole
image_4592.jpg,Esomeprazole
image_4593.jpg,Esomeprazole
image_4594.png,Esomeprazole
image_4595.jpg,Esomeprazole
image_4596.jpg,Esomeprazole
image_4597.jpg,Esomeprazole
image_4598.jpg,Esomeprazole
image_4599.jpg,Esomeprazole
image_4600.jpg,Esomeprazole
image_4601.png,Esomeprazole
image_4602.jpg,Esomeprazole
image_4603.jpg,Esomeprazole
image_4604.jpg,Esomeprazole
image_4605.jpg,Esomeprazole
image_4606.png,Esomeprazole
image_4607.jpg,Esomeprazole
image_4608.jpg,Esomeprazole
image_4609.png,Esomeprazole
image_4610.jpg,Esomeprazole
image_4611.jpg,Esomeprazole
image_4612.jpg,Esomeprazole
image_4613.jpg,Esomeprazole
image_4614.png,Esomeprazole
image_4615.jpg,Esomeprazole
image_4616.jpeg,Esomeprazole
image_4617.jpg,Esomeprazole
image_4618.jpg,Esomeprazole
image_4619.jpg,Esomeprazole
image_4620.jpg,Esomeprazole
image_4621.jpg,Esomeprazole
image_4622.jpg,Esomeprazole
image_4623.png,Esomeprazole
image_4624.jpg,Esomeprazole
image_4625.png,Esomeprazole
image_4626.jpg,Esomeprazole
image_4627.jpeg,Esomeprazole
image_4628.jpeg,Esomeprazole
image_4629.jpg,Esomeprazole
image_4630.jpg,Esomeprazole
image_4631.jpg,Esomeprazole
image_4632.jpeg,Esomeprazole
image_4633.jpg,Esomeprazole
image_4634.jpg,Etodolac
image_4635.jpg,Etodolac
image_4636.jpg,Etodolac
image_4637.jpg,Etodolac
image_4638.jpg,Etodolac
image_4639.jpg,Etodolac
image_4640.jpg,Etodolac
image_4641.jpg,Etodolac
image_4642.jpg,Etodolac
image_4643.png,Etodolac
image_4644.jpg,Etodolac
image_4645.jpg,Etodolac
image_4646.jpg,Etodolac
image_4647.jpg,Etodolac
image_4648.png,Etodolac
image_4649.jpg,Etodolac
image_4650.jpg,Etodolac
image_4651.png,Etodolac
image_4652.jpg,Etodolac
image_4653.jpg,Etodolac
image_4654.jpeg,Etodolac
image_4655.jpg,Etodolac
image_4656.png,Etodolac
image_4657.jpg,Etodolac
image_4658.jpg,Etodolac
image_4659.png,Etodolac
image_4660.jpg,Etodolac
image_4661.jpg,Etodolac
image_4662.jpg,Etodolac
image_4663.jpg,Etodolac
image_4664.jpg,Etodolac
image_4665.jpg,Etodolac
image_4666.jpg,Etodolac
image_4667.jpeg,Etodolac
image_4668.jpg,Etodolac
image_4669.png,Etodolac
image_4670.jpg,Etodolac
image_4671.jpg,Etodolac
image_4672.jpg,Etodolac
image_4673.jpeg,Etodolac
image_4674.jpg,Etodolac
image_4675.jpg,Etodolac
image_4676.jpg,Etodolac
image_4677.jpg,Etodolac
image_4678.jpg,Etodolac
image_4679.jpg,Etodolac
image_4680.jpg,Etodolac
image_4681.jpg,Etodolac
image_4682.jpg,Etodolac
image_4683.jpg,Etodolac
image_4684.jpg,Exemestane
image_4685.jpeg,Exemestane
image_4686.jpg,Exemestane
image_4687.jpg,Exemestane
image_4688.jpg,Exemestane
image_4689.jpg,Exemestane
image_4690.jpg,Exemestane
image_4691.jpg,Exemestane
image_4692.jpg,Exemestane
image_4693.jpg,Exemestane
image_4694.jpg,Exemestane
image_4695.jpg,Exemestane
image_4696.jpg,Exemestane
image_4697.png,Exemestane
image_4698.jpg,Exemestane
image_4699.jpg,Exemestane
image_4700.jpg,Exemestane
image_4701.jpg,Exemestane
image_4702.jpg,Exemestane
image_4703.jpg,Exemestane
image_4704.jpg,Exemestane
image_4705.jpg,Exemestane
image_4706.jpeg,Exemestane
image_4707.jpg,Exemestane
image_4708.jpg,Exemestane
image_4709.jpg,Exemestane
image_4710.jpg,Exemestane
image_4711.jpg,Exemestane
image_4712.jpg,Exemestane
image_4713.jpg,Exemestane
image_4714.png,Exemestane
image_4715.jpg,Exemestane
image_4716.jpg,Exemestane
image_4717.jpg,Exemestane
image_4718.jpg,Exemestane
image_4719.jpg,Exemestane
image_4720.jpg,Exemestane
image_4721.jpg,Exemestane
image_4722.jpg,Exemestane
image_4723.jpg,Exemestane
image_4724.png,Exemestane
image_4725.jpg,Exemestane
image_4726.jpg,Exemestane
image_4727.png,Exemestane
image_4728.jpg,Exemestane
image_4729.jpg,Exemestane
image_4730.jpg,Exemestane
image_4731.jpg,Exemestane
image_4732.jpg,Exemestane
image_4733.jpg,Exemestane
image_4734.jpg,Exemestane
image_4735.jpg,Exemestane
image_4736.jpg,Exemestane
image_4737.jpg,Exemestane
image_4738.jpg,Exemestane
image_4739.jpg,Exemestane
image_4740.jpg,Exemestane
image_4741.jpg,Exemestane
image_4742.jpg,Exemestane
image_4743.jpg,Famciclovir
image_4744.jpg,Famciclovir
image_4745.jpg,Famciclovir
image_4746.jpg,Famciclovir
image_4747.jpg,Famciclovir
image_4748.png,Famciclovir
image_4749.jpg,Famciclovir
image_4750.jpg,Famciclovir
image_4751.jpg,Famciclovir
image_4752.jpg,Famciclovir
image_4753.jpg,Famciclovir
image_4754.jpg,Famciclovir
image_4755.jpg,Famciclovir
image_4756.jpg,Famciclovir
image_4757.jpg,Famciclovir
image_4758.jpg,Famciclovir
image_4759.jpg,Famciclovir
image_4760.jpg,Famciclovir
image_4761.jpg,Famciclovir
image_4762.png,Famciclovir
image_4763.jpg,Famciclovir
image_4764.jpg,Famciclovir
image_4765.jpg,Famciclovir
image_4766.jpg,Famciclovir
image_4767.jpg,Famciclovir
image_4768.jpeg,Famciclovir
image_4769.png,Famciclovir
image_4770.jpg,Famciclovir
image_4771.jpg,Famciclovir
image_4772.jpg,Famciclovir
image_4773.jpeg,Famciclovir
image_4774.jpg,Famciclovir
image_4775.jpg,Famciclovir
image_4776.jpeg,Famciclovir
image_4777.png,Famciclovir
image_4778.jpg,Famciclovir
image_4779.jpg,Famciclovir
image_4780.JPG,Famciclovir
image_4781.jpg,Famciclovir
image_4782.jpg,Famciclovir
image_4783.png,Farsifen
image_4784.jpg,Farsifen
image_4785.jpg,Farsifen
image_4786.jpg,Farsifen
image_4787.jpg,Farsifen
image_4788.png,Farsifen
image_4789.jpg,Farsifen
image_4790.jpg,Farsifen
image_4791.jpg,Farsifen
image_4792.jpg,Farsifen
image_4793.jpg,Farsifen
image_4794.jpg,Farsifen
image_4795.jpg,Farsifen
image_4796.jpg,Farsifen
image_4797.jpg,Farsifen
image_4798.jpg,Farsifen
image_4799.jpg,Farsifen
image_4800.jpg,Farsifen
image_4801.jpg,Farsifen
image_4802.jpg,Farsifen
image_4803.jpg,Farsifen
image_4804.jpg,Farsifen
image_4805.png,Farsifen
image_4806.jpg,Farsifen
image_4807.jpg,Farsifen
image_4808.jpeg,Farsifen
image_4809.jpg,Farsifen
image_4810.jpg,Farsifen
image_4811.jpg,Farsifen
image_4812.jpg,Farsifen
image_4813.jpg,Farsifen
image_4814.jpg,Farsifen
image_4815.jpg,Farsifen
image_4816.jpg,Farsifen
image_4817.jpeg,Farsifen
image_4818.jpg,Farsifen
image_4819.jpg,Farsifen
image_4820.jpeg,Farsifen
image_4821.jpg,Farsifen
image_4822.jpg,Farsifen
image_4823.jpg,Farsifen
image_4824.jpg,Farsifen
image_4825.jpg,Farsifen
image_4826.jpg,Farsifen
image_4827.jpg,Farsifen
image_4828.jpg,Farsifen
image_4829.png,Farsifen
image_4830.jpg,Farsifen
image_4831.png,Farsifen
image_4832.jpg,Farsifen
image_4833.jpg,Farsifen
image_4834.jpg,Farsifen
image_4835.jpg,Farsifen
image_4836.jpg,Farsifen
image_4837.jpg,Farsifen
image_4838.jpg,Farsifen
image_4839.jpg,Farsifen
image_4840.jpg,Farsifen
image_4841.jpg,Farsifen
image_4842.jpg,Farsifen
image_4843.jpg,Farsifen
image_4844.jpg,Farsifen
image_4845.jpg,Farsifen
image_4846.jpeg,Farsifen
image_4847.jpg,Farsifen
image_4848.jpg,Farsifen
image_4849.jpg,Farsifen
image_4850.jpg,Farsifen
image_4851.jpg,Farsifen
image_4852.jpg,Farsifen
image_4853.jpg,Fasidol
image_4854.jpg,Fasidol
image_4855.png,Fasidol
image_4856.jpg,Fasidol
image_4857.jpg,Fasidol
image_4858.jpg,Fasidol
image_4859.jpg,Fasidol
image_4860.jpg,Fasidol
image_4861.jpg,Fasidol
image_4862.jpg,Fasidol
image_4863.jpg,Fasidol
image_4864.jpg,Fasidol
image_4865.jpg,Fasidol
image_4866.jpg,Fasidol
image_4867.jpg,Fasidol
image_4868.jpeg,Fasidol
image_4869.jpg,Fasidol
image_4870.png,Fasidol
image_4871.jpg,Fasidol
image_4872.jpg,Fasidol
image_4873.jpg,Fasidol
image_4874.jpg,Fasidol
image_4875.jpg,Fasidol
image_4876.png,Fasidol
image_4877.jpg,Fasidol
image_4878.jpg,Fasidol
image_4879.jpeg,Fasidol
image_4880.jpg,Fasidol
image_4881.jpg,Fasidol
image_4882.jpg,Fasidol
image_4883.jpg,Fasidol
image_4884.jpg,Fasidol
image_4885.jpg,Fasidol
image_4886.jpg,Fasidol
image_4887.jpeg,Fasidol
image_4888.jpg,Fasidol
image_4889.jpg,Fasidol
image_4890.jpg,Fasidol
image_4891.jpg,Fasidol
image_4892.jpg,Fasidol
image_4893.jpg,Fasidol
image_4894.jpg,Fasidol
image_4895.jpg,Fasidol
image_4896.jpg,Fasidol
image_4897.jpg,Fasidol
image_4898.jpg,Fasidol
image_4899.png,Fasidol
image_4900.jpg,Fasidol
image_4901.jpg,Fasidol
image_4902.jpg,Fasidol
image_4903.jpg,Fasidol
image_4904.png,Fasidol
image_4905.jpg,Fasidol
image_4906.jpg,Fasidol
image_4907.jpg,Fasidol
image_4908.jpg,Fasidol
image_4909.jpg,Fasidol
image_4910.jpg,Fasidol
image_4911.jpeg,Fasidol
image_4912.png,Fasidol
image_4913.jpg,Febuxostat
image_4914.jpg,Febuxostat
image_4915.jpg,Febuxostat
image_4916.jpeg,Febuxostat
image_4917.jpg,Febuxostat
image_4918.jpg,Febuxostat
image_4919.jpg,Febuxostat
image_4920.jpg,Febuxostat
image_4921.jpg,Febuxostat
image_4922.jpg,Febuxostat
image_4923.jpg,Febuxostat
image_4924.jpg,Febuxostat
image_4925.jpeg,Febuxostat
image_4926.jpg,Febuxostat
image_4927.jpg,Febuxostat
image_4928.jpg,Febuxostat
image_4929.jpg,Febuxostat
image_4930.jpg,Febuxostat
image_4931.jpg,Febuxostat
image_4932.jpeg,Febuxostat
image_4933.jpg,Febuxostat
image_4934.jpeg,Febuxostat
image_4935.jpg,Febuxostat
image_4936.jpg,Febuxostat
image_4937.jpg,Febuxostat
image_4938.jpg,Febuxostat
image_4939.jpg,Febuxostat
image_4940.jpg,Febuxostat
image_4941.JPG,Febuxostat
image_4942.jpg,Febuxostat
image_4943.jpeg,Febuxostat
image_4944.jpeg,Febuxostat
image_4945.JPG,Febuxostat
image_4946.jpg,Febuxostat
image_4947.jpg,Febuxostat
image_4948.jpg,Febuxostat
image_4949.jpg,Febuxostat
image_4950.png,Febuxostat
image_4951.jpg,Febuxostat
image_4952.jpg,Febuxostat
image_4953.jpg,Febuxostat
image_4954.png,Febuxostat
image_4955.jpg,Febuxostat
image_4956.jpg,Febuxostat
image_4957.jpg,Febuxostat
image_4958.jpg,Febuxostat
image_4959.jpg,Febuxostat
image_4960.jpg,Febuxostat
image_4961.jpg,Febuxostat
image_4962.jpg,Febuxostat
image_4963.jpg,Febuxostat
image_4964.jpeg,Febuxostat
image_4965.jpg,Febuxostat
image_4966.jpg,Febuxostat
image_4967.jpeg,Febuxostat
image_4968.jpg,Febuxostat
image_4969.jpg,Febuxostat
image_4970.JPG,Febuxostat
image_4971.jpg,Febuxostat
image_4972.jpeg,Febuxostat
image_4973.jpg,Febuxostat
image_4974.jpg,Febuxostat
image_4975.jpg,Febuxostat
image_4976.jpg,Febuxostat
image_4977.jpeg,Febuxostat
image_4978.jpg,Febuxostat
image_4979.jpg,Febuxostat
image_4980.jpg,Feminax
image_4981.jpg,Feminax
image_4982.jpg,Feminax
image_4983.jpg,Feminax
image_4984.jpg,Feminax
image_4985.png,Feminax
image_4986.jpg,Feminax
image_4987.jpeg,Feminax
image_4988.jpg,Feminax
image_4989.jpg,Feminax
image_4990.jpg,Feminax
image_4991.jpg,Feminax
image_4992.jpg,Feminax
image_4993.jpg,Feminax
image_4994.jpg,Feminax
image_4995.png,Feminax
image_4996.jpg,Feminax
image_4997.png,Feminax
image_4998.png,Feminax
image_4999.jpg,Feminax
image_5000.jpg,Feminax
image_5001.jpg,Feminax
image_5002.png,Feminax
image_5003.jpg,Feminax
image_5004.jpg,Feminax
image_5005.png,Feminax
image_5006.jpg,Feminax
image_5007.jpg,Feminax
image_5008.jpg,Feminax
image_5009.jpg,Feminax
image_5010.jpg,Feminax
image_5011.png,Feminax
image_5012.jpg,Feminax
image_5013.jpg,Feminax
image_5014.jpg,Feminax
image_5015.jpg,Feminax
image_5016.jpg,Feminax
image_5017.jpg,Feminax
image_5018.jpg,Feminax
image_5019.jpg,Feminax
image_5020.png,Feminax
image_5021.jpg,Feminax
image_5022.jpg,Feminax
image_5023.png,Feminax
image_5024.png,Feminax
image_5025.jpg,Feminax
image_5026.jpg,Feminax
image_5027.jpg,Feminax
image_5028.jpg,Feminax
image_5029.jpg,Feminax
image_5030.jpg,Feminax
image_5031.jpg,Feminax
image_5032.jpg,Feminax
image_5033.jpg,Feminax
image_5034.jpg,Feminax
image_5035.png,Feminax
image_5036.jpg,Feminax
image_5037.png,Feminax
image_5038.jpg,Feminax
image_5039.jpg,Feminax
image_5040.jpg,Feminax
image_5041.jpg,Feminax
image_5042.jpg,Feminax
image_5043.png,Feminax
image_5044.jpg,Feminax
image_5045.jpg,Feminax
image_5046.jpg,Feminax
image_5047.jpg,Feminax
image_5048.png,Feminax
image_5049.jpg,Feminax
image_5050.png,Feminax
image_5051.jpg,Feminax
image_5052.jpg,Feminax
image_5053.jpg,Feminax
image_5054.jpg,Feminax
image_5055.jpg,Feminax
image_5056.jpg,Feminax
image_5057.jpg,Feminax
image_5058.jpg,Fexofenadine
image_5059.jpg,Fexofenadine
image_5060.jpg,Fexofenadine
image_5061.jpg,Fexofenadine
image_5062.jpg,Fexofenadine
image_5063.jpg,Fexofenadine
image_5064.png,Fexofenadine
image_5065.jpg,Fexofenadine
image_5066.jpg,Fexofenadine
image_5067.jpg,Fexofenadine
image_5068.jpg,Fexofenadine
image_5069.jpg,Fexofenadine
image_5070.png,Fexofenadine
image_5071.jpg,Fexofenadine
image_5072.jpg,Fexofenadine
image_5073.jpeg,Fexofenadine
image_5074.jpg,Fexofenadine
image_5075.jpg,Fexofenadine
image_5076.png,Fexofenadine
image_5077.jpeg,Fexofenadine
image_5078.jpg,Fexofenadine
image_5079.JPG,Fexofenadine
image_5080.jpeg,Fexofenadine
image_5081.jpg,Fexofenadine
image_5082.png,Fexofenadine
image_5083.jpg,Fexofenadine
image_5084.jpg,Fexofenadine
image_5085.jpg,Fexofenadine
image_5086.png,Fexofenadine
image_5087.jpg,Fexofenadine
image_5088.jpg,Fexofenadine
image_5089.jpeg,Fexofenadine
image_5090.jpg,Fexofenadine
image_5091.png,Fexofenadine
image_5092.jpg,Fexofenadine
image_5093.jpg,Fexofenadine
image_5094.jpg,Fexofenadine
image_5095.jpg,Fexofenadine
image_5096.jpg,Fexofenadine
image_5097.jpg,Fexofenadine
image_5098.jpeg,Fexofenadine
image_5099.jpg,Fexofenadine
image_5100.jpg,Fexofenadine
image_5101.jpg,Fexofenadine
image_5102.jpg,Fexofenadine
image_5103.jpg,Fexofenadine
image_5104.jpg,Fexofenadine
image_5105.jpg,Fexofenadine
image_5106.jpeg,Fexofenadine
image_5107.jpg,Fexofenadine
image_5108.jpg,Fexofenadine
image_5109.jpg,Fexofenadine
image_5110.jpg,Fexofenadine
image_5111.jpg,Fexofenadine
image_5112.jpg,Fexofenadine
image_5113.jpg,Fexofenadine
image_5114.png,Fexofenadine
image_5115.jpg,Fexofenadine
image_5116.png,Fexofenadine
image_5117.jpg,Fexofenadine
image_5118.jpg,Finasteride
image_5119.jpg,Finasteride
image_5120.jpg,Finasteride
image_5121.jpg,Finasteride
image_5122.jpg,Finasteride
image_5123.png,Finasteride
image_5124.jpg,Finasteride
image_5125.jpg,Finasteride
image_5126.jpg,Finasteride
image_5127.png,Finasteride
image_5128.png,Finasteride
image_5129.jpg,Finasteride
image_5130.jpg,Finasteride
image_5131.jpg,Finasteride
image_5132.jpg,Finasteride
image_5133.png,Finasteride
image_5134.jpg,Finasteride
image_5135.jpg,Finasteride
image_5136.jpg,Finasteride
image_5137.jpg,Finasteride
image_5138.jpg,Finasteride
image_5139.jpg,Finasteride
image_5140.jpg,Finasteride
image_5141.jpg,Finasteride
image_5142.JPG,Finasteride
image_5143.png,Finasteride
image_5144.jpg,Finasteride
image_5145.png,Finasteride
image_5146.png,Finasteride
image_5147.jpg,Finasteride
image_5148.jpg,Finasteride
image_5149.jpg,Finasteride
image_5150.jpg,Finasteride
image_5151.jpg,Finasteride
image_5152.jpg,Finasteride
image_5153.jpg,Finasteride
image_5154.jpg,Finasteride
image_5155.jpg,Finasteride
image_5156.png,Finasteride
image_5157.jpg,Finasteride
image_5158.jpg,Finasteride
image_5159.jpg,Finasteride
image_5160.jpg,Finasteride
image_5161.jpg,Finasteride
image_5162.jpeg,Finasteride
image_5163.jpg,Finasteride
image_5164.jpeg,Finasteride
image_5165.png,Finasteride
image_5166.jpg,Finasteride
image_5167.jpg,Finasteride
image_5168.jpg,Finasteride
image_5169.jpg,Finasteride
image_5170.jpg,Finasteride
image_5171.jpg,Finasteride
image_5172.png,Finasteride
image_5173.jpg,Finasteride
image_5174.jpg,Finasteride
image_5175.jpg,Fluconazole
image_5176.png,Fluconazole
image_5177.jpg,Fluconazole
image_5178.jpg,Fluconazole
image_5179.jpg,Fluconazole
image_5180.jpg,Fluconazole
image_5181.jpg,Fluconazole
image_5182.jpg,Fluconazole
image_5183.jpg,Fluconazole
image_5184.jpeg,Fluconazole
image_5185.png,Fluconazole
image_5186.jpg,Fluconazole
image_5187.jpg,Fluconazole
image_5188.jpg,Fluconazole
image_5189.jpg,Fluconazole
image_5190.jpg,Fluconazole
image_5191.jpg,Fluconazole
image_5192.jpg,Fluconazole
image_5193.jpg,Fluconazole
image_5194.jpg,Fluconazole
image_5195.jpg,Fluconazole
image_5196.jpeg,Fluconazole
image_5197.jpg,Fluconazole
image_5198.jpg,Fluconazole
image_5199.jpg,Fluconazole
image_5200.jpg,Fluconazole
image_5201.jpg,Fluconazole
image_5202.jpg,Fluconazole
image_5203.jpg,Fluconazole
image_5204.png,Fluconazole
image_5205.jpg,Fluconazole
image_5206.jpg,Fluconazole
image_5207.jpg,Fluconazole
image_5208.jpg,Fluconazole
image_5209.jpg,Fluconazole
image_5210.jpg,Fluconazole
image_5211.jpg,Fluconazole
image_5212.jpg,Fluconazole
image_5213.jpg,Fluconazole
image_5214.jpg,Fluconazole
image_5215.jpg,Fluconazole
image_5216.jpg,Fluconazole
image_5217.jpg,Fluconazole
image_5218.jpg,Fluconazole
image_5219.jpg,Fluconazole
image_5220.jpg,Fluconazole
image_5221.jpg,Fluconazole
image_5222.jpg,Fluconazole
image_5223.jpg,Fluconazole
image_5224.jpg,Fluconazole
image_5225.jpg,Fluconazole
image_5226.png,Fluconazole
image_5227.jpg,Fluconazole
image_5228.jpeg,Fluconazole
image_5229.jpg,Fluconazole
image_5230.jpg,Fluconazole
image_5231.jpg,Fluconazole
image_5232.jpg,Fluconazole
image_5233.jpeg,Fluconazole
image_5234.jpg,Fluconazole
image_5235.jpg,Fluconazole
image_5236.jpeg,Fluconazole
image_5237.jpg,Fluconazole
image_5238.jpeg,Fluconazole
image_5239.jpg,Fluconazole
image_5240.png,Fluconazole
image_5241.jpg,Fluconazole
image_5242.JPG,Fluconazole
image_5243.jpg,Fluconazole
image_5244.jpg,Fluconazole
image_5245.jpg,Fluconazole
image_5246.jpg,Fluconazole
image_5247.png,Fluconazole
image_5248.JPG,Fluocinolone
image_5249.jpg,Fluocinolone
image_5250.jpg,Fluocinolone
image_5251.JPG,Fluocinolone
image_5252.JPG,Fluocinolone
image_5253.jpg,Fluocinolone
image_5254.jpg,Fluocinolone
image_5255.jpeg,Fluocinolone
image_5256.jpg,Fluocinolone
image_5257.jpg,Fluocinolone
image_5258.jpg,Fluocinolone
image_5259.jpg,Fluocinolone
image_5260.jpg,Fluocinolone
image_5261.JPG,Fluocinolone
image_5262.JPG,Fluocinolone
image_5263.png,Fluocinolone
image_5264.jpg,Fluocinolone
image_5265.jpg,Fluocinolone
image_5266.jpg,Fluocinolone
image_5267.jpg,Fluocinolone
image_5268.jpg,Fluocinolone
image_5269.jpeg,Fluocinolone
image_5270.jpg,Fluocinolone
image_5271.jpg,Fluocinolone
image_5272.JPG,Fluocinolone
image_5273.jpg,Fluocinolone
image_5274.jpg,Fluocinolone
image_5275.jpg,Fluocinolone
image_5276.jpg,Fluocinolone
image_5277.jpg,Fluocinolone
image_5278.jpg,Fluocinolone
image_5279.JPG,Fluocinolone
image_5280.png,Fluocinolone
image_5281.jpg,Fluocinolone
image_5282.jpeg,Fluocinolone
image_5283.jpg,Fluocinolone
image_5284.jpg,Fluocinolone
image_5285.jpg,Fluocinolone
image_5286.jpg,Fluocinolone
image_5287.JPG,Fluocinolone
image_5288.jpg,Fluocinolone
image_5289.jpg,Fluocinolone
image_5290.jpg,Fluocinolone
image_5291.jpg,Fluocinolone
image_5292.gif,Fluocinolone
image_5293.jpg,Fluocinolone
image_5294.png,Fluocinolone
image_5295.jpg,Fluocinolone
image_5296.jpg,Fluocinolone
image_5297.jpg,Fluocinolone
image_5298.JPG,Fluocinolone
image_5299.png,Fluocinolone
image_5300.jpg,Fluocinolone
image_5301.jpg,Fluocinolone
image_5302.jpg,Fluocinolone
image_5303.png,Fluocinolone
image_5304.jpg,Fluocinolone
image_5305.jpg,Fluocinolone
image_5306.jpg,Fluocinolone
image_5307.jpg,Fluocinolone
image_5308.jpg,Fluocinolone
image_5309.png,Fluocinolone
image_5310.jpg,Folavit
image_5311.jpg,Folavit
image_5312.jpg,Folavit
image_5313.jpg,Folavit
image_5314.jpg,Folavit
image_5315.jpg,Folavit
image_5316.jpg,Folavit
image_5317.jpg,Folavit
image_5318.jpg,Folavit
image_5319.jpg,Folavit
image_5320.jpg,Folavit
image_5321.png,Folavit
image_5322.jpg,Folavit
image_5323.jpg,Folavit
image_5324.jpg,Folavit
image_5325.jpg,Folavit
image_5326.jpg,Folavit
image_5327.jpg,Folavit
image_5328.jpg,Folavit
image_5329.jpg,Folavit
image_5330.jpg,Folavit
image_5331.jpg,Folavit
image_5332.jpg,Folavit
image_5333.jpg,Folavit
image_5334.jpg,Folavit
image_5335.jpg,Folavit
image_5336.jpg,Folavit
image_5337.jpg,Folavit
image_5338.jpg,Folavit
image_5339.jpg,Folavit
image_5340.jpg,Folavit
image_5341.jpg,Folavit
image_5342.jpg,Folavit
image_5343.jpg,Folavit
image_5344.jpg,Folavit
image_5345.jpg,Folavit
image_5346.jpg,Folavit
image_5347.jpg,Folavit
image_5348.jpg,Folavit
image_5349.jpg,Folavit
image_5350.jpg,Folavit
image_5351.jpg,Folavit
image_5352.jpg,Folavit
image_5353.jpg,Folavit
image_5354.jpg,Folavit
image_5355.png,Folavit
image_5356.jpg,Folavit
image_5357.jpg,Folavit
image_5358.jpg,Folavit
image_5359.jpg,Folavit
image_5360.jpg,Folavit
image_5361.jpg,Folavit
image_5362.jpg,Folavit
image_5363.jpg,Folavit
image_5364.jpg,Folavit
image_5365.jpg,Folavit
image_5366.jpg,Folavit
image_5367.jpg,Folavit
image_5368.png,Folavit
image_5369.jpg,Folavit
image_5370.jpg,Folavit
image_5371.jpg,Folavit
image_5372.jpg,Folavit
image_5373.jpg,Folavit
image_5374.jpg,Folavit
image_5375.jpg,Folavit
image_5376.jpg,Folavit
image_5377.jpg,Folavit
image_5378.jpg,Folavit
image_5379.jpg,Folavit
image_5380.jpg,Folavit
image_5381.jpg,Folavit
image_5382.jpg,Folavit
image_5383.jpg,Folavit
image_5384.jpg,Folavit
image_5385.jpg,Folavit
image_5386.jpg,Folavit
image_5387.jpg,Folavit
image_5388.jpg,Folavit
image_5389.jpg,Folavit
image_5390.jpg,Folavit
image_5391.jpeg,Folavit
image_5392.jpg,Folavit
image_5393.jpg,Folavit
image_5394.jpg,Folavit
image_5395.png,Folavit
image_5396.jpg,Folavit
image_5397.jpg,Folavit
image_5398.jpg,Formoterol
image_5399.jpg,Formoterol
image_5400.jpg,Formoterol
image_5401.jpg,Formoterol
image_5402.jpg,Formoterol
image_5403.jpg,Formoterol
image_5404.jpg,Formoterol
image_5405.jpg,Formoterol
image_5406.jpg,Formoterol
image_5407.jpg,Formoterol
image_5408.jpg,Formoterol
image_5409.jpg,Formoterol
image_5410.jpg,Formoterol
image_5411.jpg,Formoterol
image_5412.jpg,Formoterol
image_5413.jpg,Formoterol
image_5414.jpg,Formoterol
image_5415.png,Formoterol
image_5416.jpg,Formoterol
image_5417.jpg,Formoterol
image_5418.jpg,Formoterol
image_5419.jpg,Formoterol
image_5420.jpg,Formoterol
image_5421.jpg,Formoterol
image_5422.jpg,Formoterol
image_5423.jpg,Formoterol
image_5424.jpg,Formoterol
image_5425.jpg,Formoterol
image_5426.jpg,Formoterol
image_5427.jpg,Formoterol
image_5428.png,Formoterol
image_5429.jpg,Formoterol
image_5430.jpg,Formoterol
image_5431.jpg,Formoterol
image_5432.jpg,Formoterol
image_5433.jpg,Formoterol
image_5434.jpg,Formoterol
image_5435.jpg,Formoterol
image_5436.jpg,Formoterol
image_5437.jpg,Formoterol
image_5438.jpg,Formoterol
image_5439.jpg,Formoterol
image_5440.jpg,Formoterol
image_5441.jpg,Formoterol
image_5442.jpg,Formoterol
image_5443.jpg,Formoterol
image_5444.png,Formoterol
image_5445.jpg,Formoterol
image_5446.jpg,Formoterol
image_5447.jpg,Formoterol
image_5448.jpg,Formoterol
image_5449.jpg,Formoterol
image_5450.jpg,Formoterol
image_5451.jpeg,Formoterol
image_5452.jpg,Formoterol
image_5453.jpg,Formoterol
image_5454.jpg,Formoterol
image_5455.gif,Formoterol
image_5456.jpeg,Formoterol
image_5457.png,Formoterol
image_5458.jpg,Formoterol
image_5459.jpg,Formoterol
image_5460.jpg,Formoterol
image_5461.jpg,Fungiderm
image_5462.jpg,Fungiderm
image_5463.jpg,Fungiderm
image_5464.jpg,Fungiderm
image_5465.jpg,Fungiderm
image_5466.jpg,Fungiderm
image_5467.jpg,Fungiderm
image_5468.jpg,Fungiderm
image_5469.jpg,Fungiderm
image_5470.jpg,Fungiderm
image_5471.jpg,Fungiderm
image_5472.jpg,Fungiderm
image_5473.jpg,Fungiderm
image_5474.jpg,Fungiderm
image_5475.jpg,Fungiderm
image_5476.jpg,Fungiderm
image_5477.jpg,Fungiderm
image_5478.jpg,Fungiderm
image_5479.jpg,Fungiderm
image_5480.jpg,Fungiderm
image_5481.png,Fungiderm
image_5482.jpg,Fungiderm
image_5483.jpg,Fungiderm
image_5484.jpg,Fungiderm
image_5485.jpg,Fungiderm
image_5486.jpg,Fungiderm
image_5487.jpg,Fungiderm
image_5488.jpg,Fungiderm
image_5489.jpg,Fungiderm
image_5490.jpg,Fungiderm
image_5491.jpg,Fungiderm
image_5492.jpg,Fungiderm
image_5493.jpg,Fungiderm
image_5494.png,Fungiderm
image_5495.jpg,Fungiderm
image_5496.jpg,Fungiderm
image_5497.jpeg,Fungiderm
image_5498.jpeg,Fungiderm
image_5499.jpg,Fungiderm
image_5500.jpg,Fungiderm
image_5501.jpg,Fungiderm
image_5502.jpg,Fungiderm
image_5503.jpg,Fungiderm
image_5504.jpg,Fungiderm
image_5505.jpg,Fungiderm
image_5506.jpg,Fungiderm
image_5507.jpg,Fungiderm
image_5508.jpg,Fungiderm
image_5509.jpg,Fungiderm
image_5510.jpg,Fungiderm
image_5511.jpeg,Fungiderm
image_5512.jpeg,Fungiderm
image_5513.jpg,Fungiderm
image_5514.jpg,Fungiderm
image_5515.jpg,Fungiderm
image_5516.jpg,Fungiderm
image_5517.jpg,Fungiderm
image_5518.png,Fungiderm
image_5519.jpg,Fungiderm
image_5520.jpg,Fungiderm
image_5521.jpg,Fungiderm
image_5522.jpg,Gemcitabine
image_5523.jpg,Gemcitabine
image_5524.jpg,Gemcitabine
image_5525.png,Gemcitabine
image_5526.jpg,Gemcitabine
image_5527.jpg,Gemcitabine
image_5528.jpg,Gemcitabine
image_5529.jpg,Gemcitabine
image_5530.jpg,Gemcitabine
image_5531.jpg,Gemcitabine
image_5532.jpg,Gemcitabine
image_5533.PNG,Gemcitabine
image_5534.jpg,Gemcitabine
image_5535.jpg,Gemcitabine
image_5536.jpg,Gemcitabine
image_5537.jpg,Gemcitabine
image_5538.jpg,Gemcitabine
image_5539.jpg,Gemcitabine
image_5540.jpg,Gemcitabine
image_5541.png,Gemcitabine
image_5542.png,Gemcitabine
image_5543.jpg,Gemcitabine
image_5544.jpg,Gemcitabine
image_5545.jpg,Gemcitabine
image_5546.jpg,Gemcitabine
image_5547.jpg,Gemcitabine
image_5548.jpg,Gemcitabine
image_5549.PNG,Gemcitabine
image_5550.jpg,Gemcitabine
image_5551.jpg,Gemcitabine
image_5552.jpg,Gemcitabine
image_5553.png,Gemcitabine
image_5554.jpg,Gemcitabine
image_5555.jpg,Gemcitabine
image_5556.jpg,Gemcitabine
image_5557.jpg,Gemcitabine
image_5558.jpeg,Gemcitabine
image_5559.jpg,Gemcitabine
image_5560.png,Gemcitabine
image_5561.jpg,Gemcitabine
image_5562.jpg,Gemcitabine
image_5563.jpg,Gemcitabine
image_5564.jpg,Gemcitabine
image_5565.jpg,Gemcitabine
image_5566.jpg,Gemcitabine
image_5567.jpg,Gemcitabine
image_5568.jpg,Gemcitabine
image_5569.jpeg,Gemcitabine
image_5570.jpg,Gemcitabine
image_5571.jpeg,Gemcitabine
image_5572.jpg,Gemcitabine
image_5573.jpg,Gemcitabine
image_5574.jpg,Gemcitabine
image_5575.jpg,Gemcitabine
image_5576.png,Gemcitabine
image_5577.jpg,Gemcitabine
image_5578.jpg,Gemcitabine
image_5579.jpg,Glucosamine
image_5580.jpg,Glucosamine
image_5581.jpg,Glucosamine
image_5582.jpg,Glucosamine
image_5583.jpg,Glucosamine
image_5584.png,Glucosamine
image_5585.png,Glucosamine
image_5586.jpg,Glucosamine
image_5587.jpg,Glucosamine
image_5588.JPG,Glucosamine
image_5589.jpg,Glucosamine
image_5590.jpg,Glucosamine
image_5591.jpg,Glucosamine
image_5592.jpg,Glucosamine
image_5593.jpg,Glucosamine
image_5594.jpg,Glucosamine
image_5595.jpg,Glucosamine
image_5596.png,Glucosamine
image_5597.jpg,Glucosamine
image_5598.jpg,Glucosamine
image_5599.png,Glucosamine
image_5600.jpg,Glucosamine
image_5601.png,Glucosamine
image_5602.png,Glucosamine
image_5603.jpg,Glucosamine
image_5604.jpg,Glucosamine
image_5605.jpg,Glucosamine
image_5606.jpg,Glucosamine
image_5607.png,Glucosamine
image_5608.png,Glucosamine
image_5609.jpg,Glucosamine
image_5610.jpg,Glucosamine
image_5611.png,Glucosamine
image_5612.jpg,Glucosamine
image_5613.jpg,Glucosamine
image_5614.jpg,Glucosamine
image_5615.jpg,Glucosamine
image_5616.png,Glucosamine
image_5617.jpg,Glucosamine
image_5618.jpg,Glucosamine
image_5619.jpg,Glucosamine
image_5620.jpg,Glucosamine
image_5621.png,Glucosamine
image_5622.png,Glucosamine
image_5623.png,Glucosamine
image_5624.jpg,Glucosamine
image_5625.png,Glucosamine
image_5626.jpg,Glucosamine
image_5627.jpg,Glucosamine
image_5628.jpg,Glucosamine
image_5629.jpg,Glucosamine
image_5630.jpg,Glucosamine
image_5631.jpg,Glucosamine
image_5632.jpg,Glucosamine
image_5633.jpg,Glucosamine
image_5634.jpg,Glucosamine
image_5635.jpg,Glucosamine
image_5636.jpg,Glucosamine
image_5637.jpg,Glucosamine
image_5638.jpg,Glucosamine
image_5639.jpg,Glucosamine
image_5640.jpg,Glucosamine
image_5641.jpg,Glucosamine
image_5642.jpg,Glucosamine
image_5643.jpg,Glucosamine
image_5644.png,Glucosamine
image_5645.jpg,Glucosamine
image_5646.jpg,Glucosamine
image_5647.jpg,Glucosamine
image_5648.jpg,Glucosamine
image_5649.jpg,Glucosamine
image_5650.jpg,Granisetron
image_5651.jpg,Granisetron
image_5652.jpg,Granisetron
image_5653.jpg,Granisetron
image_5654.png,Granisetron
image_5655.jpg,Granisetron
image_5656.jpg,Granisetron
image_5657.jpg,Granisetron
image_5658.jpg,Granisetron
image_5659.jpg,Granisetron
image_5660.jpg,Granisetron
image_5661.jpg,Granisetron
image_5662.jpg,Granisetron
image_5663.jpg,Granisetron
image_5664.jpg,Granisetron
image_5665.jpg,Granisetron
image_5666.jpg,Granisetron
image_5667.jpg,Granisetron
image_5668.png,Granisetron
image_5669.jpg,Granisetron
image_5670.jpg,Granisetron
image_5671.png,Granisetron
image_5672.png,Granisetron
image_5673.jpg,Granisetron
image_5674.jpg,Granisetron
image_5675.jpg,Granisetron
image_5676.png,Granisetron
image_5677.png,Granisetron
image_5678.jpg,Granisetron
image_5679.jpeg,Granisetron
image_5680.jpg,Granisetron
image_5681.jpg,Granisetron
image_5682.jpg,Granisetron
image_5683.jpg,Granisetron
image_5684.png,Granisetron
image_5685.jpg,Granisetron
image_5686.jpg,Granisetron
image_5687.jpg,Granisetron
image_5688.jpg,Granisetron
image_5689.jpg,Granisetron
image_5690.jpg,Granisetron
image_5691.jpg,Granisetron
image_5692.jpg,Granisetron
image_5693.gif,Granisetron
image_5694.png,Granisetron
image_5695.jpg,Granisetron
image_5696.jpg,Granisetron
image_5697.jpg,Granisetron
image_5698.png,Granisetron
image_5699.jpg,Granisetron
image_5700.jpg,Granisetron
image_5701.jpg,Granisetron
image_5702.jpeg,Granisetron
image_5703.jpg,Granisetron
image_5704.jpg,Granisetron
image_5705.jpg,Granisetron
image_5706.jpg,Granisetron
image_5707.jpg,Granisetron
image_5708.jpg,Granisetron
image_5709.jpg,Granisetron
image_5710.jpg,Granisetron
image_5711.png,Granisetron
image_5712.jpg,Granisetron
image_5713.jpg,Granisetron
image_5714.jpg,Granisetron
image_5715.jpg,Granisetron
image_5716.jpeg,Granisetron
image_5717.jpg,Granisetron
image_5718.jpg,Granisetron
image_5719.png,Granisetron
image_5720.jpg,Holisticare Ester C
image_5721.jpg,Holisticare Ester C
image_5722.jpg,Holisticare Ester C
image_5723.jpg,Holisticare Ester C
image_5724.jpg,Holisticare Ester C
image_5725.jpg,Holisticare Ester C
image_5726.jpg,Holisticare Ester C
image_5727.jpg,Holisticare Ester C
image_5728.jpg,Holisticare Ester C
image_5729.jpg,Holisticare Ester C
image_5730.jpeg,Holisticare Ester C
image_5731.jpg,Holisticare Ester C
image_5732.jpg,Holisticare Ester C
image_5733.jpg,Holisticare Ester C
image_5734.jpg,Holisticare Ester C
image_5735.jpg,Holisticare Ester C
image_5736.jpg,Holisticare Ester C
image_5737.jpeg,Holisticare Ester C
image_5738.jpg,Holisticare Ester C
image_5739.png,Holisticare Ester C
image_5740.png,Holisticare Ester C
image_5741.jpg,Holisticare Ester C
image_5742.jpg,Holisticare Ester C
image_5743.png,Holisticare Ester C
image_5744.jpg,Holisticare Ester C
image_5745.jpg,Holisticare Ester C
image_5746.jpg,Holisticare Ester C
image_5747.jpg,Holisticare Ester C
image_5748.jpg,Holisticare Ester C
image_5749.jpg,Holisticare Ester C
image_5750.jpg,Holisticare Ester C
image_5751.jpg,Holisticare Ester C
image_5752.jpg,Holisticare Ester C
image_5753.jpeg,Holisticare Ester C
image_5754.png,Holisticare Ester C
image_5755.jpg,Holisticare Ester C
image_5756.jpg,Holisticare Ester C
image_5757.jpg,Holisticare Ester C
image_5758.jpg,Holisticare Ester C
image_5759.jpg,Holisticare Ester C
image_5760.png,Holisticare Ester C
image_5761.png,Holisticare Ester C
image_5762.jpg,Holisticare Ester C
image_5763.jpg,Holisticare Ester C
image_5764.jpg,Holisticare Ester C
image_5765.jpg,Holisticare Ester C
image_5766.jpeg,Holisticare Ester C
image_5767.jpg,Holisticare Ester C
image_5768.jpg,Holisticare Ester C
image_5769.jpg,Holisticare Ester C
image_5770.jpg,Holisticare Ester C
image_5771.jpg,Holisticare Ester C
image_5772.jpg,Holisticare Ester C
image_5773.jpg,Holisticare Ester C
image_5774.jpg,Holisticare Ester C
image_5775.jpg,Holisticare Ester C
image_5776.jpg,Holisticare Ester C
image_5777.jpg,Holisticare Ester C
image_5778.png,Holisticare Ester C
image_5779.jpg,Holisticare Ester C
image_5780.jpg,Holisticare Ester C
image_5781.jpg,Holisticare Ester C
image_5782.jpg,Holisticare Ester C
image_5783.jpeg,Holisticare Ester C
image_5784.jpg,Holisticare Ester C
image_5785.jpg,Holisticare Ester C
image_5786.jpg,Holisticare Ester C
image_5787.jpg,Holisticare Ester C
image_5788.png,Holisticare Ester C
image_5789.jpg,Holisticare Ester C
image_5790.png,Holisticare Ester C
image_5791.jpg,Holisticare Ester C
image_5792.jpeg,Holisticare Ester C
image_5793.jpg,Holisticare Ester C
image_5794.jpg,Holisticare Ester C
image_5795.jpg,Holisticare Ester C
image_5796.jpg,Holisticare Ester C
image_5797.jpg,Holisticare Ester C
image_5798.jpg,Holisticare Ester C
image_5799.jpg,Imboost
image_5800.jpg,Imboost
image_5801.jpg,Imboost
image_5802.jpg,Imboost
image_5803.jpg,Imboost
image_5804.png,Imboost
image_5805.png,Imboost
image_5806.jpg,Imboost
image_5807.jpg,Imboost
image_5808.jpg,Imboost
image_5809.png,Imboost
image_5810.jpg,Imboost
image_5811.jpg,Imboost
image_5812.jpg,Imboost
image_5813.jpg,Imboost
image_5814.jpg,Imboost
image_5815.jpg,Imboost
image_5816.jpg,Imboost
image_5817.jpg,Imboost
image_5818.jpg,Imboost
image_5819.jpg,Imboost
image_5820.jpg,Imboost
image_5821.jpg,Imboost
image_5822.jpg,Imboost
image_5823.jpg,Imboost
image_5824.jpg,Imboost
image_5825.jpg,Imboost
image_5826.jpg,Imboost
image_5827.jpg,Imboost
image_5828.jpg,Imboost
image_5829.jpg,Imboost
image_5830.jpg,Imboost
image_5831.jpg,Imboost
image_5832.jpg,Imboost
image_5833.jpg,Imboost
image_5834.jpg,Imboost
image_5835.png,Imboost
image_5836.jpg,Imboost
image_5837.jpg,Imboost
image_5838.jpg,Imboost
image_5839.jpg,Imboost
image_5840.jpg,Imboost
image_5841.jpg,Imboost
image_5842.jpg,Imboost
image_5843.jpg,Imboost
image_5844.jpg,Imboost
image_5845.jpg,Imboost
image_5846.jpg,Imboost
image_5847.jpg,Imboost
image_5848.jpg,Imboost
image_5849.jpg,Imboost
image_5850.jpg,Imboost
image_5851.png,Imboost
image_5852.jpg,Imboost
image_5853.jpg,Imboost
image_5854.png,Imboost
image_5855.jpg,Imboost
image_5856.jpg,Imboost
image_5857.jpg,Imboost
image_5858.jpg,Imboost
image_5859.jpg,Imboost
image_5860.png,Imboost
image_5861.jpg,Imboost
image_5862.jpg,Imboost
image_5863.png,Imboost
image_5864.jpg,Imboost
image_5865.jpg,Imboost
image_5866.jpg,Imboost
image_5867.jpg,Imboost
image_5868.jpg,Imboost
image_5869.jpg,Imboost
image_5870.jpg,Imboost
image_5871.png,Imodium
image_5872.jpg,Imodium
image_5873.JPG,Imodium
image_5874.png,Imodium
image_5875.jpg,Imodium
image_5876.png,Imodium
image_5877.jpg,Imodium
image_5878.jpg,Imodium
image_5879.jpg,Imodium
image_5880.jpg,Imodium
image_5881.jpg,Imodium
image_5882.jpg,Imodium
image_5883.png,Imodium
image_5884.jpg,Imodium
image_5885.png,Imodium
image_5886.jpg,Imodium
image_5887.jpg,Imodium
image_5888.png,Imodium
image_5889.png,Imodium
image_5890.jpg,Imodium
image_5891.jpg,Imodium
image_5892.png,Imodium
image_5893.jpg,Imodium
image_5894.png,Imodium
image_5895.png,Imodium
image_5896.jpg,Imodium
image_5897.png,Imodium
image_5898.jpeg,Imodium
image_5899.jpg,Imodium
image_5900.jpg,Imodium
image_5901.jpeg,Imodium
image_5902.jpg,Imodium
image_5903.png,Imodium
image_5904.jpg,Imodium
image_5905.jpg,Imodium
image_5906.jpg,Imodium
image_5907.jpg,Imodium
image_5908.jpg,Imodium
image_5909.png,Imodium
image_5910.jpg,Imodium
image_5911.jpg,Imodium
image_5912.jpg,Imodium
image_5913.jpg,Imodium
image_5914.jpg,Imodium
image_5915.jpg,Imodium
image_5916.JPG,Imodium
image_5917.png,Imodium
image_5918.jpg,Imodium
image_5919.jpg,Imodium
image_5920.JPG,Imodium
image_5921.jpg,Imodium
image_5922.jpg,Imodium
image_5923.png,Imodium
image_5924.jpg,Imodium
image_5925.jpg,Imodium
image_5926.jpg,Imodium
image_5927.png,Imodium
image_5928.png,Imodium
image_5929.jpg,Imodium
image_5930.png,Imodium
image_5931.jpg,Imodium
image_5932.jpg,Imodium
image_5933.jpg,Imodium
image_5934.jpg,Imodium
image_5935.png,Imodium
image_5936.jpg,Imodium
image_5937.jpg,Imodium
image_5938.jpg,Imodium
image_5939.jpg,Imodium
image_5940.png,Imodium
image_5941.jpg,Imodium
image_5942.jpg,Imodium
image_5943.jpg,Imodium
image_5944.jpg,Imodium
image_5945.gif,Imodium
image_5946.jpg,Imodium
image_5947.jpg,Imodium
image_5948.jpeg,Imodium
image_5949.jpg,Imodium
image_5950.png,Imodium
image_5951.jpg,Insto
image_5952.jpg,Insto
image_5953.jpg,Insto
image_5954.jpg,Insto
image_5955.jpg,Insto
image_5956.jpg,Insto
image_5957.jpg,Insto
image_5958.jpg,Insto
image_5959.jpg,Insto
image_5960.jpg,Insto
image_5961.jpg,Insto
image_5962.jpg,Insto
image_5963.jpg,Insto
image_5964.jpg,Insto
image_5965.jpg,Insto
image_5966.jpeg,Insto
image_5967.jpg,Insto
image_5968.jpg,Insto
image_5969.jpg,Insto
image_5970.jpg,Insto
image_5971.jpeg,Insto
image_5972.jpg,Insto
image_5973.jpg,Insto
image_5974.jpg,Insto
image_5975.jpg,Insto
image_5976.jpg,Insto
image_5977.jpg,Insto
image_5978.jpg,Insto
image_5979.jpg,Insto
image_5980.jpg,Insto
image_5981.jpg,Insto
image_5982.jpg,Insto
image_5983.jpg,Insto
image_5984.jpg,Insto
image_5985.png,Insto
image_5986.jpg,Insto
image_5987.jpg,Insto
image_5988.png,Insto
image_5989.jpg,Insto
image_5990.jpg,Insto
image_5991.jpg,Insto
image_5992.jpg,Insto
image_5993.jpg,Insto
image_5994.jpg,Insto
image_5995.jpg,Insto
image_5996.jpg,Insto
image_5997.jpg,Insto
image_5998.jpg,Irbesartan
image_5999.jpg,Irbesartan
image_6000.jpg,Irbesartan
image_6001.jpg,Irbesartan
image_6002.jpg,Irbesartan
image_6003.jpg,Irbesartan
image_6004.jpg,Irbesartan
image_6005.jpg,Irbesartan
image_6006.jpg,Irbesartan
image_6007.jpg,Irbesartan
image_6008.jpg,Irbesartan
image_6009.JPG,Irbesartan
image_6010.jpg,Irbesartan
image_6011.jpg,Irbesartan
image_6012.png,Irbesartan
image_6013.png,Irbesartan
image_6014.png,Irbesartan
image_6015.jpg,Irbesartan
image_6016.jpg,Irbesartan
image_6017.jpg,Irbesartan
image_6018.jpg,Irbesartan
image_6019.JPG,Irbesartan
image_6020.jpg,Irbesartan
image_6021.jpg,Irbesartan
image_6022.jpg,Irbesartan
image_6023.jpg,Irbesartan
image_6024.jpeg,Irbesartan
image_6025.jpg,Irbesartan
image_6026.jpg,Irbesartan
image_6027.jpg,Irbesartan
image_6028.jpg,Irbesartan
image_6029.jpg,Irbesartan
image_6030.jpg,Irbesartan
image_6031.jpg,Irbesartan
image_6032.jpg,Irbesartan
image_6033.jpg,Irbesartan
image_6034.jpg,Irbesartan
image_6035.jpg,Irbesartan
image_6036.png,Irbesartan
image_6037.png,Irbesartan
image_6038.jpg,Irbesartan
image_6039.jpg,Irbesartan
image_6040.jpg,Irbesartan
image_6041.jpg,Irbesartan
image_6042.png,Irbesartan
image_6043.jpg,Irbesartan
image_6044.jpg,Irbesartan
image_6045.png,Irbesartan
image_6046.jpg,Irbesartan
image_6047.jpg,Irbesartan
image_6048.png,Irbesartan
image_6049.jpg,Irbesartan
image_6050.jpg,Irbesartan
image_6051.gif,Irbesartan
image_6052.jpg,Irbesartan
image_6053.jpg,Irbesartan
image_6054.jpg,Irbesartan
image_6055.png,Irbesartan
image_6056.jpg,Irbesartan
image_6057.jpg,Irbesartan
image_6058.jpg,Irbesartan
image_6059.jpg,Irbesartan
image_6060.jpg,Irbesartan
image_6061.JPG,Irbesartan
image_6062.jpg,Irbesartan
image_6063.png,Irbesartan
image_6064.png,Irbesartan
image_6065.png,Ketoconazole
image_6066.png,Ketoconazole
image_6067.png,Ketoconazole
image_6068.png,Ketoconazole
image_6069.png,Ketoconazole
image_6070.png,Ketoconazole
image_6071.png,Ketoconazole
image_6072.png,Ketoconazole
image_6073.png,Ketoconazole
image_6074.png,Ketoconazole
image_6075.png,Ketoconazole
image_6076.png,Ketoconazole
image_6077.png,Ketoconazole
image_6078.png,Ketoconazole
image_6079.png,Ketoconazole
image_6080.png,Ketoconazole
image_6081.png,Ketoconazole
image_6082.png,Ketoconazole
image_6083.png,Ketoconazole
image_6084.png,Ketoconazole
image_6085.png,Ketoconazole
image_6086.png,Ketoconazole
image_6087.png,Ketoconazole
image_6088.png,Ketoconazole
image_6089.png,Ketoconazole
image_6090.png,Ketoconazole
image_6091.png,Ketoconazole
image_6092.png,Ketoconazole
image_6093.png,Ketoconazole
image_6094.png,Ketoconazole
image_6095.png,Ketoconazole
image_6096.png,Ketoconazole
image_6097.png,Ketoconazole
image_6098.png,Ketoconazole
image_6099.png,Ketoconazole
image_6100.png,Ketoconazole
image_6101.png,Ketoconazole
image_6102.png,Ketoconazole
image_6103.png,Ketoconazole
image_6104.png,Ketoconazole
image_6105.png,Ketoconazole
image_6106.png,Ketoconazole
image_6107.png,Ketoconazole
image_6108.png,Ketoconazole
image_6109.png,Ketoconazole
image_6110.png,Ketoconazole
image_6111.png,Ketoconazole
image_6112.png,Ketoconazole
image_6113.png,Ketoconazole
image_6114.png,Ketoconazole
image_6115.png,Ketoconazole
image_6116.png,Ketoconazole
image_6117.png,Ketoconazole
image_6118.png,Ketoconazole
image_6119.png,Ketoconazole
image_6120.png,Ketoconazole
image_6121.png,Ketoconazole
image_6122.png,Ketoconazole
image_6123.png,Ketoconazole
image_6124.png,Ketoconazole
image_6125.png,Ketoconazole
image_6126.png,Ketoconazole
image_6127.png,Ketoconazole
image_6128.png,Ketoconazole
image_6129.png,Ketoconazole
image_6130.png,Labetalol
image_6131.png,Labetalol
image_6132.png,Labetalol
image_6133.png,Labetalol
image_6134.png,Labetalol
image_6135.png,Labetalol
image_6136.png,Labetalol
image_6137.png,Labetalol
image_6138.png,Labetalol
image_6139.png,Labetalol
image_6140.png,Labetalol
image_6141.png,Labetalol
image_6142.png,Labetalol
image_6143.png,Labetalol
image_6144.png,Labetalol
image_6145.png,Labetalol
image_6146.png,Labetalol
image_6147.png,Labetalol
image_6148.png,Labetalol
image_6149.png,Labetalol
image_6150.png,Labetalol
image_6151.png,Labetalol
image_6152.png,Labetalol
image_6153.png,Labetalol
image_6154.png,Labetalol
image_6155.png,Labetalol
image_6156.png,Labetalol
image_6157.png,Labetalol
image_6158.png,Labetalol
image_6159.png,Labetalol
image_6160.png,Labetalol
image_6161.png,Labetalol
image_6162.png,Labetalol
image_6163.png,Labetalol
image_6164.png,Labetalol
image_6165.png,Labetalol
image_6166.png,Labetalol
image_6167.png,Labetalol
image_6168.png,Labetalol
image_6169.png,Labetalol
image_6170.png,Labetalol
image_6171.png,Labetalol
image_6172.png,Labetalol
image_6173.png,Labetalol
image_6174.png,Labetalol
image_6175.png,Labetalol
image_6176.png,Labetalol
image_6177.png,Labetalol
image_6178.png,Labetalol
image_6179.png,Labetalol
image_6180.png,Labetalol
image_6181.png,Labetalol
image_6182.png,Labetalol
image_6183.png,Labetalol
image_6184.png,Labetalol
image_6185.png,Labetalol
image_6186.png,Labetalol
image_6187.png,Labetalol
image_6188.png,Labetalol
image_6189.png,Labetalol
image_6190.png,Labetalol
image_6191.png,Labetalol
image_6192.png,Labetalol
image_6193.png,Labetalol
image_6194.png,Labetalol
image_6195.png,Labetalol
image_6196.png,Labetalol
image_6197.png,Labetalol
image_6198.png,Labetalol
image_6199.png,Latanoprost
image_6200.png,Latanoprost
image_6201.png,Latanoprost
image_6202.png,Latanoprost
image_6203.png,Latanoprost
image_6204.png,Latanoprost
image_6205.png,Latanoprost
image_6206.png,Latanoprost
image_6207.png,Latanoprost
image_6208.png,Latanoprost
image_6209.png,Latanoprost
image_6210.png,Latanoprost
image_6211.png,Latanoprost
image_6212.png,Latanoprost
image_6213.png,Latanoprost
image_6214.png,Latanoprost
image_6215.png,Latanoprost
image_6216.png,Latanoprost
image_6217.png,Latanoprost
image_6218.png,Latanoprost
image_6219.png,Latanoprost
image_6220.png,Latanoprost
image_6221.png,Latanoprost
image_6222.png,Latanoprost
image_6223.png,Latanoprost
image_6224.png,Latanoprost
image_6225.png,Latanoprost
image_6226.png,Latanoprost
image_6227.png,Latanoprost
image_6228.png,Latanoprost
image_6229.png,Latanoprost
image_6230.png,Latanoprost
image_6231.png,Latanoprost
image_6232.png,Latanoprost
image_6233.png,Latanoprost
image_6234.png,Latanoprost
image_6235.png,Latanoprost
image_6236.png,Latanoprost
image_6237.png,Latanoprost
image_6238.png,Latanoprost
image_6239.png,Latanoprost
image_6240.png,Latanoprost
image_6241.png,Latanoprost
image_6242.png,Latanoprost
image_6243.png,Latanoprost
image_6244.png,Latanoprost
image_6245.png,Latanoprost
image_6246.png,Latanoprost
image_6247.png,Latanoprost
image_6248.png,Latanoprost
image_6249.png,Latanoprost
image_6250.png,Latanoprost
image_6251.png,Latanoprost
image_6252.png,Latanoprost
image_6253.png,Latanoprost
image_6254.png,Latanoprost
image_6255.png,Latanoprost
image_6256.png,Latanoprost
image_6257.png,Latanoprost
image_6258.png,Latanoprost
image_6259.png,Latanoprost
image_6260.png,Latanoprost
image_6261.png,Latanoprost
image_6262.png,Latanoprost
image_6263.png,Latanoprost
image_6264.png,Latanoprost
image_6265.png,Latanoprost
image_6266.png,Latanoprost
image_6267.png,Latanoprost
image_6268.png,Lenalidomide
image_6269.png,Lenalidomide
image_6270.png,Lenalidomide
image_6271.png,Lenalidomide
image_6272.png,Lenalidomide
image_6273.png,Lenalidomide
image_6274.png,Lenalidomide
image_6275.png,Lenalidomide
image_6276.png,Lenalidomide
image_6277.png,Lenalidomide
image_6278.png,Lenalidomide
image_6279.png,Lenalidomide
image_6280.png,Lenalidomide
image_6281.png,Lenalidomide
image_6282.png,Lenalidomide
image_6283.png,Lenalidomide
image_6284.png,Lenalidomide
image_6285.png,Lenalidomide
image_6286.png,Lenalidomide
image_6287.png,Lenalidomide
image_6288.png,Lenalidomide
image_6289.png,Lenalidomide
image_6290.png,Lenalidomide
image_6291.png,Lenalidomide
image_6292.png,Lenalidomide
image_6293.png,Lenalidomide
image_6294.png,Lenalidomide
image_6295.png,Lenalidomide
image_6296.png,Lenalidomide
image_6297.png,Lenalidomide
image_6298.png,Lenalidomide
image_6299.png,Lenalidomide
image_6300.png,Lenalidomide
image_6301.png,Lenalidomide
image_6302.png,Lenalidomide
image_6303.png,Lenalidomide
image_6304.png,Lenalidomide
image_6305.png,Lenalidomide
image_6306.png,Lenalidomide
image_6307.png,Lenalidomide
image_6308.png,Lenalidomide
image_6309.png,Lenalidomide
image_6310.png,Lenalidomide
image_6311.png,Lenalidomide
image_6312.png,Lenalidomide
image_6313.png,Lenalidomide
image_6314.png,Lenalidomide
image_6315.png,Lenalidomide
image_6316.png,Lenalidomide
image_6317.png,Lenalidomide
image_6318.png,Lenalidomide
image_6319.png,Lenalidomide
image_6320.png,Lenalidomide
image_6321.png,Lenalidomide
image_6322.png,Lenalidomide
image_6323.png,Lenalidomide
image_6324.png,Lenalidomide
image_6325.png,Lenalidomide
image_6326.png,Lenalidomide
image_6327.png,Lenalidomide
image_6328.png,Lenalidomide
image_6329.png,Lenalidomide
image_6330.png,Lenalidomide
image_6331.png,Lenalidomide
image_6332.png,Letrozole
image_6333.png,Letrozole
image_6334.png,Letrozole
image_6335.png,Letrozole
image_6336.png,Letrozole
image_6337.png,Letrozole
image_6338.png,Letrozole
image_6339.png,Letrozole
image_6340.png,Letrozole
image_6341.png,Letrozole
image_6342.png,Letrozole
image_6343.png,Letrozole
image_6344.png,Letrozole
image_6345.png,Letrozole
image_6346.png,Letrozole
image_6347.png,Letrozole
image_6348.png,Letrozole
image_6349.png,Letrozole
image_6350.png,Letrozole
image_6351.png,Letrozole
image_6352.png,Letrozole
image_6353.png,Letrozole
image_6354.png,Letrozole
image_6355.png,Letrozole
image_6356.png,Letrozole
image_6357.png,Letrozole
image_6358.png,Letrozole
image_6359.png,Letrozole
image_6360.png,Letrozole
image_6361.png,Letrozole
image_6362.png,Letrozole
image_6363.png,Letrozole
image_6364.png,Letrozole
image_6365.png,Letrozole
image_6366.png,Letrozole
image_6367.png,Letrozole
image_6368.png,Letrozole
image_6369.png,Letrozole
image_6370.png,Letrozole
image_6371.png,Letrozole
image_6372.png,Letrozole
image_6373.png,Letrozole
image_6374.png,Letrozole
image_6375.png,Letrozole
image_6376.png,Letrozole
image_6377.png,Letrozole
image_6378.png,Letrozole
image_6379.png,Letrozole
image_6380.png,Letrozole
image_6381.png,Letrozole
image_6382.png,Letrozole
image_6383.png,Letrozole
image_6384.png,Letrozole
image_6385.png,Letrozole
image_6386.png,Letrozole
image_6387.png,Letrozole
image_6388.png,Letrozole
image_6389.png,Letrozole
image_6390.png,Letrozole
image_6391.png,Letrozole
image_6392.png,Letrozole
image_6393.png,Letrozole
image_6394.png,Letrozole
image_6395.png,Letrozole
image_6396.png,Letrozole
image_6397.png,Letrozole
image_6398.png,Letrozole
image_6399.png,Letrozole
image_6400.png,Levetiracetam
image_6401.png,Levetiracetam
image_6402.png,Levetiracetam
image_6403.png,Levetiracetam
image_6404.png,Levetiracetam
image_6405.png,Levetiracetam
image_6406.png,Levetiracetam
image_6407.png,Levetiracetam
image_6408.png,Levetiracetam
image_6409.png,Levetiracetam
image_6410.png,Levetiracetam
image_6411.png,Levetiracetam
image_6412.png,Levetiracetam
image_6413.png,Levetiracetam
image_6414.png,Levetiracetam
image_6415.png,Levetiracetam
image_6416.png,Levetiracetam
image_6417.png,Levetiracetam
image_6418.png,Levetiracetam
image_6419.png,Levetiracetam
image_6420.png,Levetiracetam
image_6421.png,Levetiracetam
image_6422.png,Levetiracetam
image_6423.png,Levetiracetam
image_6424.png,Levetiracetam
image_6425.png,Levetiracetam
image_6426.png,Levetiracetam
image_6427.png,Levetiracetam
image_6428.png,Levetiracetam
image_6429.png,Levetiracetam
image_6430.png,Levetiracetam
image_6431.png,Levetiracetam
image_6432.png,Levetiracetam
image_6433.png,Levetiracetam
image_6434.png,Levetiracetam
image_6435.png,Levetiracetam
image_6436.png,Levetiracetam
image_6437.png,Levetiracetam
image_6438.png,Levetiracetam
image_6439.png,Levetiracetam
image_6440.png,Levetiracetam
image_6441.png,Levetiracetam
image_6442.png,Levetiracetam
image_6443.png,Levetiracetam
image_6444.png,Levetiracetam
image_6445.png,Levetiracetam
image_6446.png,Levetiracetam
image_6447.png,Levetiracetam
image_6448.png,Levetiracetam
image_6449.png,Levetiracetam
image_6450.png,Levetiracetam
image_6451.png,Levetiracetam
image_6452.png,Levetiracetam
image_6453.png,Levetiracetam
image_6454.png,Levetiracetam
image_6455.png,Levetiracetam
image_6456.png,Levetiracetam
image_6457.png,Levetiracetam
image_6458.png,Levetiracetam
image_6459.png,Levetiracetam
image_6460.png,Levetiracetam
image_6461.png,Levetiracetam
image_6462.png,Levetiracetam
image_6463.png,Levocetirizine
image_6464.png,Levocetirizine
image_6465.png,Levocetirizine
image_6466.png,Levocetirizine
image_6467.png,Levocetirizine
image_6468.png,Levocetirizine
image_6469.png,Levocetirizine
image_6470.png,Levocetirizine
image_6471.png,Levocetirizine
image_6472.png,Levocetirizine
image_6473.png,Levocetirizine
image_6474.png,Levocetirizine
image_6475.png,Levocetirizine
image_6476.png,Levocetirizine
image_6477.png,Levocetirizine
image_6478.png,Levocetirizine
image_6479.png,Levocetirizine
image_6480.png,Levocetirizine
image_6481.png,Levocetirizine
image_6482.png,Levocetirizine
image_6483.png,Levocetirizine
image_6484.png,Levocetirizine
image_6485.png,Levocetirizine
image_6486.png,Levocetirizine
image_6487.png,Levocetirizine
image_6488.png,Levocetirizine
image_6489.png,Levocetirizine
image_6490.png,Levocetirizine
image_6491.png,Levocetirizine
image_6492.png,Levocetirizine
image_6493.png,Levocetirizine
image_6494.png,Levocetirizine
image_6495.png,Levocetirizine
image_6496.png,Levocetirizine
image_6497.png,Levocetirizine
image_6498.png,Levocetirizine
image_6499.png,Levocetirizine
image_6500.png,Levocetirizine
image_6501.png,Levocetirizine
image_6502.png,Levocetirizine
image_6503.png,Levocetirizine
image_6504.png,Levocetirizine
image_6505.png,Levocetirizine
image_6506.png,Levocetirizine
image_6507.png,Levocetirizine
image_6508.png,Levocetirizine
image_6509.png,Levocetirizine
image_6510.png,Levocetirizine
image_6511.png,Levocetirizine
image_6512.png,Levocetirizine
image_6513.png,Levocetirizine
image_6514.png,Levocetirizine
image_6515.png,Levocetirizine
image_6516.png,Levocetirizine
image_6517.png,Levocetirizine
image_6518.png,Levocetirizine
image_6519.png,Levocetirizine
image_6520.png,Levocetirizine
image_6521.png,Levocetirizine
image_6522.png,Levocetirizine
image_6523.png,Levocetirizine
image_6524.png,Levocetirizine
image_6525.png,Levocetirizine
image_6526.png,Levocetirizine
image_6527.png,Levocetirizine
image_6528.png,Levocetirizine
image_6529.png,Levocetirizine
image_6530.png,Levocetirizine
image_6531.png,Levocetirizine
image_6532.png,Levofloxacin
image_6533.png,Levofloxacin
image_6534.png,Levofloxacin
image_6535.png,Levofloxacin
image_6536.png,Levofloxacin
image_6537.png,Levofloxacin
image_6538.png,Levofloxacin
image_6539.png,Levofloxacin
image_6540.png,Levofloxacin
image_6541.png,Levofloxacin
image_6542.png,Levofloxacin
image_6543.png,Levofloxacin
image_6544.png,Levofloxacin
image_6545.png,Levofloxacin
image_6546.png,Levofloxacin
image_6547.png,Levofloxacin
image_6548.png,Levofloxacin
image_6549.png,Levofloxacin
image_6550.png,Levofloxacin
image_6551.png,Levofloxacin
image_6552.png,Levofloxacin
image_6553.png,Levofloxacin
image_6554.png,Levofloxacin
image_6555.png,Levofloxacin
image_6556.png,Levofloxacin
image_6557.png,Levofloxacin
image_6558.png,Levofloxacin
image_6559.png,Levofloxacin
image_6560.png,Levofloxacin
image_6561.png,Levofloxacin
image_6562.png,Levofloxacin
image_6563.png,Levofloxacin
image_6564.png,Levofloxacin
image_6565.png,Levofloxacin
image_6566.png,Levofloxacin
image_6567.png,Levofloxacin
image_6568.png,Levofloxacin
image_6569.png,Levofloxacin
image_6570.png,Levofloxacin
image_6571.png,Levofloxacin
image_6572.png,Levofloxacin
image_6573.png,Levofloxacin
image_6574.png,Levofloxacin
image_6575.png,Levofloxacin
image_6576.png,Levofloxacin
image_6577.png,Levofloxacin
image_6578.png,Levofloxacin
image_6579.png,Levofloxacin
image_6580.png,Levofloxacin
image_6581.png,Levofloxacin
image_6582.png,Levofloxacin
image_6583.png,Levofloxacin
image_6584.png,Levofloxacin
image_6585.png,Levofloxacin
image_6586.png,Levofloxacin
image_6587.png,Levofloxacin
image_6588.png,Levofloxacin
image_6589.png,Levofloxacin
image_6590.png,Levofloxacin
image_6591.png,Levofloxacin
image_6592.png,Levofloxacin
image_6593.png,Levofloxacin
image_6594.png,Levofloxacin
image_6595.png,Lidocaine
image_6596.png,Lidocaine
image_6597.png,Lidocaine
image_6598.png,Lidocaine
image_6599.png,Lidocaine
image_6600.png,Lidocaine
image_6601.png,Lidocaine
image_6602.png,Lidocaine
image_6603.png,Lidocaine
image_6604.png,Lidocaine
image_6605.png,Lidocaine
image_6606.png,Lidocaine
image_6607.png,Lidocaine
image_6608.png,Lidocaine
image_6609.png,Lidocaine
image_6610.png,Lidocaine
image_6611.png,Lidocaine
image_6612.png,Lidocaine
image_6613.png,Lidocaine
image_6614.png,Lidocaine
image_6615.png,Lidocaine
image_6616.png,Lidocaine
image_6617.png,Lidocaine
image_6618.png,Lidocaine
image_6619.png,Lidocaine
image_6620.png,Lidocaine
image_6621.png,Lidocaine
image_6622.png,Lidocaine
image_6623.png,Lidocaine
image_6624.png,Lidocaine
image_6625.png,Lidocaine
image_6626.png,Lidocaine
image_6627.png,Lidocaine
image_6628.png,Lidocaine
image_6629.png,Lidocaine
image_6630.png,Lidocaine
image_6631.png,Lidocaine
image_6632.png,Lidocaine
image_6633.png,Lidocaine
image_6634.png,Lidocaine
image_6635.png,Lidocaine
image_6636.png,Lidocaine
image_6637.png,Lidocaine
image_6638.png,Lidocaine
image_6639.png,Lidocaine
image_6640.png,Lidocaine
image_6641.png,Lidocaine
image_6642.png,Lidocaine
image_6643.png,Lidocaine
image_6644.png,Lidocaine
image_6645.png,Lidocaine
image_6646.png,Lidocaine
image_6647.png,Lidocaine
image_6648.png,Lidocaine
image_6649.png,Lidocaine
image_6650.png,Lidocaine
image_6651.png,Lidocaine
image_6652.png,Lidocaine
image_6653.png,Lidocaine
image_6654.png,Lidocaine
image_6655.png,Lidocaine
image_6656.png,Lidocaine
image_6657.png,Lidocaine
image_6658.png,Lidocaine
image_6659.png,Lidocaine
image_6660.png,Lidocaine
image_6661.png,Linezolid
image_6662.png,Linezolid
image_6663.png,Linezolid
image_6664.png,Linezolid
image_6665.png,Linezolid
image_6666.png,Linezolid
image_6667.png,Linezolid
image_6668.png,Linezolid
image_6669.png,Linezolid
image_6670.png,Linezolid
image_6671.png,Linezolid
image_6672.png,Linezolid
image_6673.png,Linezolid
image_6674.png,Linezolid
image_6675.png,Linezolid
image_6676.png,Linezolid
image_6677.png,Linezolid
image_6678.png,Linezolid
image_6679.png,Linezolid
image_6680.png,Linezolid
image_6681.png,Linezolid
image_6682.png,Linezolid
image_6683.png,Linezolid
image_6684.png,Linezolid
image_6685.png,Linezolid
image_6686.png,Linezolid
image_6687.png,Linezolid
image_6688.png,Linezolid
image_6689.png,Linezolid
image_6690.png,Linezolid
image_6691.png,Linezolid
image_6692.png,Linezolid
image_6693.png,Linezolid
image_6694.png,Linezolid
image_6695.png,Linezolid
image_6696.png,Linezolid
image_6697.png,Linezolid
image_6698.png,Linezolid
image_6699.png,Linezolid
image_6700.png,Linezolid
image_6701.png,Linezolid
image_6702.png,Linezolid
image_6703.png,Linezolid
image_6704.png,Linezolid
image_6705.png,Linezolid
image_6706.png,Linezolid
image_6707.png,Linezolid
image_6708.png,Linezolid
image_6709.png,Linezolid
image_6710.png,Linezolid
image_6711.png,Linezolid
image_6712.png,Linezolid
image_6713.png,Linezolid
image_6714.png,Linezolid
image_6715.png,Linezolid
image_6716.png,Linezolid
image_6717.png,Linezolid
image_6718.png,Linezolid
image_6719.png,Linezolid
image_6720.png,Linezolid
image_6721.png,Linezolid
image_6722.png,Linezolid
image_6723.png,Linezolid
image_6724.png,Lisinopril
image_6725.png,Lisinopril
image_6726.png,Lisinopril
image_6727.png,Lisinopril
image_6728.png,Lisinopril
image_6729.png,Lisinopril
image_6730.png,Lisinopril
image_6731.png,Lisinopril
image_6732.png,Lisinopril
image_6733.png,Lisinopril
image_6734.png,Lisinopril
image_6735.png,Lisinopril
image_6736.png,Lisinopril
image_6737.png,Lisinopril
image_6738.png,Lisinopril
image_6739.png,Lisinopril
image_6740.png,Lisinopril
image_6741.png,Lisinopril
image_6742.png,Lisinopril
image_6743.png,Lisinopril
image_6744.png,Lisinopril
image_6745.png,Lisinopril
image_6746.png,Lisinopril
image_6747.png,Lisinopril
image_6748.png,Lisinopril
image_6749.png,Lisinopril
image_6750.png,Lisinopril
image_6751.png,Lisinopril
image_6752.png,Lisinopril
image_6753.png,Lisinopril
image_6754.png,Lisinopril
image_6755.png,Lisinopril
image_6756.png,Lisinopril
image_6757.png,Lisinopril
image_6758.png,Lisinopril
image_6759.png,Lisinopril
image_6760.png,Lisinopril
image_6761.png,Lisinopril
image_6762.png,Lisinopril
image_6763.png,Lisinopril
image_6764.png,Lisinopril
image_6765.png,Lisinopril
image_6766.png,Lisinopril
image_6767.png,Lisinopril
image_6768.png,Lisinopril
image_6769.png,Lisinopril
image_6770.png,Lisinopril
image_6771.png,Lisinopril
image_6772.png,Lisinopril
image_6773.png,Lisinopril
image_6774.png,Lisinopril
image_6775.png,Lisinopril
image_6776.png,Lisinopril
image_6777.png,Lisinopril
image_6778.png,Lisinopril
image_6779.png,Lisinopril
image_6780.png,Lisinopril
image_6781.png,Lisinopril
image_6782.png,Lisinopril
image_6783.png,Lisinopril
image_6784.png,Lisinopril
image_6785.png,Lisinopril
image_6786.png,Lisinopril
image_6787.png,Lisinopril
image_6788.png,Lisinopril
image_6789.png,Melatonin
image_6790.png,Melatonin
image_6791.png,Melatonin
image_6792.png,Melatonin
image_6793.png,Melatonin
image_6794.png,Melatonin
image_6795.png,Melatonin
image_6796.png,Melatonin
image_6797.png,Melatonin
image_6798.png,Melatonin
image_6799.png,Melatonin
image_6800.png,Melatonin
image_6801.png,Melatonin
image_6802.png,Melatonin
image_6803.png,Melatonin
image_6804.png,Melatonin
image_6805.png,Melatonin
image_6806.png,Melatonin
image_6807.png,Melatonin
image_6808.png,Melatonin
image_6809.png,Melatonin
image_6810.png,Melatonin
image_6811.png,Melatonin
image_6812.png,Melatonin
image_6813.png,Melatonin
image_6814.png,Melatonin
image_6815.png,Melatonin
image_6816.png,Melatonin
image_6817.png,Melatonin
image_6818.png,Melatonin
image_6819.png,Melatonin
image_6820.png,Melatonin
image_6821.png,Melatonin
image_6822.png,Melatonin
image_6823.png,Melatonin
image_6824.png,Melatonin
image_6825.png,Melatonin
image_6826.png,Melatonin
image_6827.png,Melatonin
image_6828.png,Melatonin
image_6829.png,Melatonin
image_6830.png,Melatonin
image_6831.png,Melatonin
image_6832.png,Melatonin
image_6833.png,Melatonin
image_6834.png,Melatonin
image_6835.png,Melatonin
image_6836.png,Melatonin
image_6837.png,Melatonin
image_6838.png,Melatonin
image_6839.png,Melatonin
image_6840.png,Melatonin
image_6841.png,Melatonin
image_6842.png,Melatonin
image_6843.png,Melatonin
image_6844.png,Melatonin
image_6845.png,Melatonin
image_6846.png,Melatonin
image_6847.png,Melatonin
image_6848.png,Melatonin
image_6849.png,Melatonin
image_6850.png,Melatonin
image_6851.png,Melatonin
image_6852.png,Melatonin
image_6853.png,Melatonin
image_6854.png,Melatonin
image_6855.png,Melatonin
image_6856.png,Melatonin
image_6857.png,Melatonin
image_6858.png,Meropenem
image_6859.png,Meropenem
image_6860.png,Meropenem
image_6861.png,Meropenem
image_6862.png,Meropenem
image_6863.png,Meropenem
image_6864.png,Meropenem
image_6865.png,Meropenem
image_6866.png,Meropenem
image_6867.png,Meropenem
image_6868.png,Meropenem
image_6869.png,Meropenem
image_6870.png,Meropenem
image_6871.png,Meropenem
image_6872.png,Meropenem
image_6873.png,Meropenem
image_6874.png,Meropenem
image_6875.png,Meropenem
image_6876.png,Meropenem
image_6877.png,Meropenem
image_6878.png,Meropenem
image_6879.png,Meropenem
image_6880.png,Meropenem
image_6881.png,Meropenem
image_6882.png,Meropenem
image_6883.png,Meropenem
image_6884.png,Meropenem
image_6885.png,Meropenem
image_6886.png,Meropenem
image_6887.png,Meropenem
image_6888.png,Meropenem
image_6889.png,Meropenem
image_6890.png,Meropenem
image_6891.png,Meropenem
image_6892.png,Meropenem
image_6893.png,Meropenem
image_6894.png,Meropenem
image_6895.png,Meropenem
image_6896.png,Meropenem
image_6897.png,Meropenem
image_6898.png,Meropenem
image_6899.png,Meropenem
image_6900.png,Meropenem
image_6901.png,Meropenem
image_6902.png,Meropenem
image_6903.png,Meropenem
image_6904.png,Meropenem
image_6905.png,Meropenem
image_6906.png,Meropenem
image_6907.png,Meropenem
image_6908.png,Meropenem
image_6909.png,Meropenem
image_6910.png,Meropenem
image_6911.png,Meropenem
image_6912.png,Meropenem
image_6913.png,Meropenem
image_6914.png,Meropenem
image_6915.png,Meropenem
image_6916.png,Meropenem
image_6917.png,Meropenem
image_6918.png,Meropenem
image_6919.png,Meropenem
image_6920.png,Meropenem
image_6921.png,Meropenem
image_6922.png,Meropenem
image_6923.png,Meropenem
image_6924.png,Meropenem
image_6925.png,Meropenem
image_6926.png,Metformin
image_6927.png,Metformin
image_6928.png,Metformin
image_6929.png,Metformin
image_6930.png,Metformin
image_6931.png,Metformin
image_6932.png,Metformin
image_6933.png,Metformin
image_6934.png,Metformin
image_6935.png,Metformin
image_6936.png,Metformin
image_6937.png,Metformin
image_6938.png,Metformin
image_6939.png,Metformin
image_6940.png,Metformin
image_6941.png,Metformin
image_6942.png,Metformin
image_6943.png,Metformin
image_6944.png,Metformin
image_6945.png,Metformin
image_6946.png,Metformin
image_6947.png,Metformin
image_6948.png,Metformin
image_6949.png,Metformin
image_6950.png,Metformin
image_6951.png,Metformin
image_6952.png,Metformin
image_6953.png,Metformin
image_6954.png,Metformin
image_6955.png,Metformin
image_6956.png,Metformin
image_6957.png,Metformin
image_6958.png,Metformin
image_6959.png,Metformin
image_6960.png,Metformin
image_6961.png,Metformin
image_6962.png,Metformin
image_6963.png,Metformin
image_6964.png,Metformin
image_6965.png,Metformin
image_6966.png,Metformin
image_6967.png,Metformin
image_6968.png,Metformin
image_6969.png,Metformin
image_6970.png,Metformin
image_6971.png,Metformin
image_6972.png,Metformin
image_6973.png,Metformin
image_6974.png,Metformin
image_6975.png,Metformin
image_6976.png,Metformin
image_6977.png,Metformin
image_6978.png,Metformin
image_6979.png,Metformin
image_6980.png,Metformin
image_6981.png,Metformin
image_6982.png,Metformin
image_6983.png,Metformin
image_6984.png,Metformin
image_6985.png,Metformin
image_6986.png,Metformin
image_6987.png,Metformin
image_6988.png,Metformin
image_6989.png,Metformin
image_6990.png,Methylcobalamin
image_6991.png,Methylcobalamin
image_6992.png,Methylcobalamin
image_6993.png,Methylcobalamin
image_6994.png,Methylcobalamin
image_6995.png,Methylcobalamin
image_6996.png,Methylcobalamin
image_6997.png,Methylcobalamin
image_6998.png,Methylcobalamin
image_6999.png,Methylcobalamin
image_7000.png,Methylcobalamin
image_7001.png,Methylcobalamin
image_7002.png,Methylcobalamin
image_7003.png,Methylcobalamin
image_7004.png,Methylcobalamin
image_7005.png,Methylcobalamin
image_7006.png,Methylcobalamin
image_7007.png,Methylcobalamin
image_7008.png,Methylcobalamin
image_7009.png,Methylcobalamin
image_7010.png,Methylcobalamin
image_7011.png,Methylcobalamin
image_7012.png,Methylcobalamin
image_7013.png,Methylcobalamin
image_7014.png,Methylcobalamin
image_7015.png,Methylcobalamin
image_7016.png,Methylcobalamin
image_7017.png,Methylcobalamin
image_7018.png,Methylcobalamin
image_7019.png,Methylcobalamin
image_7020.png,Methylcobalamin
image_7021.png,Methylcobalamin
image_7022.png,Methylcobalamin
image_7023.png,Methylcobalamin
image_7024.png,Methylcobalamin
image_7025.png,Methylcobalamin
image_7026.png,Methylcobalamin
image_7027.png,Methylcobalamin
image_7028.png,Methylcobalamin
image_7029.png,Methylcobalamin
image_7030.png,Methylcobalamin
image_7031.png,Methylcobalamin
image_7032.png,Methylcobalamin
image_7033.png,Methylcobalamin
image_7034.png,Methylcobalamin
image_7035.png,Methylcobalamin
image_7036.png,Methylcobalamin
image_7037.png,Methylcobalamin
image_7038.png,Methylcobalamin
image_7039.png,Methylcobalamin
image_7040.png,Methylcobalamin
image_7041.png,Methylcobalamin
image_7042.png,Methylcobalamin
image_7043.png,Methylcobalamin
image_7044.png,Methylcobalamin
image_7045.png,Methylcobalamin
image_7046.png,Methylcobalamin
image_7047.png,Methylcobalamin
image_7048.png,Methylcobalamin
image_7049.png,Methylcobalamin
image_7050.png,Methylcobalamin
image_7051.png,Methylcobalamin
image_7052.png,Methylcobalamin
image_7053.png,Methylcobalamin
image_7054.png,Methylcobalamin
image_7055.png,Methylcobalamin
image_7056.png,Methylcobalamin
image_7057.png,Methylcobalamin
image_7058.png,Mixagrip
image_7059.png,Mixagrip
image_7060.png,Mixagrip
image_7061.png,Mixagrip
image_7062.png,Mixagrip
image_7063.png,Mixagrip
image_7064.png,Mixagrip
image_7065.png,Mixagrip
image_7066.png,Mixagrip
image_7067.png,Mixagrip
image_7068.png,Mixagrip
image_7069.png,Mixagrip
image_7070.png,Mixagrip
image_7071.png,Mixagrip
image_7072.png,Mixagrip
image_7073.png,Mixagrip
image_7074.png,Mixagrip
image_7075.png,Mixagrip
image_7076.png,Mixagrip
image_7077.png,Mixagrip
image_7078.png,Mixagrip
image_7079.png,Mixagrip
image_7080.png,Mixagrip
image_7081.png,Mixagrip
image_7082.png,Mixagrip
image_7083.png,Mixagrip
image_7084.png,Mixagrip
image_7085.png,Mixagrip
image_7086.png,Mixagrip
image_7087.png,Mixagrip
image_7088.png,Mixagrip
image_7089.png,Mixagrip
image_7090.png,Mixagrip
image_7091.png,Mixagrip
image_7092.png,Mixagrip
image_7093.png,Mixagrip
image_7094.png,Mixagrip
image_7095.png,Mixagrip
image_7096.png,Mixagrip
image_7097.png,Mixagrip
image_7098.png,Mixagrip
image_7099.png,Mixagrip
image_7100.png,Mixagrip
image_7101.png,Mixagrip
image_7102.png,Mixagrip
image_7103.png,Mixagrip
image_7104.png,Mixagrip
image_7105.png,Mixagrip
image_7106.png,Mixagrip
image_7107.png,Mixagrip
image_7108.png,Mixagrip
image_7109.png,Mixagrip
image_7110.png,Mixagrip
image_7111.png,Mixagrip
image_7112.png,Mixagrip
image_7113.png,Mixagrip
image_7114.png,Mixagrip
image_7115.png,Mixagrip
image_7116.png,Mixagrip
image_7117.png,Mixagrip
image_7118.png,Mixagrip
image_7119.png,Mixagrip
image_7120.png,Mixagrip
image_7121.png,Mixagrip
image_7122.png,Mylanta
image_7123.png,Mylanta
image_7124.png,Mylanta
image_7125.png,Mylanta
image_7126.png,Mylanta
image_7127.png,Mylanta
image_7128.png,Mylanta
image_7129.png,Mylanta
image_7130.png,Mylanta
image_7131.png,Mylanta
image_7132.png,Mylanta
image_7133.png,Mylanta
image_7134.png,Mylanta
image_7135.png,Mylanta
image_7136.png,Mylanta
image_7137.png,Mylanta
image_7138.png,Mylanta
image_7139.png,Mylanta
image_7140.png,Mylanta
image_7141.png,Mylanta
image_7142.png,Mylanta
image_7143.png,Mylanta
image_7144.png,Mylanta
image_7145.png,Mylanta
image_7146.png,Mylanta
image_7147.png,Mylanta
image_7148.png,Mylanta
image_7149.png,Mylanta
image_7150.png,Mylanta
image_7151.png,Mylanta
image_7152.png,Mylanta
image_7153.png,Mylanta
image_7154.png,Mylanta
image_7155.png,Mylanta
image_7156.png,Mylanta
image_7157.png,Mylanta
image_7158.png,Mylanta
image_7159.png,Mylanta
image_7160.png,Mylanta
image_7161.png,Mylanta
image_7162.png,Mylanta
image_7163.png,Mylanta
image_7164.png,Mylanta
image_7165.png,Mylanta
image_7166.png,Mylanta
image_7167.png,Mylanta
image_7168.png,Mylanta
image_7169.png,Mylanta
image_7170.png,Mylanta
image_7171.png,Mylanta
image_7172.png,Mylanta
image_7173.png,Mylanta
image_7174.png,Mylanta
image_7175.png,Mylanta
image_7176.png,Mylanta
image_7177.png,Mylanta
image_7178.png,Mylanta
image_7179.png,Mylanta
image_7180.png,Mylanta
image_7181.png,Mylanta
image_7182.png,Mylanta
image_7183.png,Mylanta
image_7184.png,Mylanta
image_7185.png,Mylanta
image_7186.png,Mylanta
image_7187.png,Nebivolol
image_7188.png,Nebivolol
image_7189.png,Nebivolol
image_7190.png,Nebivolol
image_7191.png,Nebivolol
image_7192.png,Nebivolol
image_7193.png,Nebivolol
image_7194.png,Nebivolol
image_7195.png,Nebivolol
image_7196.png,Nebivolol
image_7197.png,Nebivolol
image_7198.png,Nebivolol
image_7199.png,Nebivolol
image_7200.png,Nebivolol
image_7201.png,Nebivolol
image_7202.png,Nebivolol
image_7203.png,Nebivolol
image_7204.png,Nebivolol
image_7205.png,Nebivolol
image_7206.png,Nebivolol
image_7207.png,Nebivolol
image_7208.png,Nebivolol
image_7209.png,Nebivolol
image_7210.png,Nebivolol
image_7211.png,Nebivolol
image_7212.png,Nebivolol
image_7213.png,Nebivolol
image_7214.png,Nebivolol
image_7215.png,Nebivolol
image_7216.png,Nebivolol
image_7217.png,Nebivolol
image_7218.png,Nebivolol
image_7219.png,Nebivolol
image_7220.png,Nebivolol
image_7221.png,Nebivolol
image_7222.png,Nebivolol
image_7223.png,Nebivolol
image_7224.png,Nebivolol
image_7225.png,Nebivolol
image_7226.png,Nebivolol
image_7227.png,Nebivolol
image_7228.png,Nebivolol
image_7229.png,Nebivolol
image_7230.png,Nebivolol
image_7231.png,Nebivolol
image_7232.png,Nebivolol
image_7233.png,Nebivolol
image_7234.png,Nebivolol
image_7235.png,Nebivolol
image_7236.png,Nebivolol
image_7237.png,Nebivolol
image_7238.png,Nebivolol
image_7239.png,Nebivolol
image_7240.png,Nebivolol
image_7241.png,Nebivolol
image_7242.png,Nebivolol
image_7243.png,Nebivolol
image_7244.png,Nebivolol
image_7245.png,Nebivolol
image_7246.png,Nebivolol
image_7247.png,Nebivolol
image_7248.png,Nebivolol
image_7249.png,Nebivolol
image_7250.png,Nebivolol
image_7251.png,Nebivolol
image_7252.png,Nebivolol
image_7253.png,Nebivolol
image_7254.png,Nebivolol
image_7255.png,Neo Rheumacyl
image_7256.png,Neo Rheumacyl
image_7257.png,Neo Rheumacyl
image_7258.png,Neo Rheumacyl
image_7259.png,Neo Rheumacyl
image_7260.png,Neo Rheumacyl
image_7261.png,Neo Rheumacyl
image_7262.png,Neo Rheumacyl
image_7263.png,Neo Rheumacyl
image_7264.png,Neo Rheumacyl
image_7265.png,Neo Rheumacyl
image_7266.png,Neo Rheumacyl
image_7267.png,Neo Rheumacyl
image_7268.png,Neo Rheumacyl
image_7269.png,Neo Rheumacyl
image_7270.png,Neo Rheumacyl
image_7271.png,Neo Rheumacyl
image_7272.png,Neo Rheumacyl
image_7273.png,Neo Rheumacyl
image_7274.png,Neo Rheumacyl
image_7275.png,Neo Rheumacyl
image_7276.png,Neo Rheumacyl
image_7277.png,Neo Rheumacyl
image_7278.png,Neo Rheumacyl
image_7279.png,Neo Rheumacyl
image_7280.png,Neo Rheumacyl
image_7281.png,Neo Rheumacyl
image_7282.png,Neo Rheumacyl
image_7283.png,Neo Rheumacyl
image_7284.png,Neo Rheumacyl
image_7285.png,Neo Rheumacyl
image_7286.png,Neo Rheumacyl
image_7287.png,Neo Rheumacyl
image_7288.png,Neo Rheumacyl
image_7289.png,Neo Rheumacyl
image_7290.png,Neo Rheumacyl
image_7291.png,Neo Rheumacyl
image_7292.png,Neo Rheumacyl
image_7293.png,Neo Rheumacyl
image_7294.png,Neo Rheumacyl
image_7295.png,Neo Rheumacyl
image_7296.png,Neo Rheumacyl
image_7297.png,Neo Rheumacyl
image_7298.png,Neo Rheumacyl
image_7299.png,Neo Rheumacyl
image_7300.png,Neo Rheumacyl
image_7301.png,Neo Rheumacyl
image_7302.png,Neo Rheumacyl
image_7303.png,Neo Rheumacyl
image_7304.png,Neo Rheumacyl
image_7305.png,Neo Rheumacyl
image_7306.png,Neo Rheumacyl
image_7307.png,Neo Rheumacyl
image_7308.png,Neo Rheumacyl
image_7309.png,Neo Rheumacyl
image_7310.png,Neo Rheumacyl
image_7311.png,Neo Rheumacyl
image_7312.png,Neo Rheumacyl
image_7313.png,Neo Rheumacyl
image_7314.png,Neo Rheumacyl
image_7315.png,Neo Rheumacyl
image_7316.png,Neo Rheumacyl
image_7317.png,Neo Rheumacyl
image_7318.png,Neo Rheumacyl
image_7319.png,Neo Rheumacyl
image_7320.png,Neurobion
image_7321.png,Neurobion
image_7322.png,Neurobion
image_7323.png,Neurobion
image_7324.png,Neurobion
image_7325.png,Neurobion
image_7326.png,Neurobion
image_7327.png,Neurobion
image_7328.png,Neurobion
image_7329.png,Neurobion
image_7330.png,Neurobion
image_7331.png,Neurobion
image_7332.png,Neurobion
image_7333.png,Neurobion
image_7334.png,Neurobion
image_7335.png,Neurobion
image_7336.png,Neurobion
image_7337.png,Neurobion
image_7338.png,Neurobion
image_7339.png,Neurobion
image_7340.png,Neurobion
image_7341.png,Neurobion
image_7342.png,Neurobion
image_7343.png,Neurobion
image_7344.png,Neurobion
image_7345.png,Neurobion
image_7346.png,Neurobion
image_7347.png,Neurobion
image_7348.png,Neurobion
image_7349.png,Neurobion
image_7350.png,Neurobion
image_7351.png,Neurobion
image_7352.png,Neurobion
image_7353.png,Neurobion
image_7354.png,Neurobion
image_7355.png,Neurobion
image_7356.png,Neurobion
image_7357.png,Neurobion
image_7358.png,Neurobion
image_7359.png,Neurobion
image_7360.png,Neurobion
image_7361.png,Neurobion
image_7362.png,Neurobion
image_7363.png,Neurobion
image_7364.png,Neurobion
image_7365.png,Neurobion
image_7366.png,Neurobion
image_7367.png,Neurobion
image_7368.png,Neurobion
image_7369.png,Neurobion
image_7370.png,Neurobion
image_7371.png,Neurobion
image_7372.png,Neurobion
image_7373.png,Neurobion
image_7374.png,Neurobion
image_7375.png,Neurobion
image_7376.png,Neurobion
image_7377.png,Neurobion
image_7378.png,Neurobion
image_7379.png,Neurobion
image_7380.png,Neurobion
image_7381.png,Neurobion
image_7382.png,Neurobion
image_7383.png,Neurobion
image_7384.png,Neurobion
image_7385.png,Neurobion
image_7386.jpg,Ofloxacin
image_7387.jpg,Ofloxacin
image_7388.jpg,Ofloxacin
image_7389.png,Ofloxacin
image_7390.jpg,Ofloxacin
image_7391.jpg,Ofloxacin
image_7392.jpg,Ofloxacin
image_7393.png,Ofloxacin
image_7394.jpg,Ofloxacin
image_7395.jpg,Ofloxacin
image_7396.png,Ofloxacin
image_7397.jpg,Ofloxacin
image_7398.jpeg,Ofloxacin
image_7399.png,Ofloxacin
image_7400.jpg,Ofloxacin
image_7401.jpg,Ofloxacin
image_7402.jpg,Ofloxacin
image_7403.png,Ofloxacin
image_7404.jpeg,Ofloxacin
image_7405.jpg,Ofloxacin
image_7406.jpg,Ofloxacin
image_7407.jpeg,Ofloxacin
image_7408.jpg,Ofloxacin
image_7409.png,Ofloxacin
image_7410.jpg,Ofloxacin
image_7411.jpg,Ofloxacin
image_7412.jpg,Ofloxacin
image_7413.jpg,Ofloxacin
image_7414.png,Ofloxacin
image_7415.jpg,Ofloxacin
image_7416.jpg,Ofloxacin
image_7417.jpg,Ofloxacin
image_7418.jpg,Ofloxacin
image_7419.jpg,Ofloxacin
image_7420.jpg,Ofloxacin
image_7421.jpg,Ofloxacin
image_7422.jpg,Ofloxacin
image_7423.jpg,Ofloxacin
image_7424.jpg,Ofloxacin
image_7425.jpg,Ofloxacin
image_7426.jpg,Ofloxacin
image_7427.jpg,Ofloxacin
image_7428.jpg,Ofloxacin
image_7429.jpg,Ofloxacin
image_7430.jpg,Ofloxacin
image_7431.jpg,Ofloxacin
image_7432.jpg,Ofloxacin
image_7433.jpg,Ofloxacin
image_7434.jpg,Ofloxacin
image_7435.png,Ofloxacin
image_7436.jpg,Olmesartan
image_7437.jpg,Olmesartan
image_7438.jpg,Olmesartan
image_7439.jpg,Olmesartan
image_7440.jpg,Olmesartan
image_7441.jpg,Olmesartan
image_7442.jpg,Olmesartan
image_7443.png,Olmesartan
image_7444.jpg,Olmesartan
image_7445.jpg,Olmesartan
image_7446.png,Olmesartan
image_7447.jpg,Olmesartan
image_7448.jpg,Olmesartan
image_7449.jpg,Olmesartan
image_7450.jpg,Olmesartan
image_7451.png,Olmesartan
image_7452.jpg,Olmesartan
image_7453.png,Olmesartan
image_7454.jpg,Olmesartan
image_7455.jpg,Olmesartan
image_7456.png,Olmesartan
image_7457.jpg,Olmesartan
image_7458.JPG,Olmesartan
image_7459.jpg,Olmesartan
image_7460.jpg,Olmesartan
image_7461.jpg,Olmesartan
image_7462.jpg,Olmesartan
image_7463.jpg,Olmesartan
image_7464.jpg,Olmesartan
image_7465.jpg,Olmesartan
image_7466.jpg,Olmesartan
image_7467.jpg,Olmesartan
image_7468.jpg,Olmesartan
image_7469.jpg,Olmesartan
image_7470.jpeg,Olmesartan
image_7471.jpg,Olmesartan
image_7472.jpg,Olmesartan
image_7473.jpg,Olmesartan
image_7474.jpg,Olmesartan
image_7475.jpg,Olmesartan
image_7476.jpg,Olmesartan
image_7477.jpg,Olmesartan
image_7478.jpg,Olmesartan
image_7479.jpg,Olmesartan
image_7480.png,Olmesartan
image_7481.jpg,Olmesartan
image_7482.jpg,Olmesartan
image_7483.jpg,Olmesartan
image_7484.jpg,Olmesartan
image_7485.jpg,Olmesartan
image_7486.jpg,Olopatadine
image_7487.jpg,Olopatadine
image_7488.jpg,Olopatadine
image_7489.jpg,Olopatadine
image_7490.jpg,Olopatadine
image_7491.png,Olopatadine
image_7492.jpg,Olopatadine
image_7493.jpg,Olopatadine
image_7494.jpg,Olopatadine
image_7495.jpg,Olopatadine
image_7496.jpg,Olopatadine
image_7497.jpg,Olopatadine
image_7498.jpg,Olopatadine
image_7499.jpeg,Olopatadine
image_7500.jpg,Olopatadine
image_7501.jpeg,Olopatadine
image_7502.jpg,Olopatadine
image_7503.jpg,Olopatadine
image_7504.png,Olopatadine
image_7505.jpg,Olopatadine
image_7506.jpg,Olopatadine
image_7507.jpeg,Olopatadine
image_7508.jpg,Olopatadine
image_7509.jpg,Olopatadine
image_7510.jpg,Olopatadine
image_7511.jpg,Olopatadine
image_7512.jpg,Olopatadine
image_7513.jpg,Olopatadine
image_7514.jpg,Olopatadine
image_7515.jpg,Olopatadine
image_7516.jpg,Olopatadine
image_7517.jpg,Olopatadine
image_7518.jpg,Olopatadine
image_7519.jpg,Olopatadine
image_7520.jpg,Olopatadine
image_7521.jpg,Olopatadine
image_7522.jpg,Olopatadine
image_7523.jpg,Olopatadine
image_7524.jpg,Olopatadine
image_7525.jpg,Olopatadine
image_7526.jpeg,Olopatadine
image_7527.jpeg,Olopatadine
image_7528.jpg,Olopatadine
image_7529.jpg,Olopatadine
image_7530.jpg,Olopatadine
image_7531.jpg,Olopatadine
image_7532.jpg,Olopatadine
image_7533.jpg,Olopatadine
image_7534.png,Olopatadine
image_7535.jpg,Olopatadine
image_7536.jpg,Omeprazole
image_7537.jpeg,Omeprazole
image_7538.jpg,Omeprazole
image_7539.jpg,Omeprazole
image_7540.jpg,Omeprazole
image_7541.jpg,Omeprazole
image_7542.jpg,Omeprazole
image_7543.png,Omeprazole
image_7544.jpg,Omeprazole
image_7545.jpg,Omeprazole
image_7546.jpg,Omeprazole
image_7547.jpeg,Omeprazole
image_7548.png,Omeprazole
image_7549.jpg,Omeprazole
image_7550.jpeg,Omeprazole
image_7551.jpeg,Omeprazole
image_7552.jpg,Omeprazole
image_7553.jpg,Omeprazole
image_7554.jpeg,Omeprazole
image_7555.jpg,Omeprazole
image_7556.jpg,Omeprazole
image_7557.jpeg,Omeprazole
image_7558.png,Omeprazole
image_7559.jpg,Omeprazole
image_7560.jpg,Omeprazole
image_7561.jpg,Omeprazole
image_7562.jpg,Omeprazole
image_7563.jpg,Omeprazole
image_7564.jpeg,Omeprazole
image_7565.png,Omeprazole
image_7566.jpg,Omeprazole
image_7567.jpg,Omeprazole
image_7568.jpg,Omeprazole
image_7569.jpg,Omeprazole
image_7570.jpeg,Omeprazole
image_7571.jpeg,Omeprazole
image_7572.jpg,Omeprazole
image_7573.jpeg,Omeprazole
image_7574.jpg,Omeprazole
image_7575.jpg,Omeprazole
image_7576.jpg,Omeprazole
image_7577.jpg,Omeprazole
image_7578.jpg,Omeprazole
image_7579.jpeg,Omeprazole
image_7580.jpg,Omeprazole
image_7581.jpeg,Omeprazole
image_7582.jpg,Omeprazole
image_7583.jpeg,Omeprazole
image_7584.jpg,Omeprazole
image_7585.jpg,Omeprazole
image_7586.jpg,Ondansetron
image_7587.jpg,Ondansetron
image_7588.jpg,Ondansetron
image_7589.jpg,Ondansetron
image_7590.jpg,Ondansetron
image_7591.png,Ondansetron
image_7592.jpg,Ondansetron
image_7593.png,Ondansetron
image_7594.jpg,Ondansetron
image_7595.jpg,Ondansetron
image_7596.jpg,Ondansetron
image_7597.png,Ondansetron
image_7598.jpg,Ondansetron
image_7599.jpg,Ondansetron
image_7600.jpg,Ondansetron
image_7601.jpeg,Ondansetron
image_7602.jpeg,Ondansetron
image_7603.jpg,Ondansetron
image_7604.jpg,Ondansetron
image_7605.jpg,Ondansetron
image_7606.jpg,Ondansetron
image_7607.jpg,Ondansetron
image_7608.jpg,Ondansetron
image_7609.jpg,Ondansetron
image_7610.jpg,Ondansetron
image_7611.jpeg,Ondansetron
image_7612.jpg,Ondansetron
image_7613.jpg,Ondansetron
image_7614.jpg,Ondansetron
image_7615.png,Ondansetron
image_7616.jpg,Ondansetron
image_7617.jpg,Ondansetron
image_7618.jpg,Ondansetron
image_7619.JPG,Ondansetron
image_7620.png,Ondansetron
image_7621.jpg,Ondansetron
image_7622.png,Ondansetron
image_7623.JPG,Ondansetron
image_7624.jpg,Ondansetron
image_7625.jpg,Ondansetron
image_7626.jpg,Ondansetron
image_7627.jpg,Ondansetron
image_7628.jpg,Ondansetron
image_7629.jpg,Ondansetron
image_7630.jpg,Ondansetron
image_7631.jpg,Ondansetron
image_7632.jpg,Ondansetron
image_7633.jpg,Ondansetron
image_7634.jpeg,Ondansetron
image_7635.jpg,Ondansetron
image_7636.jpg,Orlistat
image_7637.png,Orlistat
image_7638.jpg,Orlistat
image_7639.jpg,Orlistat
image_7640.png,Orlistat
image_7641.jpg,Orlistat
image_7642.jpg,Orlistat
image_7643.jpg,Orlistat
image_7644.jpg,Orlistat
image_7645.jpg,Orlistat
image_7646.jpg,Orlistat
image_7647.png,Orlistat
image_7648.jpg,Orlistat
image_7649.jpg,Orlistat
image_7650.jpg,Orlistat
image_7651.jpg,Orlistat
image_7652.jpg,Orlistat
image_7653.jpg,Orlistat
image_7654.jpg,Orlistat
image_7655.jpg,Orlistat
image_7656.jpg,Orlistat
image_7657.jpg,Orlistat
image_7658.jpg,Orlistat
image_7659.jpg,Orlistat
image_7660.jpg,Orlistat
image_7661.jpg,Orlistat
image_7662.jpg,Orlistat
image_7663.jpg,Orlistat
image_7664.jpg,Orlistat
image_7665.jpg,Orlistat
image_7666.jpg,Orlistat
image_7667.jpg,Orlistat
image_7668.jpg,Orlistat
image_7669.jpg,Orlistat
image_7670.png,Orlistat
image_7671.png,Orlistat
image_7672.jpg,Orlistat
image_7673.png,Orlistat
image_7674.jpg,Orlistat
image_7675.png,Orlistat
image_7676.jpg,Orlistat
image_7677.jpg,Orlistat
image_7678.jpg,Orlistat
image_7679.jpg,Orlistat
image_7680.jpg,Orlistat
image_7681.jpg,Orlistat
image_7682.png,Orlistat
image_7683.jpg,Orlistat
image_7684.jpg,Orlistat
image_7685.jpg,Orlistat
image_7686.jpg,Oxomemazine
image_7687.jpg,Oxomemazine
image_7688.png,Oxomemazine
image_7689.jpg,Oxomemazine
image_7690.jpg,Oxomemazine
image_7691.jpg,Oxomemazine
image_7692.jpg,Oxomemazine
image_7693.jpg,Oxomemazine
image_7694.jpg,Oxomemazine
image_7695.jpg,Oxomemazine
image_7696.jpg,Oxomemazine
image_7697.jpg,Oxomemazine
image_7698.jpg,Oxomemazine
image_7699.jpg,Oxomemazine
image_7700.jpg,Oxomemazine
image_7701.jpg,Oxomemazine
image_7702.jpg,Oxomemazine
image_7703.jpg,Oxomemazine
image_7704.jpg,Oxomemazine
image_7705.jpg,Oxomemazine
image_7706.jpg,Oxomemazine
image_7707.jpg,Oxomemazine
image_7708.jpg,Oxomemazine
image_7709.jpg,Oxomemazine
image_7710.jpg,Oxomemazine
image_7711.jpeg,Oxomemazine
image_7712.jpg,Oxomemazine
image_7713.jpg,Oxomemazine
image_7714.jpg,Oxomemazine
image_7715.jpg,Oxomemazine
image_7716.jpg,Oxomemazine
image_7717.jpeg,Oxomemazine
image_7718.jpg,Oxomemazine
image_7719.jpg,Oxomemazine
image_7720.jpg,Oxomemazine
image_7721.jpg,Oxomemazine
image_7722.jpg,Oxomemazine
image_7723.jpg,Oxomemazine
image_7724.jpg,Oxomemazine
image_7725.jpg,Oxomemazine
image_7726.jpg,Oxomemazine
image_7727.jpg,Oxomemazine
image_7728.jpg,Oxomemazine
image_7729.jpg,Oxomemazine
image_7730.jpg,Oxomemazine
image_7731.jpg,Oxomemazine
image_7732.jpg,Oxomemazine
image_7733.jpg,Oxomemazine
image_7734.jpg,Oxomemazine
image_7735.jpg,Oxomemazine
image_7736.jpg,Panadol
image_7737.jpg,Panadol
image_7738.jpg,Panadol
image_7739.jpg,Panadol
image_7740.jpg,Panadol
image_7741.jpg,Panadol
image_7742.jpg,Panadol
image_7743.jpg,Panadol
image_7744.jpg,Panadol
image_7745.png,Panadol
image_7746.jpeg,Panadol
image_7747.jpg,Panadol
image_7748.jpg,Panadol
image_7749.png,Panadol
image_7750.jpg,Panadol
image_7751.jpg,Panadol
image_7752.jpg,Panadol
image_7753.jpg,Panadol
image_7754.jpg,Panadol
image_7755.jpg,Panadol
image_7756.png,Panadol
image_7757.png,Panadol
image_7758.jpg,Panadol
image_7759.jpg,Panadol
image_7760.jpg,Panadol
image_7761.jpg,Panadol
image_7762.jpg,Panadol
image_7763.jpg,Panadol
image_7764.jpg,Panadol
image_7765.jpg,Panadol
image_7766.jpg,Panadol
image_7767.jpg,Panadol
image_7768.jpg,Panadol
image_7769.jpg,Panadol
image_7770.jpg,Panadol
image_7771.jpg,Panadol
image_7772.jpg,Panadol
image_7773.jpg,Panadol
image_7774.jpg,Panadol
image_7775.jpg,Panadol
image_7776.jpg,Panadol
image_7777.jpg,Panadol
image_7778.jpg,Panadol
image_7779.jpg,Panadol
image_7780.png,Panadol
image_7781.jpg,Panadol
image_7782.png,Panadol
image_7783.jpg,Panadol
image_7784.jpg,Panadol
image_7785.png,Panadol
image_7786.jpeg,Pantoprazole
image_7787.png,Pantoprazole
image_7788.jpg,Pantoprazole
image_7789.jpg,Pantoprazole
image_7790.jpg,Pantoprazole
image_7791.jpg,Pantoprazole
image_7792.jpg,Pantoprazole
image_7793.png,Pantoprazole
image_7794.jpg,Pantoprazole
image_7795.jpg,Pantoprazole
image_7796.png,Pantoprazole
image_7797.jpg,Pantoprazole
image_7798.png,Pantoprazole
image_7799.png,Pantoprazole
image_7800.jpg,Pantoprazole
image_7801.jpg,Pantoprazole
image_7802.jpg,Pantoprazole
image_7803.jpg,Pantoprazole
image_7804.png,Pantoprazole
image_7805.jpg,Pantoprazole
image_7806.jpg,Pantoprazole
image_7807.jpg,Pantoprazole
image_7808.jpg,Pantoprazole
image_7809.jpeg,Pantoprazole
image_7810.jpg,Pantoprazole
image_7811.jpeg,Pantoprazole
image_7812.png,Pantoprazole
image_7813.jpg,Pantoprazole
image_7814.jpg,Pantoprazole
image_7815.jpg,Pantoprazole
image_7816.png,Pantoprazole
image_7817.jpg,Pantoprazole
image_7818.jpg,Pantoprazole
image_7819.jpg,Pantoprazole
image_7820.png,Pantoprazole
image_7821.jpg,Pantoprazole
image_7822.jpg,Pantoprazole
image_7823.jpg,Pantoprazole
image_7824.jpeg,Pantoprazole
image_7825.png,Pantoprazole
image_7826.jpg,Pantoprazole
image_7827.jpeg,Pantoprazole
image_7828.jpg,Pantoprazole
image_7829.jpg,Pantoprazole
image_7830.jpg,Pantoprazole
image_7831.jpg,Pantoprazole
image_7832.png,Pantoprazole
image_7833.jpg,Pantoprazole
image_7834.jpg,Pantoprazole
image_7835.jpg,Pantoprazole
image_7836.jpg,Paramol Forte
image_7837.jpg,Paramol Forte
image_7838.png,Paramol Forte
image_7839.png,Paramol Forte
image_7840.png,Paramol Forte
image_7841.jpg,Paramol Forte
image_7842.jpg,Paramol Forte
image_7843.jpeg,Paramol Forte
image_7844.jpg,Paramol Forte
image_7845.png,Paramol Forte
image_7846.jpg,Paramol Forte
image_7847.jpg,Paramol Forte
image_7848.jpg,Paramol Forte
image_7849.jpg,Paramol Forte
image_7850.jpg,Paramol Forte
image_7851.jpg,Paramol Forte
image_7852.png,Paramol Forte
image_7853.png,Paramol Forte
image_7854.png,Paramol Forte
image_7855.png,Paramol Forte
image_7856.jpg,Paramol Forte
image_7857.jpg,Paramol Forte
image_7858.jpg,Paramol Forte
image_7859.jpg,Paramol Forte
image_7860.jpg,Paramol Forte
image_7861.png,Paramol Forte
image_7862.jpg,Paramol Forte
image_7863.jpg,Paramol Forte
image_7864.png,Paramol Forte
image_7865.jpg,Paramol Forte
image_7866.jpg,Paramol Forte
image_7867.jpg,Paramol Forte
image_7868.jpg,Paramol Forte
image_7869.jpg,Paramol Forte
image_7870.jpg,Paramol Forte
image_7871.jpg,Paramol Forte
image_7872.jpg,Paramol Forte
image_7873.jpg,Paramol Forte
image_7874.JPG,Paramol Forte
image_7875.jpg,Paramol Forte
image_7876.jpg,Paramol Forte
image_7877.png,Paramol Forte
image_7878.jpg,Paramol Forte
image_7879.jpg,Paramol Forte
image_7880.jpg,Paramol Forte
image_7881.jpg,Paramol Forte
image_7882.jpg,Paramol Forte
image_7883.png,Paramol Forte
image_7884.jpg,Paramol Forte
image_7885.png,Paramol Forte
image_7886.jpg,Paxlovid
image_7887.jpg,Paxlovid
image_7888.jpg,Paxlovid
image_7889.jpg,Paxlovid
image_7890.jpg,Paxlovid
image_7891.jpg,Paxlovid
image_7892.jpg,Paxlovid
image_7893.webp,Paxlovid
image_7894.jpg,Paxlovid
image_7895.jpg,Paxlovid
image_7896.jpg,Paxlovid
image_7897.jpeg,Paxlovid
image_7898.jpg,Pegfilgrastim
image_7899.jpg,Pegfilgrastim
image_7900.jpg,Pegfilgrastim
image_7901.jpg,Pegfilgrastim
image_7902.jpg,Pegfilgrastim
image_7903.jpeg,Pegfilgrastim
image_7904.jpg,Pegfilgrastim
image_7905.png,Pegfilgrastim
image_7906.jpg,Pegfilgrastim
image_7907.jpg,Pegfilgrastim
image_7908.jpg,Pegfilgrastim
image_7909.jpg,Pegfilgrastim
image_7910.jpeg,Pegfilgrastim
image_7911.jpg,Pegfilgrastim
image_7912.jpg,Pegfilgrastim
image_7913.jpg,Pegfilgrastim
image_7914.jpg,Pegfilgrastim
image_7915.jpg,Pegfilgrastim
image_7916.jpg,Pegfilgrastim
image_7917.jpg,Pegfilgrastim
image_7918.jpg,Pegfilgrastim
image_7919.jpeg,Pegfilgrastim
image_7920.jpg,Pegfilgrastim
image_7921.jpg,Pegfilgrastim
image_7922.jpg,Pegfilgrastim
image_7923.jpg,Pegfilgrastim
image_7924.jpg,Pegfilgrastim
image_7925.jpeg,Pegfilgrastim
image_7926.jpg,Pegfilgrastim
image_7927.jpg,Pegfilgrastim
image_7928.jpeg,Pegfilgrastim
image_7929.png,Pegfilgrastim
image_7930.jpg,Pegfilgrastim
image_7931.jpg,Pegfilgrastim
image_7932.jpg,Pegfilgrastim
image_7933.jpg,Pegfilgrastim
image_7934.jpg,Pegfilgrastim
image_7935.jpg,Pegfilgrastim
image_7936.jpg,Pegfilgrastim
image_7937.jpg,Pegfilgrastim
image_7938.png,Pegfilgrastim
image_7939.jpg,Pegfilgrastim
image_7940.jpg,Pegfilgrastim
image_7941.jpg,Pegfilgrastim
image_7942.gif,Pegfilgrastim
image_7943.jpg,Pegfilgrastim
image_7944.jpg,Pegfilgrastim
image_7945.jpg,Pegfilgrastim
image_7946.jpg,Pegfilgrastim
image_7947.jpg,Pegfilgrastim
image_7948.jpg,Piracetam
image_7949.jpg,Piracetam
image_7950.jpeg,Piracetam
image_7951.jpg,Piracetam
image_7952.jpg,Piracetam
image_7953.jpeg,Piracetam
image_7954.png,Piracetam
image_7955.png,Piracetam
image_7956.jpg,Piracetam
image_7957.png,Piracetam
image_7958.jpg,Piracetam
image_7959.jpg,Piracetam
image_7960.jpg,Piracetam
image_7961.png,Piracetam
image_7962.jpg,Piracetam
image_7963.jpg,Piracetam
image_7964.jpg,Piracetam
image_7965.jpg,Piracetam
image_7966.jpg,Piracetam
image_7967.jpg,Piracetam
image_7968.jpg,Piracetam
image_7969.jpg,Piracetam
image_7970.jpg,Piracetam
image_7971.jpg,Piracetam
image_7972.jpg,Piracetam
image_7973.jpg,Piracetam
image_7974.jpg,Piracetam
image_7975.jpeg,Piracetam
image_7976.jpg,Piracetam
image_7977.jpeg,Piracetam
image_7978.jpg,Piracetam
image_7979.jpg,Piracetam
image_7980.jpg,Piracetam
image_7981.jpg,Piracetam
image_7982.jpg,Piracetam
image_7983.jpeg,Piracetam
image_7984.jpg,Piracetam
image_7985.jpg,Piracetam
image_7986.png,Piracetam
image_7987.png,Piracetam
image_7988.png,Piracetam
image_7989.jpg,Piracetam
image_7990.jpg,Piracetam
image_7991.jpg,Piracetam
image_7992.png,Piracetam
image_7993.png,Piracetam
image_7994.jpg,Piracetam
image_7995.jpg,Piracetam
image_7996.jpg,Piracetam
image_7997.jpeg,Piracetam
image_7998.jpg,Piroxicam
image_7999.jpg,Piroxicam
image_8000.jpg,Piroxicam
image_8001.jpg,Piroxicam
image_8002.jpg,Piroxicam
image_8003.jpg,Piroxicam
image_8004.jpg,Piroxicam
image_8005.jpg,Piroxicam
image_8006.jpg,Piroxicam
image_8007.jpg,Piroxicam
image_8008.jpg,Piroxicam
image_8009.jpg,Piroxicam
image_8010.jpg,Piroxicam
image_8011.jpg,Piroxicam
image_8012.jpg,Piroxicam
image_8013.jpg,Piroxicam
image_8014.jpg,Piroxicam
image_8015.jpg,Piroxicam
image_8016.jpg,Piroxicam
image_8017.jpg,Piroxicam
image_8018.jpeg,Piroxicam
image_8019.jpg,Piroxicam
image_8020.jpg,Piroxicam
image_8021.jpg,Piroxicam
image_8022.jpg,Piroxicam
image_8023.jpg,Piroxicam
image_8024.jpg,Piroxicam
image_8025.jpg,Piroxicam
image_8026.jpg,Piroxicam
image_8027.jpg,Piroxicam
image_8028.jpg,Piroxicam
image_8029.jpg,Piroxicam
image_8030.jpg,Piroxicam
image_8031.jpg,Piroxicam
image_8032.jpg,Piroxicam
image_8033.jpg,Piroxicam
image_8034.png,Piroxicam
image_8035.jpg,Piroxicam
image_8036.jpg,Piroxicam
image_8037.jpg,Piroxicam
image_8038.jpg,Piroxicam
image_8039.jpg,Piroxicam
image_8040.jpg,Piroxicam
image_8041.jpg,Piroxicam
image_8042.jpg,Piroxicam
image_8043.jpg,Piroxicam
image_8044.jpg,Piroxicam
image_8045.jpg,Piroxicam
image_8046.jpg,Piroxicam
image_8047.jpg,Piroxicam
image_8048.JPG,Polymyxin B Ophthalmic
image_8049.jpeg,Polymyxin B Ophthalmic
image_8050.jpeg,Polymyxin B Ophthalmic
image_8051.jpg,Polymyxin B Ophthalmic
image_8052.png,Polymyxin B Ophthalmic
image_8053.jpg,Polymyxin B Ophthalmic
image_8054.jpg,Polymyxin B Ophthalmic
image_8055.JPG,Polymyxin B Ophthalmic
image_8056.JPG,Polymyxin B Ophthalmic
image_8057.jpg,Polymyxin B Ophthalmic
image_8058.jpg,Polymyxin B Ophthalmic
image_8059.png,Polymyxin B Ophthalmic
image_8060.jpg,Polymyxin B Ophthalmic
image_8061.jpg,Polymyxin B Ophthalmic
image_8062.JPG,Polymyxin B Ophthalmic
image_8063.jpg,Polymyxin B Ophthalmic
image_8064.jpeg,Polymyxin B Ophthalmic
image_8065.JPG,Polymyxin B Ophthalmic
image_8066.jpg,Polymyxin B Ophthalmic
image_8067.jpg,Polymyxin B Ophthalmic
image_8068.jpg,Polymyxin B Ophthalmic
image_8069.jpg,Polymyxin B Ophthalmic
image_8070.jpg,Polymyxin B Ophthalmic
image_8071.jpg,Polymyxin B Ophthalmic
image_8072.jpg,Polymyxin B Ophthalmic
image_8073.jpg,Polymyxin B Ophthalmic
image_8074.jpg,Polymyxin B Ophthalmic
image_8075.jpeg,Polymyxin B Ophthalmic
image_8076.jpeg,Polymyxin B Ophthalmic
image_8077.JPG,Polymyxin B Ophthalmic
image_8078.jpeg,Polymyxin B Ophthalmic
image_8079.jpg,Polymyxin B Ophthalmic
image_8080.jpg,Polymyxin B Ophthalmic
image_8081.jpg,Polymyxin B Ophthalmic
image_8082.jpeg,Polymyxin B Ophthalmic
image_8083.gif,Polymyxin B Ophthalmic
image_8084.jpeg,Polymyxin B Ophthalmic
image_8085.jpg,Polymyxin B Ophthalmic
image_8086.jpg,Polymyxin B Ophthalmic
image_8087.jpg,Polymyxin B Ophthalmic
image_8088.jpg,Polymyxin B Ophthalmic
image_8089.jpg,Polymyxin B Ophthalmic
image_8090.jpg,Polymyxin B Ophthalmic
image_8091.jpg,Polymyxin B Ophthalmic
image_8092.jpg,Polymyxin B Ophthalmic
image_8093.jpg,Polymyxin B Ophthalmic
image_8094.jpg,Polymyxin B Ophthalmic
image_8095.jpg,Polymyxin B Ophthalmic
image_8096.jpeg,Polymyxin B Ophthalmic
image_8097.jpg,Polymyxin B Ophthalmic
image_8098.jpg,Polysilane
image_8099.jpg,Polysilane
image_8100.jpg,Polysilane
image_8101.jpg,Polysilane
image_8102.jpg,Polysilane
image_8103.jpg,Polysilane
image_8104.jpg,Polysilane
image_8105.jpg,Polysilane
image_8106.jpeg,Polysilane
image_8107.jpg,Polysilane
image_8108.jpg,Polysilane
image_8109.jpg,Polysilane
image_8110.jpg,Polysilane
image_8111.jpg,Polysilane
image_8112.jpg,Polysilane
image_8113.jpg,Polysilane
image_8114.jpg,Polysilane
image_8115.jpg,Polysilane
image_8116.jpg,Polysilane
image_8117.jpg,Polysilane
image_8118.jpg,Polysilane
image_8119.jpg,Polysilane
image_8120.jpg,Polysilane
image_8121.jpg,Polysilane
image_8122.jpg,Polysilane
image_8123.jpg,Polysilane
image_8124.jpg,Polysilane
image_8125.jpg,Polysilane
image_8126.jpg,Polysilane
image_8127.jpg,Polysilane
image_8128.jpg,Polysilane
image_8129.jpg,Polysilane
image_8130.jpg,Polysilane
image_8131.jpg,Polysilane
image_8132.jpg,Polysilane
image_8133.jpg,Polysilane
image_8134.jpg,Polysilane
image_8135.jpg,Polysilane
image_8136.jpg,Polysilane
image_8137.jpg,Polysilane
image_8138.jpg,Polysilane
image_8139.jpg,Polysilane
image_8140.jpg,Polysilane
image_8141.gif,Polysilane
image_8142.jpg,Polysilane
image_8143.jpg,Polysilane
image_8144.gif,Polysilane
image_8145.jpg,Polysilane
image_8146.jpg,Polysilane
image_8147.jpg,Polysilane
image_8148.jpg,Pomalidomide
image_8149.jpg,Pomalidomide
image_8150.jpg,Pomalidomide
image_8151.jpg,Pomalidomide
image_8152.jpeg,Pomalidomide
image_8153.jpg,Pomalidomide
image_8154.jpg,Pomalidomide
image_8155.jpg,Pomalidomide
image_8156.jpg,Pomalidomide
image_8157.jpg,Pomalidomide
image_8158.jpg,Pomalidomide
image_8159.jpg,Pomalidomide
image_8160.jpg,Pomalidomide
image_8161.jpg,Pomalidomide
image_8162.jpg,Pomalidomide
image_8163.jpg,Pomalidomide
image_8164.jpg,Pomalidomide
image_8165.jpg,Pomalidomide
image_8166.jpg,Pomalidomide
image_8167.png,Pomalidomide
image_8168.jpg,Pomalidomide
image_8169.jpg,Pomalidomide
image_8170.jpeg,Pomalidomide
image_8171.jpg,Pomalidomide
image_8172.jpg,Pomalidomide
image_8173.jpg,Pomalidomide
image_8174.png,Pomalidomide
image_8175.jpg,Pomalidomide
image_8176.jpg,Pomalidomide
image_8177.jpg,Pomalidomide
image_8178.jpg,Pomalidomide
image_8179.jpg,Pomalidomide
image_8180.jpg,Pomalidomide
image_8181.jpg,Pomalidomide
image_8182.jpg,Pomalidomide
image_8183.jpg,Pomalidomide
image_8184.jpg,Pomalidomide
image_8185.jpg,Pomalidomide
image_8186.png,Pomalidomide
image_8187.jpg,Pomalidomide
image_8188.jpg,Pomalidomide
image_8189.jpg,Pomalidomide
image_8190.jpg,Pomalidomide
image_8191.jpeg,Pomalidomide
image_8192.jpg,Pomalidomide
image_8193.jpeg,Pomalidomide
image_8194.jpg,Pomalidomide
image_8195.jpeg,Pomalidomide
image_8196.jpg,Pomalidomide
image_8197.jpg,Pomalidomide
image_8198.jpg,Ponstan
image_8199.jpg,Ponstan
image_8200.jpg,Ponstan
image_8201.jpg,Ponstan
image_8202.jpg,Ponstan
image_8203.jpg,Ponstan
image_8204.jpg,Ponstan
image_8205.png,Ponstan
image_8206.jpg,Ponstan
image_8207.jpg,Ponstan
image_8208.png,Ponstan
image_8209.jpg,Ponstan
image_8210.jpg,Ponstan
image_8211.jpg,Ponstan
image_8212.jpg,Ponstan
image_8213.png,Ponstan
image_8214.jpg,Ponstan
image_8215.png,Ponstan
image_8216.jpg,Ponstan
image_8217.jpg,Ponstan
image_8218.jpg,Ponstan
image_8219.jpg,Ponstan
image_8220.jpg,Ponstan
image_8221.jpg,Ponstan
image_8222.jpg,Ponstan
image_8223.jpg,Ponstan
image_8224.jpg,Ponstan
image_8225.jpg,Ponstan
image_8226.jpg,Ponstan
image_8227.jpg,Ponstan
image_8228.jpg,Ponstan
image_8229.jpg,Ponstan
image_8230.jpg,Ponstan
image_8231.jpg,Ponstan
image_8232.jpg,Ponstan
image_8233.jpg,Ponstan
image_8234.png,Ponstan
image_8235.jpg,Ponstan
image_8236.jpg,Ponstan
image_8237.jpg,Ponstan
image_8238.jpg,Ponstan
image_8239.gif,Ponstan
image_8240.jpg,Ponstan
image_8241.jpg,Ponstan
image_8242.jpg,Ponstan
image_8243.jpg,Ponstan
image_8244.jpg,Ponstan
image_8245.jpg,Ponstan
image_8246.jpg,Ponstan
image_8247.jpg,Ponstan
image_8248.jpg,Postinor
image_8249.png,Postinor
image_8250.jpg,Postinor
image_8251.png,Postinor
image_8252.jpg,Postinor
image_8253.jpg,Postinor
image_8254.jpg,Postinor
image_8255.JPG,Postinor
image_8256.jpg,Postinor
image_8257.png,Postinor
image_8258.jpg,Postinor
image_8259.jpg,Postinor
image_8260.jpg,Postinor
image_8261.jpg,Postinor
image_8262.jpeg,Postinor
image_8263.jpg,Postinor
image_8264.jpg,Postinor
image_8265.jpg,Postinor
image_8266.JPG,Postinor
image_8267.jpg,Postinor
image_8268.jpg,Postinor
image_8269.jpg,Postinor
image_8270.jpg,Postinor
image_8271.jpg,Postinor
image_8272.png,Postinor
image_8273.jpg,Postinor
image_8274.jpg,Postinor
image_8275.jpg,Postinor
image_8276.png,Postinor
image_8277.jpg,Postinor
image_8278.jpg,Postinor
image_8279.jpg,Postinor
image_8280.jpg,Postinor
image_8281.jpg,Postinor
image_8282.JPG,Postinor
image_8283.jpg,Postinor
image_8284.JPG,Postinor
image_8285.jpg,Postinor
image_8286.jpg,Postinor
image_8287.jpg,Postinor
image_8288.jpg,Postinor
image_8289.jpg,Postinor
image_8290.jpg,Postinor
image_8291.jpg,Postinor
image_8292.jpg,Postinor
image_8293.jpg,Postinor
image_8294.png,Postinor
image_8295.jpg,Postinor
image_8296.jpg,Postinor
image_8297.jpg,Postinor
image_8298.jpg,Quetiapine
image_8299.jpg,Quetiapine
image_8300.jpg,Quetiapine
image_8301.jpg,Quetiapine
image_8302.jpg,Quetiapine
image_8303.jpeg,Quetiapine
image_8304.jpg,Quetiapine
image_8305.jpeg,Quetiapine
image_8306.jpg,Quetiapine
image_8307.jpg,Quetiapine
image_8308.jpeg,Quetiapine
image_8309.jpg,Quetiapine
image_8310.jpg,Quetiapine
image_8311.jpg,Quetiapine
image_8312.jpg,Quetiapine
image_8313.jpeg,Quetiapine
image_8314.png,Quetiapine
image_8315.jpg,Quetiapine
image_8316.jpg,Quetiapine
image_8317.jpg,Quetiapine
image_8318.jpg,Quetiapine
image_8319.jpg,Quetiapine
image_8320.jpg,Quetiapine
image_8321.jpg,Quetiapine
image_8322.jpg,Quetiapine
image_8323.jpeg,Quixx
image_8324.png,Quixx
image_8325.gif,Quixx
image_8326.jpg,Quixx
image_8327.jpg,Quixx
image_8328.jpg,Quixx
image_8329.jpg,Quixx
image_8330.png,Quixx
image_8331.png,Quixx
image_8332.jpg,Quixx
image_8333.jpg,Quixx
image_8334.jpg,Quixx
image_8335.jpg,Quixx
image_8336.png,Quixx
image_8337.png,Racecadotril
image_8338.jpg,Racecadotril
image_8339.jpg,Racecadotril
image_8340.jpg,Racecadotril
image_8341.jpeg,Racecadotril
image_8342.jpg,Racecadotril
image_8343.jpg,Racecadotril
image_8344.jpeg,Racecadotril
image_8345.jpg,Racecadotril
image_8346.jpg,Racecadotril
image_8347.jpg,Racecadotril
image_8348.jpg,Racecadotril
image_8349.jpg,Racecadotril
image_8350.png,Racecadotril
image_8351.jpg,Racecadotril
image_8352.jpg,Racecadotril
image_8353.jpg,Racecadotril
image_8354.png,Racecadotril
image_8355.jpg,Racecadotril
image_8356.png,Racecadotril
image_8357.jpg,Raloxifen
image_8358.jpg,Raloxifen
image_8359.jpg,Raloxifen
image_8360.png,Raloxifen
image_8361.jpg,Raloxifen
image_8362.jpg,Raloxifen
image_8363.jpg,Raloxifen
image_8364.png,Raloxifen
image_8365.jpg,Raloxifen
image_8366.jpeg,Raloxifen
image_8367.jpg,Raloxifen
image_8368.jpg,Raloxifen
image_8369.jpg,Raloxifen
image_8370.png,Raloxifen
image_8371.jpeg,Raloxifen
image_8372.jpg,Raloxifen
image_8373.jpg,Raloxifen
image_8374.jpg,Raloxifen
image_8375.jpg,Raloxifen
image_8376.jpg,Raloxifen
image_8377.jpg,Raloxifen
image_8378.jpg,Raloxifen
image_8379.jpg,Raloxifen
image_8380.png,Raloxifen
image_8381.jpg,Raloxifen
image_8382.jpg,Redoxon
image_8383.jpg,Redoxon
image_8384.gif,Redoxon
image_8385.jpg,Redoxon
image_8386.png,Redoxon
image_8387.jpg,Redoxon
image_8388.jpg,Redoxon
image_8389.jpg,Redoxon
image_8390.JPG,Redoxon
image_8391.jpg,Redoxon
image_8392.png,Redoxon
image_8393.jpg,Redoxon
image_8394.jpg,Redoxon
image_8395.jpg,Redoxon
image_8396.png,Redoxon
image_8397.jpg,Redoxon
image_8398.png,Redoxon
image_8399.jpg,Redoxon
image_8400.jpg,Redoxon
image_8401.jpg,Redoxon
image_8402.jpeg,Redoxon
image_8403.png,Redoxon
image_8404.jpg,Redoxon
image_8405.jpg,Redoxon
image_8406.jpg,Redoxon
image_8407.jpg,Redoxon
image_8408.jpg,Redoxon
image_8409.jpg,Redoxon
image_8410.jpg,Redoxon
image_8411.png,Redoxon
image_8412.jpg,Redoxon
image_8413.jpg,Redoxon
image_8414.jpg,Redoxon
image_8415.jpg,Redoxon
image_8416.jpg,Redoxon
image_8417.jpg,Redoxon
image_8418.jpg,Redoxon
image_8419.jpg,Redoxon
image_8420.jpg,Redoxon
image_8421.png,Redoxon
image_8422.jpg,Redoxon
image_8423.png,Redoxon
image_8424.jpg,Redoxon
image_8425.jpg,Redoxon
image_8426.jpg,Redoxon
image_8427.jpg,Redoxon
image_8428.jpg,Redoxon
image_8429.jpg,Redoxon
image_8430.png,Redoxon
image_8431.jpg,Redoxon
image_8432.jpg,Redoxon
image_8433.jpg,Redoxon
image_8434.jpg,Redoxon
image_8435.jpg,Redoxon
image_8436.jpg,Redoxon
image_8437.jpg,Redoxon
image_8438.png,Redoxon
image_8439.jpg,Redoxon
image_8440.jpg,Redoxon
image_8441.jpg,Redoxon
image_8442.jpg,Redoxon
image_8443.jpg,Redoxon
image_8444.JPG,Redoxon
image_8445.jpg,Redoxon
image_8446.jpg,Redoxon
image_8447.jpg,Redoxon
image_8448.jpg,Redoxon
image_8449.jpg,Redoxon
image_8450.jpg,Redoxon
image_8451.jpeg,Redoxon
image_8452.jpg,Redoxon
image_8453.jpg,Redoxon
image_8454.jpg,Ribavirin
image_8455.jpg,Ribavirin
image_8456.jpg,Ribavirin
image_8457.jpg,Ribavirin
image_8458.png,Ribavirin
image_8459.jpg,Ribavirin
image_8460.jpg,Ribavirin
image_8461.jpg,Ribavirin
image_8462.jpg,Ribavirin
image_8463.jpg,Ribavirin
image_8464.jpg,Ribavirin
image_8465.jpg,Ribavirin
image_8466.jpg,Ribavirin
image_8467.jpg,Ribavirin
image_8468.png,Ribavirin
image_8469.jpg,Ribavirin
image_8470.jpg,Ribavirin
image_8471.jpg,Ribavirin
image_8472.jpg,Ribavirin
image_8473.jpg,Ribavirin
image_8474.jpg,Ribavirin
image_8475.jpg,Ribavirin
image_8476.jpg,Ribavirin
image_8477.jpg,Ribavirin
image_8478.PNG,Ribavirin
image_8479.jpg,Ribavirin
image_8480.jpg,Ribavirin
image_8481.jpg,Riboflavin
image_8482.png,Riboflavin
image_8483.jpg,Riboflavin
image_8484.jpg,Riboflavin
image_8485.jpg,Riboflavin
image_8486.jpg,Riboflavin
image_8487.jpg,Riboflavin
image_8488.png,Riboflavin
image_8489.jpg,Riboflavin
image_8490.jpg,Riboflavin
image_8491.jpg,Riboflavin
image_8492.jpg,Riboflavin
image_8493.jpg,Riboflavin
image_8494.jpg,Riboflavin
image_8495.jpg,Riboflavin
image_8496.png,Riboflavin
image_8497.jpg,Riboflavin
image_8498.jpg,Riboflavin
image_8499.jpg,Rohto
image_8500.JPG,Rohto
image_8501.jpg,Rohto
image_8502.jpg,Rohto
image_8503.png,Rohto
image_8504.jpg,Rohto
image_8505.png,Rohto
image_8506.jpg,Rohto
image_8507.jpg,Rohto
image_8508.jpg,Rohto
image_8509.jpg,Rohto
image_8510.JPG,Rohto
image_8511.jpg,Rohto
image_8512.jpeg,Rohto
image_8513.jpg,Rohto
image_8514.jpg,Rohto
image_8515.jpg,Rohto
image_8516.png,Rohto
image_8517.png,Rohto
image_8518.png,Rohto
image_8519.png,Rohto
image_8520.JPG,Rohto
image_8521.jpg,Rohto
image_8522.jpg,Rohto
image_8523.jpg,Rohto
image_8524.jpg,Rohto
image_8525.jpg,Rohto
image_8526.jpg,Rohto
image_8527.png,Rohto
image_8528.jpg,Rohto
image_8529.png,Rohto
image_8530.png,Rohto
image_8531.jpg,Rohto
image_8532.png,Rohto
image_8533.png,Rohto
image_8534.jpg,Rohto
image_8535.jpg,Sakatonik
image_8536.jpg,Sakatonik
image_8537.jpg,Sakatonik
image_8538.jpg,Sakatonik
image_8539.jpeg,Sakatonik
image_8540.jpg,Sakatonik
image_8541.jpg,Sakatonik
image_8542.jpg,Sakatonik
image_8543.png,Sakatonik
image_8544.jpg,Sakatonik
image_8545.jpg,Sakatonik
image_8546.jpg,Sakatonik
image_8547.jpg,Sakatonik
image_8548.jpeg,Sakatonik
image_8549.jpeg,Sakatonik
image_8550.jpg,Sakatonik
image_8551.jpg,Sakatonik
image_8552.jpg,Sakatonik
image_8553.png,Sakatonik
image_8554.jpg,Sakatonik
image_8555.jpg,Sakatonik
image_8556.jpg,Sakatonik
image_8557.jpg,Sakatonik
image_8558.jpg,Sakatonik
image_8559.jpg,Sakatonik
image_8560.png,Sakatonik
image_8561.jpg,Sakatonik
image_8562.jpeg,Sakatonik
image_8563.png,Sakatonik
image_8564.jpg,Sakatonik
image_8565.jpeg,Sakatonik
image_8566.jpg,Sakatonik
image_8567.jpg,Sakatonik
image_8568.jpg,Sakatonik
image_8569.jpg,Sakatonik
image_8570.jpg,Sakatonik
image_8571.jpg,Sakatonik
image_8572.jpg,Sakatonik
image_8573.jpg,Sakatonik
image_8574.jpeg,Sakatonik
image_8575.jpg,Sakatonik
image_8576.jpg,Sakatonik
image_8577.jpg,Sakatonik
image_8578.jpg,Sakatonik
image_8579.jpg,Salonpas
image_8580.jpg,Salonpas
image_8581.jpeg,Salonpas
image_8582.jpg,Salonpas
image_8583.jpg,Salonpas
image_8584.jpg,Salonpas
image_8585.jpeg,Salonpas
image_8586.jpg,Salonpas
image_8587.jpg,Salonpas
image_8588.jpg,Salonpas
image_8589.jpg,Salonpas
image_8590.jpg,Salonpas
image_8591.jpg,Salonpas
image_8592.jpg,Salonpas
image_8593.png,Salonpas
image_8594.jpg,Salonpas
image_8595.jpg,Salonpas
image_8596.jpg,Salonpas
image_8597.jpg,Salonpas
image_8598.png,Salonpas
image_8599.png,Salonpas
image_8600.jpg,Salonpas
image_8601.jpg,Salonpas
image_8602.jpeg,Salonpas
image_8603.jpg,Salonpas
image_8604.jpg,Salonpas
image_8605.jpg,Salonpas
image_8606.jpeg,Salonpas
image_8607.jpg,Salonpas
image_8608.JPG,Salonpas
image_8609.JPG,Salonpas
image_8610.png,Salonpas
image_8611.jpg,Salonpas
image_8612.jpg,Salonpas
image_8613.png,Salonpas
image_8614.jpg,Salonpas
image_8615.jpg,Salonpas
image_8616.png,Salonpas
image_8617.jpg,Salonpas
image_8618.jpg,Salonpas
image_8619.jpg,Salonpas
image_8620.jpg,Sangobion
image_8621.jpg,Sangobion
image_8622.jpg,Sangobion
image_8623.JPG,Sangobion
image_8624.jpg,Sangobion
image_8625.jpg,Sangobion
image_8626.jpg,Sangobion
image_8627.jpg,Sangobion
image_8628.jpg,Sangobion
image_8629.png,Sangobion
image_8630.png,Sangobion
image_8631.png,Sangobion
image_8632.jpg,Sangobion
image_8633.jpg,Sangobion
image_8634.png,Sangobion
image_8635.png,Sangobion
image_8636.jpg,Sangobion
image_8637.jpg,Sangobion
image_8638.jpg,Sangobion
image_8639.jpg,Sangobion
image_8640.jpg,Sangobion
image_8641.png,Sangobion
image_8642.jpg,Sangobion
image_8643.jpg,Sangobion
image_8644.jpg,Sangobion
image_8645.png,Sangobion
image_8646.jpg,Sangobion
image_8647.jpg,Sangobion
image_8648.jpg,Sanmol
image_8649.jpg,Sanmol
image_8650.jpg,Sanmol
image_8651.jpg,Sanmol
image_8652.jpg,Sanmol
image_8653.jpg,Sanmol
image_8654.jpg,Sanmol
image_8655.jpg,Sanmol
image_8656.jpg,Sanmol
image_8657.jpg,Sanmol
image_8658.jpg,Sanmol
image_8659.jpg,Sanmol
image_8660.jpg,Sanmol
image_8661.jpg,Sanmol
image_8662.jpeg,Sanmol
image_8663.jpg,Sanmol
image_8664.jpg,Sanmol
image_8665.jpg,Sanmol
image_8666.jpg,Sanmol
image_8667.jpg,Sanmol
image_8668.jpg,Sanmol
image_8669.jpeg,Sanmol
image_8670.jpg,Sanmol
image_8671.jpg,Sanmol
image_8672.jpg,Sanmol
image_8673.jpg,Sanmol
image_8674.jpg,Sanmol
image_8675.jpg,Sanmol
image_8676.jpg,Sanmol
image_8677.jpg,Sanmol
image_8678.png,Sanmol
image_8679.png,Sanmol
image_8680.png,Sanmol
image_8681.jpg,Sanmol
image_8682.jpg,Sanmol
image_8683.jpg,Sanmol
image_8684.jpg,Sanmol
image_8685.jpg,Sanmol
image_8686.jpg,Sanmol
image_8687.jpg,Sanmol
image_8688.jpg,Sanmol
image_8689.png,Sanmol
image_8690.jpeg,Sanmol
image_8691.jpg,Sanmol
image_8692.jpg,Sanmol
image_8693.jpg,Sanmol
image_8694.jpg,Sanmol
image_8695.png,Sanmol
image_8696.jpg,Sanmol
image_8697.jpg,Sanmol
image_8698.jpg,Sanmol
image_8699.jpg,Sanmol
image_8700.jpg,Sanmol
image_8701.jpg,Siladex
image_8702.png,Siladex
image_8703.jpg,Siladex
image_8704.png,Siladex
image_8705.jpg,Siladex
image_8706.jpg,Siladex
image_8707.jpg,Siladex
image_8708.png,Siladex
image_8709.jpg,Siladex
image_8710.jpg,Siladex
image_8711.jpg,Siladex
image_8712.jpg,Siladex
image_8713.png,Siladex
image_8714.jpg,Siladex
image_8715.jpg,Siladex
image_8716.jpg,Siladex
image_8717.jpg,Siladex
image_8718.png,Siladex
image_8719.jpg,Siladex
image_8720.jpg,Siladex
image_8721.jpg,Siladex
image_8722.jpg,Siladex
image_8723.png,Siladex
image_8724.jpg,Siladex
image_8725.jpg,Siladex
image_8726.jpg,Siladex
image_8727.jpg,Siladex
image_8728.jpg,Siladex
image_8729.jpg,Siladex
image_8730.jpg,Siladex
image_8731.jpg,Siladex
image_8732.jpg,Siladex
image_8733.jpeg,Siladex
image_8734.jpeg,Siladex
image_8735.jpg,Siladex
image_8736.jpg,Siladex
image_8737.png,Siladex
image_8738.png,Siladex
image_8739.jpg,Siladex
image_8740.jpg,Siladex
image_8741.jpg,Siladex
image_8742.jpg,Siladex
image_8743.jpg,Siladex
image_8744.jpg,Siladex
image_8745.jpg,Siladex
image_8746.jpg,Siladex
image_8747.jpg,Siladex
image_8748.jpg,Siladex
image_8749.jpg,Siladex
image_8750.jpg,Siladex
image_8751.jpg,Siladex
image_8752.jpg,Siladex
image_8753.jpg,Siladex
image_8754.jpg,Siladex
image_8755.jpg,Siladex
image_8756.jpg,Siladex
image_8757.jpg,Siladex
image_8758.jpg,Siladex
image_8759.png,Siladex
image_8760.jpg,Siladex
image_8761.jpg,Siladex
image_8762.jpg,Siladex
image_8763.jpg,Siladex
image_8764.jpg,Siladex
image_8765.jpg,Siladex
image_8766.jpg,Sofosbuvir
image_8767.jpeg,Sofosbuvir
image_8768.png,Sofosbuvir
image_8769.jpg,Sofosbuvir
image_8770.jpg,Sofosbuvir
image_8771.jpg,Sofosbuvir
image_8772.jpg,Sofosbuvir
image_8773.jpg,Sofosbuvir
image_8774.jpg,Sofosbuvir
image_8775.jpg,Sofosbuvir
image_8776.png,Sofosbuvir
image_8777.jpeg,Sofosbuvir
image_8778.jpg,Sofosbuvir
image_8779.jpg,Sofosbuvir
image_8780.jpg,Sofosbuvir
image_8781.png,Sofosbuvir
image_8782.jpg,Sofosbuvir
image_8783.jpg,Sofosbuvir
image_8784.jpg,Sofosbuvir
image_8785.jpg,Sofosbuvir
image_8786.jpg,Sofosbuvir
image_8787.jpg,Sofosbuvir
image_8788.jpg,Sofosbuvir
image_8789.jpg,Sofosbuvir
image_8790.png,Sofosbuvir
image_8791.png,Sofosbuvir
image_8792.png,Sofosbuvir
image_8793.jpg,Sofosbuvir
image_8794.jpg,Sofosbuvir
image_8795.jpeg,Sofosbuvir
image_8796.jpg,Sofosbuvir
image_8797.jpg,Sofosbuvir
image_8798.jpg,Sofosbuvir
image_8799.jpg,Sofosbuvir
image_8800.jpg,Sofosbuvir
image_8801.jpg,Sofosbuvir
image_8802.jpg,Sofosbuvir
image_8803.jpg,Sofosbuvir
image_8804.jpg,Sofosbuvir
image_8805.png,Sofosbuvir
image_8806.jpg,Sofosbuvir
image_8807.jpg,Sofosbuvir
image_8808.png,Sofosbuvir
image_8809.jpg,Sofosbuvir
image_8810.jpg,Sofosbuvir
image_8811.jpg,Sofosbuvir
image_8812.jpg,Sofosbuvir
image_8813.jpg,Sofosbuvir
image_8814.jpeg,Sofosbuvir
image_8815.jpg,Sofosbuvir
image_8816.jpg,Sofosbuvir
image_8817.jpg,Sofosbuvir
image_8818.jpg,Sofosbuvir
image_8819.jpeg,Sofosbuvir
image_8820.jpeg,Sofosbuvir
image_8821.jpg,Sofosbuvir
image_8822.jpg,Sofosbuvir
image_8823.png,Sofosbuvir
image_8824.jpg,Sofosbuvir
image_8825.jpg,Sofosbuvir
image_8826.jpg,Sofosbuvir
image_8827.png,Sofosbuvir
image_8828.png,Sofosbuvir
image_8829.jpg,Sofosbuvir
image_8830.jpg,Sofosbuvir
image_8831.jpg,Sofosbuvir
image_8832.jpg,Sofosbuvir
image_8833.jpg,Sofosbuvir
image_8834.png,Sofosbuvir
image_8835.JPG,Sofosbuvir
image_8836.jpg,Sofosbuvir
image_8837.png,Sofosbuvir
image_8838.jpg,Sofosbuvir
image_8839.jpg,Solifenacin
image_8840.jpg,Solifenacin
image_8841.jpg,Solifenacin
image_8842.jpeg,Solifenacin
image_8843.jpg,Solifenacin
image_8844.jpg,Solifenacin
image_8845.jpg,Solifenacin
image_8846.jpg,Solifenacin
image_8847.jpg,Solifenacin
image_8848.jpg,Solifenacin
image_8849.jpg,Solifenacin
image_8850.jpg,Solifenacin
image_8851.jpg,Solifenacin
image_8852.jpeg,Solifenacin
image_8853.jpg,Solifenacin
image_8854.jpeg,Solifenacin
image_8855.jpeg,Solifenacin
image_8856.jpg,Solifenacin
image_8857.jpeg,Solifenacin
image_8858.jpeg,Solifenacin
image_8859.jpg,Solifenacin
image_8860.jpg,Solifenacin
image_8861.jpeg,Solifenacin
image_8862.jpg,Solifenacin
image_8863.jpeg,Solifenacin
image_8864.jpeg,Solifenacin
image_8865.jpeg,Solifenacin
image_8866.png,Spasminal
image_8867.jpg,Spasminal
image_8868.jpg,Spasminal
image_8869.jpg,Spasminal
image_8870.jpg,Spasminal
image_8871.png,Spasminal
image_8872.jpg,Spasminal
image_8873.jpg,Spasminal
image_8874.jpg,Spasminal
image_8875.jpeg,Spasminal
image_8876.jpg,Spasminal
image_8877.jpg,Spasminal
image_8878.jpg,Spasminal
image_8879.jpg,Spasminal
image_8880.jpg,Spasminal
image_8881.jpg,Spasminal
image_8882.png,Spasminal
image_8883.jpg,Spasminal
image_8884.png,Spasminal
image_8885.png,Spasminal
image_8886.png,Spasminal
image_8887.jpg,Spasminal
image_8888.jpg,Spasminal
image_8889.jpg,Spasminal
image_8890.png,Spasminal
image_8891.jpg,Spasminal
image_8892.jpg,Spasminal
image_8893.jpg,Stimuno Forte
image_8894.jpg,Stimuno Forte
image_8895.jpg,Stimuno Forte
image_8896.jpg,Stimuno Forte
image_8897.jpg,Stimuno Forte
image_8898.jpg,Stimuno Forte
image_8899.jpeg,Stimuno Forte
image_8900.jpeg,Stimuno Forte
image_8901.jpeg,Stimuno Forte
image_8902.jpg,Stimuno Forte
image_8903.jpg,Stimuno Forte
image_8904.jpg,Stimuno Forte
image_8905.jpg,Stimuno Forte
image_8906.jpg,Stimuno Forte
image_8907.jpg,Stimuno Forte
image_8908.jpg,Stimuno Forte
image_8909.jpg,Stimuno Forte
image_8910.jpg,Stimuno Forte
image_8911.jpg,Stimuno Forte
image_8912.jpg,Stimuno Forte
image_8913.jpg,Stimuno Forte
image_8914.jpg,Stimuno Forte
image_8915.jpg,Stimuno Forte
image_8916.jpeg,Stimuno Forte
image_8917.jpg,Stimuno Forte
image_8918.jpg,Stimuno Forte
image_8919.jpeg,Stimuno Forte
image_8920.jpeg,Stimuno Forte
image_8921.jpg,Stimuno Forte
image_8922.png,Stimuno Forte
image_8923.jpeg,Stimuno Forte
image_8924.jpeg,Stimuno Forte
image_8925.jpg,Stimuno Forte
image_8926.jpg,Stimuno Forte
image_8927.jpeg,Stimuno Forte
image_8928.jpg,Stimuno Forte
image_8929.jpg,Stimuno Forte
image_8930.jpg,Stimuno Forte
image_8931.png,Stimuno Forte
image_8932.jpg,Stimuno Forte
image_8933.jpg,Stimuno Forte
image_8934.jpg,Stimuno Forte
image_8935.jpeg,Stimuno Forte
image_8936.jpg,Stimuno Forte
image_8937.jpg,Stimuno Forte
image_8938.jpg,Stimuno Forte
image_8939.jpg,Stimuno Forte
image_8940.jpg,Stimuno Forte
image_8941.jpeg,Stimuno Forte
image_8942.png,Stimuno Forte
image_8943.jpg,Stimuno Forte
image_8944.jpg,Stimuno Forte
image_8945.jpg,Stimuno Forte
image_8946.jpg,Strepsils
image_8947.jpg,Strepsils
image_8948.jpg,Strepsils
image_8949.jpg,Strepsils
image_8950.jpg,Strepsils
image_8951.png,Strepsils
image_8952.jpg,Strepsils
image_8953.png,Strepsils
image_8954.jpg,Strepsils
image_8955.jpg,Strepsils
image_8956.jpg,Strepsils
image_8957.jpg,Strepsils
image_8958.jpg,Strepsils
image_8959.jpg,Strepsils
image_8960.jpg,Strepsils
image_8961.jpg,Strepsils
image_8962.jpg,Strepsils
image_8963.jpg,Strepsils
image_8964.jpg,Strepsils
image_8965.jpg,Strepsils
image_8966.jpg,Strepsils
image_8967.png,Strepsils
image_8968.jpg,Strepsils
image_8969.png,Strepsils
image_8970.png,Strepsils
image_8971.jpg,Strepsils
image_8972.jpg,Strepsils
image_8973.jpg,Strepsils
image_8974.jpg,Strepsils
image_8975.jpg,Strepsils
image_8976.jpg,Strepsils
image_8977.jpg,Strepsils
image_8978.jpg,Strepsils
image_8979.jpg,Strepsils
image_8980.jpg,Strepsils
image_8981.jpg,Strepsils
image_8982.jpg,Strepsils
image_8983.jpg,Strepsils
image_8984.jpg,Strepsils
image_8985.jpg,Strepsils
image_8986.png,Strepsils
image_8987.JPG,Strepsils
image_8988.jpg,Strepsils
image_8989.jpg,Strepsils
image_8990.jpeg,Strepsils
image_8991.jpg,Strepsils
image_8992.jpg,Strepsils
image_8993.jpg,Strepsils
image_8994.jpg,Strepsils
image_8995.png,Strepsils
image_8996.jpg,Strepsils
image_8997.JPG,Strepsils
image_8998.jpg,Strepsils
image_8999.jpg,Strepsils
image_9000.jpeg,Strepsils
image_9001.jpeg,Strepsils
image_9002.jpg,Strepsils
image_9003.jpg,Strepsils
image_9004.jpg,Strepsils
image_9005.jpg,Strepsils
image_9006.jpg,Strepsils
image_9007.jpg,Strepsils
image_9008.jpg,Strepsils
image_9009.jpg,Strepsils
image_9010.jpg,Strepsils
image_9011.jpg,Strepsils
image_9012.jpg,Strepsils
image_9013.jpg,Strepsils
image_9014.png,Sumagesic
image_9015.jpg,Sumagesic
image_9016.jpg,Sumagesic
image_9017.jpg,Sumagesic
image_9018.png,Sumagesic
image_9019.jpg,Sumagesic
image_9020.jpeg,Sumagesic
image_9021.jpeg,Sumagesic
image_9022.jpg,Sumagesic
image_9023.jpg,Sumagesic
image_9024.jpg,Sumagesic
image_9025.png,Sumagesic
image_9026.jpg,Sumagesic
image_9027.jpg,Sumagesic
image_9028.jpeg,Sumagesic
image_9029.jpg,Sumagesic
image_9030.jpg,Sumagesic
image_9031.jpg,Sumagesic
image_9032.jpg,Sumagesic
image_9033.jpg,Sumagesic
image_9034.jpg,Sumagesic
image_9035.jpg,Sumagesic
image_9036.jpg,Sumagesic
image_9037.jpg,Tadalafil
image_9038.jpg,Tadalafil
image_9039.jpg,Tadalafil
image_9040.jpg,Tadalafil
image_9041.jpg,Tadalafil
image_9042.png,Tadalafil
image_9043.png,Tadalafil
image_9044.jpg,Tadalafil
image_9045.png,Tadalafil
image_9046.png,Tadalafil
image_9047.jpg,Tadalafil
image_9048.jpg,Tadalafil
image_9049.png,Tadalafil
image_9050.jpg,Tadalafil
image_9051.jpg,Tadalafil
image_9052.jpg,Tadalafil
image_9053.jpeg,Tadalafil
image_9054.jpg,Tadalafil
image_9055.jpg,Tadalafil
image_9056.jpg,Tadalafil
image_9057.jpg,Tadalafil
image_9058.jpg,Tadalafil
image_9059.jpg,Tadalafil
image_9060.jpg,Tadalafil
image_9061.jpeg,Tadalafil
image_9062.jpg,Tadalafil
image_9063.jpg,Tadalafil
image_9064.jpg,Tadalafil
image_9065.jpg,Tadalafil
image_9066.jpg,Tadalafil
image_9067.jpg,Tadalafil
image_9068.jpg,Tadalafil
image_9069.jpg,Tadalafil
image_9070.jpg,Tadalafil
image_9071.jpeg,Tamoxifen
image_9072.jpg,Tamoxifen
image_9073.jpg,Tamoxifen
image_9074.jpg,Tamoxifen
image_9075.jpg,Tamoxifen
image_9076.jpg,Tamoxifen
image_9077.jpg,Tamoxifen
image_9078.jpg,Tamoxifen
image_9079.jpeg,Tamoxifen
image_9080.jpg,Tamoxifen
image_9081.jpg,Tamoxifen
image_9082.jpg,Tamoxifen
image_9083.png,Tamoxifen
image_9084.jpg,Tamoxifen
image_9085.jpeg,Tamoxifen
image_9086.jpg,Tamoxifen
image_9087.jpg,Tamoxifen
image_9088.jpg,Tamoxifen
image_9089.jpg,Tamoxifen
image_9090.jpg,Tamoxifen
image_9091.jpeg,Tamoxifen
image_9092.jpg,Tamoxifen
image_9093.jpg,Tamoxifen
image_9094.jpg,Tamoxifen
image_9095.jpg,Tamoxifen
image_9096.jpg,Tamoxifen
image_9097.jpg,Tamoxifen
image_9098.jpg,Tamoxifen
image_9099.jpg,Tamoxifen
image_9100.jpg,Tamoxifen
image_9101.jpg,Tamsulosin
image_9102.jpg,Tamsulosin
image_9103.jpeg,Tamsulosin
image_9104.jpg,Tamsulosin
image_9105.jpg,Tamsulosin
image_9106.jpg,Tamsulosin
image_9107.jpg,Tamsulosin
image_9108.jpg,Tamsulosin
image_9109.jpg,Tamsulosin
image_9110.jpg,Tamsulosin
image_9111.jpg,Tamsulosin
image_9112.jpg,Tamsulosin
image_9113.jpg,Tamsulosin
image_9114.jpg,Tamsulosin
image_9115.jpg,Tamsulosin
image_9116.jpg,Tamsulosin
image_9117.jpg,Tamsulosin
image_9118.jpg,Tamsulosin
image_9119.jpg,Tamsulosin
image_9120.jpg,Tamsulosin
image_9121.jpg,Tamsulosin
image_9122.jpg,Tapentadol
image_9123.jpg,Tapentadol
image_9124.jpeg,Tapentadol
image_9125.jpg,Tapentadol
image_9126.jpg,Tapentadol
image_9127.jpg,Tapentadol
image_9128.jpg,Tapentadol
image_9129.jpg,Tapentadol
image_9130.jpeg,Tapentadol
image_9131.jpg,Tapentadol
image_9132.jpg,Tapentadol
image_9133.jpg,Tapentadol
image_9134.jpeg,Tapentadol
image_9135.jpg,Tapentadol
image_9136.jpeg,Tapentadol
image_9137.jpg,Tapentadol
image_9138.jpg,Tapentadol
image_9139.jpg,Tapentadol
image_9140.jpeg,Tapentadol
image_9141.jpg,Tapentadol
image_9142.jpg,Tapentadol
image_9143.jpg,Tapentadol
image_9144.jpg,Tapentadol
image_9145.jpg,Tapentadol
image_9146.jpeg,Tapentadol
image_9147.jpeg,Tapentadol
image_9148.jpg,Tapentadol
image_9149.jpg,Tapentadol
image_9150.jpg,Tapentadol
image_9151.jpg,Telmisartan
image_9152.jpg,Telmisartan
image_9153.jpg,Telmisartan
image_9154.jpg,Telmisartan
image_9155.jpg,Telmisartan
image_9156.jpg,Telmisartan
image_9157.jpg,Telmisartan
image_9158.jpg,Telmisartan
image_9159.jpg,Telmisartan
image_9160.jpg,Telmisartan
image_9161.jpeg,Telmisartan
image_9162.jpg,Telmisartan
image_9163.jpg,Telmisartan
image_9164.png,Telmisartan
image_9165.jpg,Telmisartan
image_9166.jpg,Telmisartan
image_9167.jpg,Telmisartan
image_9168.jpg,Telmisartan
image_9169.jpg,Telmisartan
image_9170.jpg,Telmisartan
image_9171.jpg,Telmisartan
image_9172.JPG,Telmisartan
image_9173.png,Telmisartan
image_9174.jpg,Telmisartan
image_9175.jpg,Telmisartan
image_9176.jpg,Tenofovir Alafenamide
image_9177.jpeg,Tenofovir Alafenamide
image_9178.jpg,Tenofovir Alafenamide
image_9179.jpg,Tenofovir Alafenamide
image_9180.jpg,Tenofovir Alafenamide
image_9181.jpg,Tenofovir Alafenamide
image_9182.jpg,Tenofovir Alafenamide
image_9183.jpg,Tenofovir Alafenamide
image_9184.jpeg,Tenofovir Alafenamide
image_9185.jpg,Tenofovir Alafenamide
image_9186.jpg,Tenofovir Alafenamide
image_9187.jpg,Tenofovir Alafenamide
image_9188.jpeg,Tenofovir Alafenamide
image_9189.jpg,Tenofovir Alafenamide
image_9190.png,Tenofovir Alafenamide
image_9191.jpg,Tenofovir Alafenamide
image_9192.jpg,Tenofovir Alafenamide
image_9193.jpg,Tenofovir Alafenamide
image_9194.jpg,Tenofovir Alafenamide
image_9195.jpg,Tenofovir Alafenamide
image_9196.jpg,Tenofovir Alafenamide
image_9197.jpg,Tenofovir Alafenamide
image_9198.jpg,Tenofovir Alafenamide
image_9199.jpg,Tenofovir Alafenamide
image_9200.jpg,Tenofovir Alafenamide
image_9201.jpg,Tenofovir Alafenamide
image_9202.jpg,Tenofovir Alafenamide
image_9203.jpg,Terbutaline
image_9204.jpg,Terbutaline
image_9205.jpg,Terbutaline
image_9206.jpg,Terbutaline
image_9207.jpg,Terbutaline
image_9208.jpg,Terbutaline
image_9209.jpg,Terbutaline
image_9210.jpg,Terbutaline
image_9211.jpg,Terbutaline
image_9212.jpg,Terbutaline
image_9213.jpg,Terbutaline
image_9214.jpg,Terbutaline
image_9215.jpg,Terbutaline
image_9216.jpg,Terbutaline
image_9217.jpg,Terramycin
image_9218.jpg,Terramycin
image_9219.jpg,Terramycin
image_9220.jpg,Terramycin
image_9221.jpg,Terramycin
image_9222.jpg,Terramycin
image_9223.jpg,Terramycin
image_9224.png,Terramycin
image_9225.jpg,Terramycin
image_9226.jpg,Terramycin
image_9227.jpg,Terramycin
image_9228.jpg,Terramycin
image_9229.jpg,Terramycin
image_9230.jpg,Terramycin
image_9231.jpg,Terramycin
image_9232.png,Terramycin
image_9233.png,Terramycin
image_9234.jpg,Terramycin
image_9235.jpg,Terramycin
image_9236.jpg,Terramycin
image_9237.jpg,Terramycin
image_9238.jpg,Terramycin
image_9239.jpg,Terramycin
image_9240.jpg,Terramycin
image_9241.jpg,Terramycin
image_9242.jpg,Terramycin
image_9243.jpg,Terramycin
image_9244.jpg,Terramycin
image_9245.jpg,Terramycin
image_9246.jpg,Terramycin
image_9247.jpg,Terramycin
image_9248.jpg,Terramycin
image_9249.jpg,Terramycin
image_9250.jpg,Terramycin
image_9251.jpg,Terramycin
image_9252.jpg,Terramycin
image_9253.jpeg,Thiamycin
image_9254.jpg,Thiamycin
image_9255.jpg,Thiamycin
image_9256.jpg,Thiamycin
image_9257.jpg,Thiamycin
image_9258.png,Thiamycin
image_9259.jpg,Thiamycin
image_9260.png,Thiamycin
image_9261.jpg,Thiamycin
image_9262.jpg,Thiamycin
image_9263.png,Thiamycin
image_9264.png,Thiamycin
image_9265.jpg,Thiamycin
image_9266.jpg,Thiamycin
image_9267.jpg,Thiamycin
image_9268.jpeg,Thiamycin
image_9269.gif,Thiamycin
image_9270.jpg,Thiamycin
image_9271.jpg,Thiamycin
image_9272.jpg,Thiamycin
image_9273.png,Thiamycin
image_9274.jpg,Thiamycin
image_9275.jpg,Thiamycin
image_9276.jpg,Thiamycin
image_9277.jpg,Thiamycin
image_9278.jpg,Thrombophob
image_9279.jpg,Thrombophob
image_9280.jpg,Thrombophob
image_9281.jpg,Thrombophob
image_9282.jpeg,Thrombophob
image_9283.jpg,Thrombophob
image_9284.jpg,Thrombophob
image_9285.jpg,Thrombophob
image_9286.jpeg,Thrombophob
image_9287.jpg,Thrombophob
image_9288.jpg,Thrombophob
image_9289.jpg,Thrombophob
image_9290.jpeg,Thrombophob
image_9291.jpg,Thrombophob
image_9292.jpg,Thrombophob
image_9293.jpg,Thrombophob
image_9294.jpg,Thrombophob
image_9295.jpg,Thrombophob
image_9296.jpg,Thrombophob
image_9297.jpg,Thrombophob
image_9298.jpeg,Thrombophob
image_9299.jpg,Thrombophob
image_9300.jpg,Thrombophob
image_9301.jpg,Thrombophob
image_9302.jpg,Thrombophob
image_9303.jpeg,Thrombophob
image_9304.jpg,Thrombophob
image_9305.jpg,Thrombophob
image_9306.jpg,Thrombophob
image_9307.jpg,Thrombophob
image_9308.jpg,Tramadol
image_9309.jpg,Tramadol
image_9310.jpg,Tramadol
image_9311.jpg,Tramadol
image_9312.png,Tramadol
image_9313.jpg,Tramadol
image_9314.png,Tramadol
image_9315.jpg,Tramadol
image_9316.jpg,Tramadol
image_9317.jpg,Tramadol
image_9318.jpg,Tramadol
image_9319.png,Tramadol
image_9320.jpeg,Tramadol
image_9321.jpg,Tramadol
image_9322.jpg,Tramadol
image_9323.jpg,Tramadol
image_9324.jpg,Tramadol
image_9325.png,Tramadol
image_9326.jpeg,Tramadol
image_9327.jpg,Tramadol
image_9328.jpg,Tramadol
image_9329.jpg,Tramadol
image_9330.jpg,Tropigesic
image_9331.png,Tropigesic
image_9332.jpg,Tropigesic
image_9333.jpg,Tropigesic
image_9334.jpg,Tropigesic
image_9335.jpg,Tropigesic
image_9336.jpg,Tropigesic
image_9337.jpg,Tropigesic
image_9338.jpg,Tropigesic
image_9339.jpg,Tropigesic
image_9340.png,Tropigesic
image_9341.jpg,Tropigesic
image_9342.jpg,Tropigesic
image_9343.jpg,Tropigesic
image_9344.jpg,Tropigesic
image_9345.jpg,Tropigesic
image_9346.jpg,Tropigesic
image_9347.jpg,Tropigesic
image_9348.jpg,Tropigesic
image_9349.jpg,Tropigesic
image_9350.jpg,Tropigesic
image_9351.jpg,Tropigesic
image_9352.jpg,Tropigesic
image_9353.jpg,Tropigesic
image_9354.jpg,Woods Peppermint
image_9355.jpg,Woods Peppermint
image_9356.png,Woods Peppermint
image_9357.jpeg,Woods Peppermint
image_9358.png,Woods Peppermint
image_9359.jpg,Woods Peppermint
image_9360.jpg,Woods Peppermint
image_9361.jpg,Woods Peppermint
image_9362.jpg,Woods Peppermint
image_9363.jpg,Woods Peppermint
image_9364.jpg,Woods Peppermint
image_9365.jpg,Woods Peppermint
image_9366.jpg,Woods Peppermint
image_9367.png,Woods Peppermint
image_9368.jpg,Woods Peppermint
image_9369.jpg,Woods Peppermint
image_9370.jpg,Woods Peppermint
image_9371.jpg,Woods Peppermint
image_9372.jpg,Woods Peppermint
image_9373.jpg,Woods Peppermint
image_9374.jpg,Woods Peppermint
image_9375.png,Woods Peppermint
image_9376.jpg,Woods Peppermint
image_9377.png,Woods Peppermint
image_9378.jpg,Woods Peppermint
image_9379.jpg,Woods Peppermint
image_9380.png,Woods Peppermint
image_9381.jpg,Woods Peppermint
image_9382.png,Woods Peppermint
image_9383.jpg,Woods Peppermint
image_9384.jpg,Woods Peppermint
image_9385.jpg,Woods Peppermint
image_9386.png,Woods Peppermint
image_9387.jpg,Woods Peppermint
image_9388.jpg,Zidovudine
image_9389.png,Zidovudine
image_9390.jpg,Zidovudine
image_9391.jpg,Zidovudine
image_9392.png,Zidovudine
image_9393.jpg,Zidovudine
image_9394.jpg,Zidovudine
image_9395.jpg,Zidovudine
image_9396.png,Zidovudine
image_9397.jpg,Zidovudine
image_9398.jpg,Zidovudine
image_9399.jpg,Zidovudine
image_9400.jpg,Zidovudine
image_9401.jpg,Zidovudine
image_9402.png,Zidovudine
image_9403.jpg,Zidovudine
image_9404.png,Zidovudine
image_9405.jpg,Zidovudine
image_9406.jpg,Zidovudine
image_9407.jpg,Zidovudine
image_9408.png,Zidovudine
image_9409.jpg,Zidovudine
image_9410.jpg,Zidovudine
image_9411.jpg,Zidovudine
image_9412.JPG,Zidovudine
image_9413.jpg,Zidovudine
image_9414.jpg,Zidovudine
image_9415.jpg,Zidovudine
image_9416.jpg,Zidovudine
