,id,rule.mitre.tactic
0,54481,non-attack
1,54482,non-attack
2,54483,non-attack
3,54484,non-attack
4,54485,non-attack
5,54486,non-attack
6,54487,non-attack
7,54488,non-attack
8,54489,non-attack
9,54490,non-attack
10,54491,non-attack
11,54492,non-attack
12,54493,non-attack
13,54494,non-attack
14,54495,non-attack
15,54496,non-attack
16,54497,non-attack
17,54498,non-attack
18,54499,non-attack
19,54500,non-attack
20,54501,non-attack
21,54502,non-attack
22,54503,non-attack
23,54504,non-attack
24,54505,non-attack
25,54506,non-attack
26,54507,non-attack
27,54508,non-attack
28,54509,non-attack
29,54510,non-attack
30,54511,non-attack
31,54512,non-attack
32,54513,non-attack
33,54514,non-attack
34,54515,non-attack
35,54516,non-attack
36,54517,non-attack
37,54518,non-attack
38,54519,non-attack
39,54520,non-attack
40,54521,non-attack
41,54522,non-attack
42,54523,non-attack
43,54524,Impact
44,54525,non-attack
45,54526,Impact
46,54527,non-attack
47,54528,non-attack
48,54529,non-attack
49,54530,non-attack
50,54531,non-attack
51,54532,non-attack
52,54533,non-attack
53,54534,non-attack
54,54535,Impact
55,54536,non-attack
56,54537,non-attack
57,54538,non-attack
58,54539,Impact
59,54540,non-attack
60,54541,non-attack
61,54542,non-attack
62,54543,non-attack
63,54544,non-attack
64,54545,non-attack
65,54546,non-attack
66,54547,non-attack
67,54548,non-attack
68,54549,non-attack
69,54550,non-attack
70,54551,non-attack
71,54552,non-attack
72,54553,non-attack
73,54554,non-attack
74,54555,non-attack
75,54556,non-attack
76,54557,non-attack
77,54558,non-attack
78,54559,Impact
79,54560,non-attack
80,54561,non-attack
81,54562,non-attack
82,54563,non-attack
83,54564,non-attack
84,54565,non-attack
85,54566,non-attack
86,54567,non-attack
87,54568,non-attack
88,54569,non-attack
89,54570,non-attack
90,54571,non-attack
91,54572,non-attack
92,54573,non-attack
93,54574,non-attack
94,54575,non-attack
95,54576,non-attack
96,54577,non-attack
97,54578,non-attack
98,54579,non-attack
99,54580,non-attack
100,54581,non-attack
101,54582,non-attack
102,54583,non-attack
103,54584,non-attack
104,54585,non-attack
105,54586,non-attack
106,54587,non-attack
107,54588,non-attack
108,54589,non-attack
109,54590,non-attack
110,54591,non-attack
111,54592,non-attack
112,54593,non-attack
113,54594,Impact
114,54595,non-attack
115,54596,non-attack
116,54597,non-attack
117,54598,non-attack
118,54599,non-attack
119,54600,non-attack
120,54601,non-attack
121,54602,non-attack
122,54603,non-attack
123,54604,non-attack
124,54605,non-attack
125,54606,non-attack
126,54607,non-attack
127,54608,non-attack
128,54609,non-attack
129,54610,non-attack
130,54611,non-attack
131,54612,non-attack
132,54613,non-attack
133,54614,non-attack
134,54615,non-attack
135,54616,non-attack
136,54617,non-attack
137,54618,non-attack
138,54619,non-attack
139,54620,non-attack
140,54621,non-attack
141,54622,non-attack
142,54623,non-attack
143,54624,non-attack
144,54625,non-attack
145,54626,non-attack
146,54627,non-attack
147,54628,non-attack
148,54629,Impact
149,54630,non-attack
150,54631,Impact
151,54632,non-attack
152,54633,Impact
153,54634,non-attack
154,54635,non-attack
155,54636,Impact
156,54637,non-attack
157,54638,non-attack
158,54639,non-attack
159,54640,Impact
160,54641,non-attack
161,54642,non-attack
162,54643,non-attack
163,54644,non-attack
164,54645,non-attack
165,54646,non-attack
166,54647,Impact
167,54648,non-attack
168,54649,non-attack
169,54650,non-attack
170,54651,non-attack
171,54652,non-attack
172,54653,non-attack
173,54654,non-attack
174,54655,non-attack
175,54656,non-attack
176,54657,non-attack
177,54658,non-attack
178,54659,non-attack
179,54660,non-attack
180,54661,non-attack
181,54662,non-attack
182,54663,non-attack
183,54664,Impact
184,54665,non-attack
185,54666,Impact
186,54667,non-attack
187,54668,non-attack
188,54669,non-attack
189,54670,non-attack
190,54671,Impact
191,54672,Impact
192,54673,non-attack
193,54674,non-attack
194,54675,non-attack
195,54676,non-attack
196,54677,non-attack
197,54678,non-attack
198,54679,non-attack
199,54680,non-attack
200,54681,non-attack
201,54682,Impact
202,54683,non-attack
203,54684,non-attack
204,54685,non-attack
205,54686,non-attack
206,54687,non-attack
207,54688,non-attack
208,54689,non-attack
209,54690,non-attack
210,54691,non-attack
211,54692,non-attack
212,54693,non-attack
213,54694,non-attack
214,54695,non-attack
215,54696,non-attack
216,54697,non-attack
217,54698,non-attack
218,54699,non-attack
219,54700,non-attack
220,54701,non-attack
221,54702,non-attack
222,54703,non-attack
223,54704,non-attack
224,54705,non-attack
225,54706,non-attack
226,54707,non-attack
227,54708,non-attack
228,54709,non-attack
229,54710,non-attack
230,54711,non-attack
231,54712,non-attack
232,54713,non-attack
233,54714,non-attack
234,54715,non-attack
235,54716,non-attack
236,54717,non-attack
237,54718,non-attack
238,54719,non-attack
239,54720,non-attack
240,54721,non-attack
241,54722,non-attack
242,54723,non-attack
243,54724,non-attack
244,54725,non-attack
245,54726,non-attack
246,54727,non-attack
247,54728,non-attack
248,54729,non-attack
249,54730,non-attack
250,54731,non-attack
251,54732,Impact
252,54733,non-attack
253,54734,Impact
254,54735,non-attack
255,54736,non-attack
256,54737,non-attack
257,54738,non-attack
258,54739,non-attack
259,54740,non-attack
260,54741,Impact
261,54742,non-attack
262,54743,non-attack
263,54744,non-attack
264,54745,non-attack
265,54746,non-attack
266,54747,non-attack
267,54748,non-attack
268,54749,non-attack
269,54750,non-attack
270,54751,non-attack
271,54752,non-attack
272,54753,non-attack
273,54754,non-attack
274,54755,non-attack
275,54756,non-attack
276,54757,non-attack
277,54758,non-attack
278,54759,non-attack
279,54760,non-attack
280,54761,non-attack
281,54762,non-attack
282,54763,non-attack
283,54764,non-attack
284,54765,non-attack
285,54766,non-attack
286,54767,non-attack
287,54768,non-attack
288,54769,non-attack
289,54770,non-attack
290,54771,non-attack
291,54772,non-attack
292,54773,non-attack
293,54774,non-attack
294,54775,non-attack
295,54776,non-attack
296,54777,non-attack
297,54778,non-attack
298,54779,non-attack
299,54780,non-attack
300,54781,non-attack
301,54782,non-attack
302,54783,non-attack
303,54784,non-attack
304,54785,non-attack
305,54786,non-attack
306,54787,non-attack
307,54788,Impact
308,54789,non-attack
309,54790,non-attack
310,54791,non-attack
311,54792,non-attack
312,54793,non-attack
313,54794,non-attack
314,54795,non-attack
315,54796,non-attack
316,54797,non-attack
317,54798,non-attack
318,54799,non-attack
319,54800,non-attack
320,54801,non-attack
321,54802,non-attack
322,54803,non-attack
323,54804,non-attack
324,54805,non-attack
325,54806,non-attack
326,54807,non-attack
327,54808,non-attack
328,54809,non-attack
329,54810,non-attack
330,54811,Impact
331,54812,non-attack
332,54813,non-attack
333,54814,non-attack
334,54815,non-attack
335,54816,non-attack
336,54817,non-attack
337,54818,non-attack
338,54819,non-attack
339,54820,non-attack
340,54821,non-attack
341,54822,non-attack
342,54823,non-attack
343,54824,non-attack
344,54825,non-attack
345,54826,non-attack
346,54827,non-attack
347,54828,non-attack
348,54829,non-attack
349,54830,non-attack
350,54831,non-attack
351,54832,non-attack
352,54833,non-attack
353,54834,non-attack
354,54835,non-attack
355,54836,non-attack
356,54837,non-attack
357,54838,non-attack
358,54839,non-attack
359,54840,non-attack
360,54841,non-attack
361,54842,non-attack
362,54843,non-attack
363,54844,non-attack
364,54845,non-attack
365,54846,non-attack
366,54847,non-attack
367,54848,non-attack
368,54849,non-attack
369,54850,non-attack
370,54851,non-attack
371,54852,non-attack
372,54853,non-attack
373,54854,Impact
374,54855,non-attack
375,54856,non-attack
376,54857,non-attack
377,54858,non-attack
378,54859,non-attack
379,54860,non-attack
380,54861,non-attack
381,54862,non-attack
382,54863,non-attack
383,54864,non-attack
384,54865,non-attack
385,54866,non-attack
386,54867,non-attack
387,54868,non-attack
388,54869,non-attack
389,54870,non-attack
390,54871,Impact
391,54872,non-attack
392,54873,non-attack
393,54874,non-attack
394,54875,non-attack
395,54876,non-attack
396,54877,non-attack
397,54878,non-attack
398,54879,non-attack
399,54880,non-attack
400,54881,non-attack
401,54882,non-attack
402,54883,non-attack
403,54884,non-attack
404,54885,non-attack
405,54886,non-attack
406,54887,non-attack
407,54888,non-attack
408,54889,non-attack
409,54890,non-attack
410,54891,non-attack
411,54892,non-attack
412,54893,non-attack
413,54894,non-attack
414,54895,non-attack
415,54896,Impact
416,54897,non-attack
417,54898,Impact
418,54899,non-attack
419,54900,non-attack
420,54901,non-attack
421,54902,non-attack
422,54903,non-attack
423,54904,non-attack
424,54905,non-attack
425,54906,non-attack
426,54907,non-attack
427,54908,non-attack
428,54909,non-attack
429,54910,non-attack
430,54911,non-attack
431,54912,non-attack
432,54913,non-attack
433,54914,non-attack
434,54915,non-attack
435,54916,non-attack
436,54917,non-attack
437,54918,non-attack
438,54919,non-attack
439,54920,Impact
440,54921,non-attack
441,54922,non-attack
442,54923,non-attack
443,54924,non-attack
444,54925,non-attack
445,54926,non-attack
446,54927,Impact
447,54928,Impact
448,54929,non-attack
449,54930,non-attack
450,54931,non-attack
451,54932,non-attack
452,54933,non-attack
453,54934,Impact
454,54935,non-attack
455,54936,non-attack
456,54937,non-attack
457,54938,non-attack
458,54939,Impact
459,54940,non-attack
460,54941,non-attack
461,54942,non-attack
462,54943,non-attack
463,54944,non-attack
464,54945,non-attack
465,54946,non-attack
466,54947,non-attack
467,54948,non-attack
468,54949,non-attack
469,54950,non-attack
470,54951,non-attack
471,54952,non-attack
472,54953,non-attack
473,54954,non-attack
474,54955,non-attack
475,54956,non-attack
476,54957,non-attack
477,54958,non-attack
478,54959,non-attack
479,54960,non-attack
480,54961,non-attack
481,54962,non-attack
482,54963,non-attack
483,54964,non-attack
484,54965,non-attack
485,54966,non-attack
486,54967,Impact
487,54968,non-attack
488,54969,non-attack
489,54970,non-attack
490,54971,non-attack
491,54972,non-attack
492,54973,Impact
493,54974,non-attack
494,54975,non-attack
495,54976,non-attack
496,54977,non-attack
497,54978,non-attack
498,54979,non-attack
499,54980,non-attack
500,54981,non-attack
501,54982,non-attack
502,54983,non-attack
503,54984,non-attack
504,54985,non-attack
505,54986,non-attack
506,54987,non-attack
507,54988,non-attack
508,54989,non-attack
509,54990,non-attack
510,54991,non-attack
511,54992,non-attack
512,54993,non-attack
513,54994,non-attack
514,54995,non-attack
515,54996,non-attack
516,54997,non-attack
517,54998,non-attack
518,54999,non-attack
519,55000,non-attack
520,55001,non-attack
521,55002,non-attack
522,55003,non-attack
523,55004,non-attack
524,55005,non-attack
525,55006,non-attack
526,55007,non-attack
527,55008,non-attack
528,55009,non-attack
529,55010,non-attack
530,55011,non-attack
531,55012,non-attack
532,55013,non-attack
533,55014,non-attack
534,55015,non-attack
535,55016,non-attack
536,55017,non-attack
537,55018,non-attack
538,55019,non-attack
539,55020,non-attack
540,55021,non-attack
541,55022,non-attack
542,55023,non-attack
543,55024,non-attack
544,55025,non-attack
545,55026,non-attack
546,55027,non-attack
547,55028,non-attack
548,55029,non-attack
549,55030,non-attack
550,55031,non-attack
551,55032,non-attack
552,55033,non-attack
553,55034,non-attack
554,55035,Impact
555,55036,non-attack
556,55037,non-attack
557,55038,non-attack
558,55039,Impact
559,55040,non-attack
560,55041,non-attack
561,55042,non-attack
562,55043,non-attack
563,55044,Impact
564,55045,non-attack
565,55046,non-attack
566,55047,non-attack
567,55048,non-attack
568,55049,non-attack
569,55050,Impact
570,55051,non-attack
571,55052,non-attack
572,55053,non-attack
573,55054,non-attack
574,55055,non-attack
575,55056,non-attack
576,55057,non-attack
577,55058,non-attack
578,55059,non-attack
579,55060,non-attack
580,55061,non-attack
581,55062,non-attack
582,55063,non-attack
583,55064,non-attack
584,55065,non-attack
585,55066,non-attack
586,55067,non-attack
587,55068,non-attack
588,55069,non-attack
589,55070,non-attack
590,55071,non-attack
591,55072,non-attack
592,55073,non-attack
593,55074,non-attack
594,55075,non-attack
595,55076,non-attack
596,55077,non-attack
597,55078,non-attack
598,55079,non-attack
599,55080,non-attack
600,55081,non-attack
601,55082,Impact
602,55083,non-attack
603,55084,non-attack
604,55085,non-attack
605,55086,non-attack
606,55087,non-attack
607,55088,non-attack
608,55089,non-attack
609,55090,non-attack
610,55091,non-attack
611,55092,non-attack
612,55093,non-attack
613,55094,non-attack
614,55095,non-attack
615,55096,non-attack
616,55097,non-attack
617,55098,non-attack
618,55099,non-attack
619,55100,non-attack
620,55101,non-attack
621,55102,non-attack
622,55103,non-attack
623,55104,non-attack
624,55105,non-attack
625,55106,non-attack
626,55107,non-attack
627,55108,non-attack
628,55109,Impact
629,55110,non-attack
630,55111,non-attack
631,55112,non-attack
632,55113,non-attack
633,55114,non-attack
634,55115,non-attack
635,55116,non-attack
636,55117,non-attack
637,55118,non-attack
638,55119,non-attack
639,55120,non-attack
640,55121,non-attack
641,55122,non-attack
642,55123,non-attack
643,55124,non-attack
644,55125,non-attack
645,55126,non-attack
646,55127,non-attack
647,55128,non-attack
648,55129,non-attack
649,55130,non-attack
650,55131,non-attack
651,55132,non-attack
652,55133,non-attack
653,55134,Impact
654,55135,non-attack
655,55136,non-attack
656,55137,non-attack
657,55138,Impact
658,55139,non-attack
659,55140,non-attack
660,55141,non-attack
661,55142,non-attack
662,55143,non-attack
663,55144,non-attack
664,55145,non-attack
665,55146,non-attack
666,55147,non-attack
667,55148,non-attack
668,55149,non-attack
669,55150,non-attack
670,55151,non-attack
671,55152,non-attack
672,55153,non-attack
673,55154,non-attack
674,55155,non-attack
675,55156,non-attack
676,55157,non-attack
677,55158,non-attack
678,55159,non-attack
679,55160,non-attack
680,55161,non-attack
681,55162,non-attack
682,55163,non-attack
683,55164,non-attack
684,55165,non-attack
685,55166,non-attack
686,55167,non-attack
687,55168,non-attack
688,55169,non-attack
689,55170,non-attack
690,55171,non-attack
691,55172,Impact
692,55173,non-attack
693,55174,non-attack
694,55175,non-attack
695,55176,non-attack
696,55177,non-attack
697,55178,non-attack
698,55179,non-attack
699,55180,non-attack
700,55181,non-attack
701,55182,non-attack
702,55183,non-attack
703,55184,non-attack
704,55185,non-attack
705,55186,non-attack
706,55187,non-attack
707,55188,non-attack
708,55189,non-attack
709,55190,non-attack
710,55191,non-attack
711,55192,non-attack
712,55193,non-attack
713,55194,non-attack
714,55195,non-attack
715,55196,non-attack
716,55197,non-attack
717,55198,non-attack
718,55199,non-attack
719,55200,non-attack
720,55201,non-attack
721,55202,non-attack
722,55203,non-attack
723,55204,non-attack
724,55205,non-attack
725,55206,non-attack
726,55207,Impact
727,55208,non-attack
728,55209,non-attack
729,55210,non-attack
730,55211,non-attack
731,55212,non-attack
732,55213,Impact
733,55214,non-attack
734,55215,non-attack
735,55216,non-attack
736,55217,non-attack
737,55218,Impact
738,55219,non-attack
739,55220,non-attack
740,55221,non-attack
741,55222,non-attack
742,55223,non-attack
743,55224,non-attack
744,55225,non-attack
745,55226,non-attack
746,55227,non-attack
747,55228,non-attack
748,55229,non-attack
749,55230,non-attack
750,55231,non-attack
751,55232,non-attack
752,55233,non-attack
753,55234,non-attack
754,55235,non-attack
755,55236,non-attack
756,55237,non-attack
757,55238,non-attack
758,55239,non-attack
759,55240,non-attack
760,55241,non-attack
761,55242,non-attack
762,55243,non-attack
763,55244,non-attack
764,55245,non-attack
765,55246,non-attack
766,55247,non-attack
767,55248,non-attack
768,55249,non-attack
769,55250,non-attack
770,55251,non-attack
771,55252,non-attack
772,55253,non-attack
773,55254,non-attack
774,55255,non-attack
775,55256,non-attack
776,55257,Impact
777,55258,non-attack
778,55259,non-attack
779,55260,non-attack
780,55261,non-attack
781,55262,non-attack
782,55263,non-attack
783,55264,non-attack
784,55265,non-attack
785,55266,non-attack
786,55267,non-attack
787,55268,non-attack
788,55269,non-attack
789,55270,non-attack
790,55271,non-attack
791,55272,non-attack
792,55273,non-attack
793,55274,non-attack
794,55275,non-attack
795,55276,non-attack
796,55277,non-attack
797,55278,non-attack
798,55279,non-attack
799,55280,Impact
800,55281,non-attack
801,55282,non-attack
802,55283,non-attack
803,55284,non-attack
804,55285,non-attack
805,55286,non-attack
806,55287,non-attack
807,55288,Impact
808,55289,non-attack
809,55290,non-attack
810,55291,non-attack
811,55292,non-attack
812,55293,non-attack
813,55294,non-attack
814,55295,non-attack
815,55296,non-attack
816,55297,non-attack
817,55298,non-attack
818,55299,non-attack
819,55300,non-attack
820,55301,non-attack
821,55302,non-attack
822,55303,non-attack
823,55304,non-attack
824,55305,non-attack
825,55306,non-attack
826,55307,non-attack
827,55308,non-attack
828,55309,non-attack
829,55310,non-attack
830,55311,non-attack
831,55312,non-attack
832,55313,non-attack
833,55314,non-attack
834,55315,non-attack
835,55316,non-attack
836,55317,non-attack
837,55318,non-attack
838,55319,non-attack
839,55320,non-attack
840,55321,non-attack
841,55322,non-attack
842,55323,non-attack
843,55324,non-attack
844,55325,non-attack
845,55326,non-attack
846,55327,non-attack
847,55328,non-attack
848,55329,non-attack
849,55330,non-attack
850,55331,non-attack
851,55332,non-attack
852,55333,non-attack
853,55334,non-attack
854,55335,non-attack
855,55336,non-attack
856,55337,non-attack
857,55338,non-attack
858,55339,non-attack
859,55340,non-attack
860,55341,non-attack
861,55342,non-attack
862,55343,non-attack
863,55344,non-attack
864,55345,non-attack
865,55346,non-attack
866,55347,non-attack
867,55348,non-attack
868,55349,non-attack
869,55350,non-attack
870,55351,non-attack
871,55352,non-attack
872,55353,non-attack
873,55354,non-attack
874,55355,non-attack
875,55356,non-attack
876,55357,non-attack
877,55358,non-attack
878,55359,Impact
879,55360,non-attack
880,55361,non-attack
881,55362,non-attack
882,55363,non-attack
883,55364,non-attack
884,55365,non-attack
885,55366,non-attack
886,55367,non-attack
887,55368,non-attack
888,55369,non-attack
889,55370,non-attack
890,55371,non-attack
891,55372,non-attack
892,55373,non-attack
893,55374,non-attack
894,55375,non-attack
895,55376,non-attack
896,55377,non-attack
897,55378,non-attack
898,55379,non-attack
899,55380,non-attack
900,55381,non-attack
901,55382,non-attack
902,55383,non-attack
903,55384,non-attack
904,55385,non-attack
905,55386,non-attack
906,55387,non-attack
907,55388,non-attack
908,55389,non-attack
909,55390,non-attack
910,55391,non-attack
911,55392,non-attack
912,55393,non-attack
913,55394,non-attack
914,55395,non-attack
915,55396,non-attack
916,55397,non-attack
917,55398,non-attack
918,55399,non-attack
919,55400,non-attack
920,55401,non-attack
921,55402,non-attack
922,55403,non-attack
923,55404,non-attack
924,55405,non-attack
925,55406,Impact
926,55407,non-attack
927,55408,non-attack
928,55409,non-attack
929,55410,Impact
930,55411,non-attack
931,55412,non-attack
932,55413,non-attack
933,55414,non-attack
934,55415,non-attack
935,55416,non-attack
936,55417,Impact
937,55418,non-attack
938,55419,non-attack
939,55420,non-attack
940,55421,non-attack
941,55422,non-attack
942,55423,non-attack
943,55424,non-attack
944,55425,non-attack
945,55426,non-attack
946,55427,non-attack
947,55428,non-attack
948,55429,non-attack
949,55430,non-attack
950,55431,non-attack
951,55432,non-attack
952,55433,non-attack
953,55434,non-attack
954,55435,non-attack
955,55436,non-attack
956,55437,non-attack
957,55438,non-attack
958,55439,non-attack
959,55440,non-attack
960,55441,non-attack
961,55442,non-attack
962,55443,non-attack
963,55444,non-attack
964,55445,non-attack
965,55446,non-attack
966,55447,non-attack
967,55448,non-attack
968,55449,Impact
969,55450,non-attack
970,55451,non-attack
971,55452,non-attack
972,55453,non-attack
973,55454,non-attack
974,55455,non-attack
975,55456,Impact
976,55457,non-attack
977,55458,non-attack
978,55459,Impact
979,55460,non-attack
980,55461,non-attack
981,55462,non-attack
982,55463,non-attack
983,55464,non-attack
984,55465,non-attack
985,55466,non-attack
986,55467,non-attack
987,55468,non-attack
988,55469,non-attack
989,55470,non-attack
990,55471,non-attack
991,55472,non-attack
992,55473,non-attack
993,55474,non-attack
994,55475,non-attack
995,55476,non-attack
996,55477,non-attack
997,55478,non-attack
998,55479,non-attack
999,55480,non-attack
1000,55481,non-attack
1001,55482,non-attack
1002,55483,non-attack
1003,55484,non-attack
1004,55485,non-attack
1005,55486,non-attack
1006,55487,non-attack
1007,55488,non-attack
1008,55489,non-attack
1009,55490,Impact
1010,55491,non-attack
1011,55492,non-attack
1012,55493,Impact
1013,55494,non-attack
1014,55495,non-attack
1015,55496,non-attack
1016,55497,non-attack
1017,55498,non-attack
1018,55499,Impact
1019,55500,non-attack
1020,55501,non-attack
1021,55502,non-attack
1022,55503,non-attack
1023,55504,non-attack
1024,55505,non-attack
1025,55506,non-attack
1026,55507,non-attack
1027,55508,non-attack
1028,55509,non-attack
1029,55510,non-attack
1030,55511,non-attack
1031,55512,non-attack
1032,55513,non-attack
1033,55514,non-attack
1034,55515,non-attack
1035,55516,non-attack
1036,55517,non-attack
1037,55518,non-attack
1038,55519,non-attack
1039,55520,non-attack
1040,55521,non-attack
1041,55522,non-attack
1042,55523,non-attack
1043,55524,non-attack
1044,55525,non-attack
1045,55526,non-attack
1046,55527,non-attack
1047,55528,non-attack
1048,55529,non-attack
1049,55530,non-attack
1050,55531,non-attack
1051,55532,non-attack
1052,55533,non-attack
1053,55534,non-attack
1054,55535,non-attack
1055,55536,non-attack
1056,55537,non-attack
1057,55538,non-attack
1058,55539,non-attack
1059,55540,non-attack
1060,55541,non-attack
1061,55542,non-attack
1062,55543,non-attack
1063,55544,non-attack
1064,55545,non-attack
1065,55546,non-attack
1066,55547,non-attack
1067,55548,non-attack
1068,55549,non-attack
1069,55550,non-attack
1070,55551,non-attack
1071,55552,non-attack
1072,55553,non-attack
1073,55554,non-attack
1074,55555,non-attack
1075,55556,non-attack
1076,55557,non-attack
1077,55558,non-attack
1078,55559,non-attack
1079,55560,non-attack
1080,55561,non-attack
1081,55562,non-attack
1082,55563,non-attack
1083,55564,non-attack
1084,55565,non-attack
1085,55566,non-attack
1086,55567,non-attack
1087,55568,non-attack
1088,55569,non-attack
1089,55570,non-attack
1090,55571,non-attack
1091,55572,non-attack
1092,55573,non-attack
1093,55574,non-attack
1094,55575,non-attack
1095,55576,Impact
1096,55577,non-attack
1097,55578,non-attack
1098,55579,non-attack
1099,55580,non-attack
1100,55581,non-attack
1101,55582,non-attack
1102,55583,non-attack
1103,55584,non-attack
1104,55585,non-attack
1105,55586,non-attack
1106,55587,Impact
1107,55588,non-attack
1108,55589,non-attack
1109,55590,Impact
1110,55591,Impact
1111,55592,non-attack
1112,55593,non-attack
1113,55594,non-attack
1114,55595,non-attack
1115,55596,non-attack
1116,55597,non-attack
1117,55598,non-attack
1118,55599,non-attack
1119,55600,non-attack
1120,55601,Impact
1121,55602,non-attack
1122,55603,non-attack
1123,55604,non-attack
1124,55605,non-attack
1125,55606,non-attack
1126,55607,non-attack
1127,55608,non-attack
1128,55609,non-attack
1129,55610,non-attack
1130,55611,non-attack
1131,55612,non-attack
1132,55613,non-attack
1133,55614,non-attack
1134,55615,non-attack
1135,55616,non-attack
1136,55617,non-attack
1137,55618,non-attack
1138,55619,non-attack
1139,55620,non-attack
1140,55621,non-attack
1141,55622,non-attack
1142,55623,non-attack
1143,55624,Impact
1144,55625,Impact
1145,55626,non-attack
1146,55627,non-attack
1147,55628,non-attack
1148,55629,non-attack
1149,55630,Impact
1150,55631,non-attack
1151,55632,non-attack
1152,55633,non-attack
1153,55634,non-attack
1154,55635,non-attack
1155,55636,non-attack
1156,55637,non-attack
1157,55638,non-attack
1158,55639,non-attack
1159,55640,non-attack
1160,55641,non-attack
1161,55642,non-attack
1162,55643,non-attack
1163,55644,non-attack
1164,55645,non-attack
1165,55646,non-attack
1166,55647,non-attack
1167,55648,non-attack
1168,55649,Impact
1169,55650,non-attack
1170,55651,non-attack
1171,55652,non-attack
1172,55653,non-attack
1173,55654,Impact
1174,55655,non-attack
1175,55656,Impact
1176,55657,non-attack
1177,55658,non-attack
1178,55659,non-attack
1179,55660,non-attack
1180,55661,non-attack
1181,55662,non-attack
1182,55663,non-attack
1183,55664,non-attack
1184,55665,non-attack
1185,55666,non-attack
1186,55667,non-attack
1187,55668,non-attack
1188,55669,non-attack
1189,55670,non-attack
1190,55671,non-attack
1191,55672,non-attack
1192,55673,non-attack
1193,55674,non-attack
1194,55675,non-attack
1195,55676,non-attack
1196,55677,non-attack
1197,55678,non-attack
1198,55679,non-attack
1199,55680,non-attack
1200,55681,non-attack
1201,55682,non-attack
1202,55683,non-attack
1203,55684,non-attack
1204,55685,Impact
1205,55686,non-attack
1206,55687,non-attack
1207,55688,Impact
1208,55689,Impact
1209,55690,Impact
1210,55691,non-attack
1211,55692,Impact
1212,55693,non-attack
1213,55694,non-attack
1214,55695,non-attack
1215,55696,non-attack
1216,55697,non-attack
1217,55698,non-attack
1218,55699,non-attack
1219,55700,non-attack
1220,55701,non-attack
1221,55702,non-attack
1222,55703,non-attack
1223,55704,non-attack
1224,55705,non-attack
1225,55706,non-attack
1226,55707,non-attack
1227,55708,non-attack
1228,55709,non-attack
1229,55710,non-attack
1230,55711,non-attack
1231,55712,non-attack
1232,55713,non-attack
1233,55714,non-attack
1234,55715,non-attack
1235,55716,non-attack
1236,55717,non-attack
1237,55718,non-attack
1238,55719,non-attack
1239,55720,non-attack
1240,55721,non-attack
1241,55722,non-attack
1242,55723,non-attack
1243,55724,non-attack
1244,55725,non-attack
1245,55726,non-attack
1246,55727,non-attack
1247,55728,non-attack
1248,55729,non-attack
1249,55730,Impact
1250,55731,non-attack
1251,55732,non-attack
1252,55733,non-attack
1253,55734,non-attack
1254,55735,non-attack
1255,55736,non-attack
1256,55737,non-attack
1257,55738,non-attack
1258,55739,non-attack
1259,55740,non-attack
1260,55741,non-attack
1261,55742,non-attack
1262,55743,non-attack
1263,55744,non-attack
1264,55745,non-attack
1265,55746,non-attack
1266,55747,non-attack
1267,55748,non-attack
1268,55749,non-attack
1269,55750,non-attack
1270,55751,non-attack
1271,55752,non-attack
1272,55753,Impact
1273,55754,non-attack
1274,55755,non-attack
1275,55756,non-attack
1276,55757,non-attack
1277,55758,non-attack
1278,55759,Impact
1279,55760,non-attack
1280,55761,non-attack
1281,55762,non-attack
1282,55763,non-attack
1283,55764,non-attack
1284,55765,non-attack
1285,55766,non-attack
1286,55767,non-attack
1287,55768,non-attack
1288,55769,non-attack
1289,55770,non-attack
1290,55771,non-attack
1291,55772,non-attack
1292,55773,non-attack
1293,55774,non-attack
1294,55775,non-attack
1295,55776,non-attack
1296,55777,non-attack
1297,55778,Impact
1298,55779,non-attack
1299,55780,non-attack
1300,55781,Impact
1301,55782,non-attack
1302,55783,non-attack
1303,55784,non-attack
1304,55785,non-attack
1305,55786,non-attack
1306,55787,non-attack
1307,55788,non-attack
1308,55789,non-attack
1309,55790,non-attack
1310,55791,non-attack
1311,55792,non-attack
1312,55793,non-attack
1313,55794,non-attack
1314,55795,non-attack
1315,55796,non-attack
1316,55797,non-attack
1317,55798,non-attack
1318,55799,non-attack
1319,55800,non-attack
1320,55801,non-attack
1321,55802,non-attack
1322,55803,Impact
1323,55804,non-attack
1324,55805,non-attack
1325,55806,Impact
1326,55807,non-attack
1327,55808,non-attack
1328,55809,non-attack
1329,55810,non-attack
1330,55811,non-attack
1331,55812,non-attack
1332,55813,non-attack
1333,55814,non-attack
1334,55815,non-attack
1335,55816,non-attack
1336,55817,non-attack
1337,55818,non-attack
1338,55819,non-attack
1339,55820,non-attack
1340,55821,non-attack
1341,55822,non-attack
1342,55823,non-attack
1343,55824,non-attack
1344,55825,non-attack
1345,55826,non-attack
1346,55827,non-attack
1347,55828,non-attack
1348,55829,non-attack
1349,55830,non-attack
1350,55831,non-attack
1351,55832,Impact
1352,55833,non-attack
1353,55834,non-attack
1354,55835,non-attack
1355,55836,non-attack
1356,55837,non-attack
1357,55838,Impact
1358,55839,non-attack
1359,55840,non-attack
1360,55841,non-attack
1361,55842,non-attack
1362,55843,non-attack
1363,55844,non-attack
1364,55845,non-attack
1365,55846,non-attack
1366,55847,Impact
1367,55848,non-attack
1368,55849,non-attack
1369,55850,non-attack
1370,55851,non-attack
1371,55852,non-attack
1372,55853,non-attack
1373,55854,non-attack
1374,55855,non-attack
1375,55856,non-attack
1376,55857,non-attack
1377,55858,Impact
1378,55859,non-attack
1379,55860,non-attack
1380,55861,non-attack
1381,55862,non-attack
1382,55863,non-attack
1383,55864,non-attack
1384,55865,non-attack
1385,55866,non-attack
1386,55867,non-attack
1387,55868,non-attack
1388,55869,non-attack
1389,55870,non-attack
1390,55871,non-attack
1391,55872,non-attack
1392,55873,non-attack
1393,55874,non-attack
1394,55875,non-attack
1395,55876,non-attack
1396,55877,non-attack
1397,55878,non-attack
1398,55879,non-attack
1399,55880,non-attack
1400,55881,non-attack
1401,55882,Impact
1402,55883,Impact
1403,55884,non-attack
1404,55885,non-attack
1405,55886,Impact
1406,55887,non-attack
1407,55888,non-attack
1408,55889,non-attack
1409,55890,non-attack
1410,55891,non-attack
1411,55892,non-attack
1412,55893,non-attack
1413,55894,non-attack
1414,55895,non-attack
1415,55896,non-attack
1416,55897,non-attack
1417,55898,non-attack
1418,55899,non-attack
1419,55900,non-attack
1420,55901,non-attack
1421,55902,non-attack
1422,55903,non-attack
1423,55904,non-attack
1424,55905,non-attack
1425,55906,non-attack
1426,55907,non-attack
1427,55908,non-attack
1428,55909,non-attack
1429,55910,non-attack
1430,55911,non-attack
1431,55912,non-attack
1432,55913,non-attack
1433,55914,non-attack
1434,55915,non-attack
1435,55916,non-attack
1436,55917,non-attack
1437,55918,non-attack
1438,55919,non-attack
1439,55920,non-attack
1440,55921,non-attack
1441,55922,non-attack
1442,55923,non-attack
1443,55924,non-attack
1444,55925,non-attack
1445,55926,non-attack
1446,55927,non-attack
1447,55928,non-attack
1448,55929,non-attack
1449,55930,non-attack
1450,55931,non-attack
1451,55932,non-attack
1452,55933,Impact
1453,55934,non-attack
1454,55935,non-attack
1455,55936,non-attack
1456,55937,non-attack
1457,55938,non-attack
1458,55939,non-attack
1459,55940,non-attack
1460,55941,non-attack
1461,55942,non-attack
1462,55943,non-attack
1463,55944,non-attack
1464,55945,non-attack
1465,55946,non-attack
1466,55947,non-attack
1467,55948,non-attack
1468,55949,non-attack
1469,55950,non-attack
1470,55951,non-attack
1471,55952,non-attack
1472,55953,non-attack
1473,55954,non-attack
1474,55955,non-attack
1475,55956,non-attack
1476,55957,non-attack
1477,55958,non-attack
1478,55959,non-attack
1479,55960,non-attack
1480,55961,non-attack
1481,55962,non-attack
1482,55963,non-attack
1483,55964,non-attack
1484,55965,non-attack
1485,55966,non-attack
1486,55967,non-attack
1487,55968,non-attack
1488,55969,non-attack
1489,55970,non-attack
1490,55971,non-attack
1491,55972,non-attack
1492,55973,non-attack
1493,55974,non-attack
1494,55975,non-attack
1495,55976,non-attack
1496,55977,non-attack
1497,55978,non-attack
1498,55979,non-attack
1499,55980,non-attack
1500,55981,Impact
1501,55982,non-attack
1502,55983,non-attack
1503,55984,non-attack
1504,55985,non-attack
1505,55986,non-attack
1506,55987,non-attack
1507,55988,non-attack
1508,55989,Impact
1509,55990,non-attack
1510,55991,non-attack
1511,55992,non-attack
1512,55993,non-attack
1513,55994,non-attack
1514,55995,non-attack
1515,55996,non-attack
1516,55997,non-attack
1517,55998,non-attack
1518,55999,non-attack
1519,56000,non-attack
1520,56001,Impact
1521,56002,non-attack
1522,56003,non-attack
1523,56004,non-attack
1524,56005,non-attack
1525,56006,non-attack
1526,56007,non-attack
1527,56008,non-attack
1528,56009,non-attack
1529,56010,non-attack
1530,56011,non-attack
1531,56012,non-attack
1532,56013,non-attack
1533,56014,non-attack
1534,56015,non-attack
1535,56016,non-attack
1536,56017,non-attack
1537,56018,non-attack
1538,56019,non-attack
1539,56020,non-attack
1540,56021,Reconnaissance
1541,56022,non-attack
1542,56023,non-attack
1543,56024,non-attack
1544,56025,non-attack
1545,56026,Impact
1546,56027,non-attack
1547,56028,non-attack
1548,56029,non-attack
1549,56030,non-attack
1550,56031,non-attack
1551,56032,non-attack
1552,56033,non-attack
1553,56034,non-attack
1554,56035,non-attack
1555,56036,non-attack
1556,56037,non-attack
1557,56038,non-attack
1558,56039,non-attack
1559,56040,non-attack
1560,56041,non-attack
1561,56042,non-attack
1562,56043,non-attack
1563,56044,non-attack
1564,56045,non-attack
1565,56046,non-attack
1566,56047,non-attack
1567,56048,non-attack
1568,56049,non-attack
1569,56050,non-attack
1570,56051,non-attack
1571,56052,non-attack
1572,56053,non-attack
1573,56054,non-attack
1574,56055,non-attack
1575,56056,non-attack
1576,56057,non-attack
1577,56058,non-attack
1578,56059,non-attack
1579,56060,non-attack
1580,56061,non-attack
1581,56062,non-attack
1582,56063,non-attack
1583,56064,non-attack
1584,56065,non-attack
1585,56066,non-attack
1586,56067,non-attack
1587,56068,non-attack
1588,56069,non-attack
1589,56070,non-attack
1590,56071,non-attack
1591,56072,non-attack
1592,56073,non-attack
1593,56074,non-attack
1594,56075,non-attack
1595,56076,non-attack
1596,56077,non-attack
1597,56078,non-attack
1598,56079,non-attack
1599,56080,non-attack
1600,56081,non-attack
1601,56082,non-attack
1602,56083,non-attack
1603,56084,non-attack
1604,56085,non-attack
1605,56086,non-attack
1606,56087,non-attack
1607,56088,non-attack
1608,56089,non-attack
1609,56090,non-attack
1610,56091,non-attack
1611,56092,non-attack
1612,56093,non-attack
1613,56094,non-attack
1614,56095,Impact
1615,56096,non-attack
1616,56097,non-attack
1617,56098,non-attack
1618,56099,non-attack
1619,56100,non-attack
1620,56101,non-attack
1621,56102,Impact
1622,56103,non-attack
1623,56104,non-attack
1624,56105,non-attack
1625,56106,non-attack
1626,56107,non-attack
1627,56108,non-attack
1628,56109,non-attack
1629,56110,non-attack
1630,56111,non-attack
1631,56112,non-attack
1632,56113,non-attack
1633,56114,non-attack
1634,56115,non-attack
1635,56116,non-attack
1636,56117,non-attack
1637,56118,non-attack
1638,56119,non-attack
1639,56120,non-attack
1640,56121,non-attack
1641,56122,non-attack
1642,56123,Impact
1643,56124,non-attack
1644,56125,non-attack
1645,56126,non-attack
1646,56127,non-attack
1647,56128,non-attack
1648,56129,non-attack
1649,56130,non-attack
1650,56131,non-attack
1651,56132,non-attack
1652,56133,non-attack
1653,56134,non-attack
1654,56135,non-attack
1655,56136,non-attack
1656,56137,non-attack
1657,56138,non-attack
1658,56139,non-attack
1659,56140,non-attack
1660,56141,non-attack
1661,56142,non-attack
1662,56143,non-attack
1663,56144,non-attack
1664,56145,non-attack
1665,56146,non-attack
1666,56147,non-attack
1667,56148,non-attack
1668,56149,non-attack
1669,56150,non-attack
1670,56151,non-attack
1671,56152,non-attack
1672,56153,non-attack
1673,56154,non-attack
1674,56155,non-attack
1675,56156,non-attack
1676,56157,non-attack
1677,56158,non-attack
1678,56159,non-attack
1679,56160,non-attack
1680,56161,non-attack
1681,56162,non-attack
1682,56163,non-attack
1683,56164,non-attack
1684,56165,non-attack
1685,56166,non-attack
1686,56167,non-attack
1687,56168,non-attack
1688,56169,non-attack
1689,56170,non-attack
1690,56171,non-attack
1691,56172,non-attack
1692,56173,non-attack
1693,56174,Impact
1694,56175,non-attack
1695,56176,non-attack
1696,56177,non-attack
1697,56178,non-attack
1698,56179,non-attack
1699,56180,non-attack
1700,56181,non-attack
1701,56182,non-attack
1702,56183,non-attack
1703,56184,non-attack
1704,56185,non-attack
1705,56186,non-attack
1706,56187,non-attack
1707,56188,non-attack
1708,56189,Impact
1709,56190,Impact
1710,56191,non-attack
1711,56192,non-attack
1712,56193,Impact
1713,56194,non-attack
1714,56195,non-attack
1715,56196,non-attack
1716,56197,non-attack
1717,56198,non-attack
1718,56199,non-attack
1719,56200,non-attack
1720,56201,non-attack
1721,56202,non-attack
1722,56203,non-attack
1723,56204,non-attack
1724,56205,non-attack
1725,56206,non-attack
1726,56207,non-attack
1727,56208,non-attack
1728,56209,non-attack
1729,56210,non-attack
1730,56211,non-attack
1731,56212,non-attack
1732,56213,non-attack
1733,56214,non-attack
1734,56215,non-attack
1735,56216,non-attack
1736,56217,non-attack
1737,56218,non-attack
1738,56219,Impact
1739,56220,non-attack
1740,56221,non-attack
1741,56222,non-attack
1742,56223,non-attack
1743,56224,non-attack
1744,56225,non-attack
1745,56226,non-attack
1746,56227,non-attack
1747,56228,Impact
1748,56229,non-attack
1749,56230,non-attack
1750,56231,non-attack
1751,56232,non-attack
1752,56233,non-attack
1753,56234,non-attack
1754,56235,non-attack
1755,56236,non-attack
1756,56237,non-attack
1757,56238,non-attack
1758,56239,non-attack
1759,56240,non-attack
1760,56241,non-attack
1761,56242,non-attack
1762,56243,Impact
1763,56244,non-attack
1764,56245,non-attack
1765,56246,non-attack
1766,56247,non-attack
1767,56248,non-attack
1768,56249,non-attack
1769,56250,non-attack
1770,56251,non-attack
1771,56252,non-attack
1772,56253,non-attack
1773,56254,non-attack
1774,56255,non-attack
1775,56256,non-attack
1776,56257,non-attack
1777,56258,non-attack
1778,56259,non-attack
1779,56260,non-attack
1780,56261,non-attack
1781,56262,non-attack
1782,56263,non-attack
1783,56264,non-attack
1784,56265,non-attack
1785,56266,non-attack
1786,56267,non-attack
1787,56268,non-attack
1788,56269,Impact
1789,56270,non-attack
1790,56271,Impact
1791,56272,non-attack
1792,56273,non-attack
1793,56274,non-attack
1794,56275,non-attack
1795,56276,non-attack
1796,56277,non-attack
1797,56278,non-attack
1798,56279,non-attack
1799,56280,non-attack
1800,56281,non-attack
1801,56282,non-attack
1802,56283,non-attack
1803,56284,Impact
1804,56285,non-attack
1805,56286,non-attack
1806,56287,non-attack
1807,56288,non-attack
1808,56289,non-attack
1809,56290,non-attack
1810,56291,non-attack
1811,56292,non-attack
1812,56293,non-attack
1813,56294,non-attack
1814,56295,non-attack
1815,56296,non-attack
1816,56297,non-attack
1817,56298,non-attack
1818,56299,non-attack
1819,56300,non-attack
1820,56301,non-attack
1821,56302,non-attack
1822,56303,non-attack
1823,56304,non-attack
1824,56305,non-attack
1825,56306,non-attack
1826,56307,Impact
1827,56308,non-attack
1828,56309,non-attack
1829,56310,non-attack
1830,56311,non-attack
1831,56312,non-attack
1832,56313,non-attack
1833,56314,non-attack
1834,56315,non-attack
1835,56316,Impact
1836,56317,non-attack
1837,56318,non-attack
1838,56319,non-attack
1839,56320,non-attack
1840,56321,non-attack
1841,56322,non-attack
1842,56323,non-attack
1843,56324,non-attack
1844,56325,non-attack
1845,56326,non-attack
1846,56327,non-attack
1847,56328,non-attack
1848,56329,non-attack
1849,56330,non-attack
1850,56331,non-attack
1851,56332,non-attack
1852,56333,non-attack
1853,56334,non-attack
1854,56335,non-attack
1855,56336,non-attack
1856,56337,non-attack
1857,56338,non-attack
1858,56339,non-attack
1859,56340,non-attack
1860,56341,non-attack
1861,56342,non-attack
1862,56343,non-attack
1863,56344,non-attack
1864,56345,non-attack
1865,56346,non-attack
1866,56347,non-attack
1867,56348,Reconnaissance
1868,56349,non-attack
1869,56350,non-attack
1870,56351,non-attack
1871,56352,non-attack
1872,56353,non-attack
1873,56354,non-attack
1874,56355,non-attack
1875,56356,non-attack
1876,56357,non-attack
1877,56358,non-attack
1878,56359,non-attack
1879,56360,non-attack
1880,56361,non-attack
1881,56362,non-attack
1882,56363,non-attack
1883,56364,non-attack
1884,56365,non-attack
1885,56366,non-attack
1886,56367,non-attack
1887,56368,non-attack
1888,56369,non-attack
1889,56370,non-attack
1890,56371,non-attack
1891,56372,non-attack
1892,56373,non-attack
1893,56374,non-attack
1894,56375,non-attack
1895,56376,non-attack
1896,56377,non-attack
1897,56378,non-attack
1898,56379,non-attack
1899,56380,non-attack
1900,56381,non-attack
1901,56382,non-attack
1902,56383,non-attack
1903,56384,non-attack
1904,56385,non-attack
1905,56386,non-attack
1906,56387,non-attack
1907,56388,non-attack
1908,56389,non-attack
1909,56390,non-attack
1910,56391,non-attack
1911,56392,non-attack
1912,56393,non-attack
1913,56394,non-attack
1914,56395,non-attack
1915,56396,non-attack
1916,56397,non-attack
1917,56398,non-attack
1918,56399,non-attack
1919,56400,Impact
1920,56401,non-attack
1921,56402,non-attack
1922,56403,non-attack
1923,56404,non-attack
1924,56405,non-attack
1925,56406,non-attack
1926,56407,non-attack
1927,56408,non-attack
1928,56409,non-attack
1929,56410,non-attack
1930,56411,non-attack
1931,56412,non-attack
1932,56413,non-attack
1933,56414,non-attack
1934,56415,non-attack
1935,56416,non-attack
1936,56417,non-attack
1937,56418,non-attack
1938,56419,non-attack
1939,56420,non-attack
1940,56421,non-attack
1941,56422,non-attack
1942,56423,Impact
1943,56424,non-attack
1944,56425,non-attack
1945,56426,non-attack
1946,56427,non-attack
1947,56428,non-attack
1948,56429,non-attack
1949,56430,Impact
1950,56431,non-attack
1951,56432,non-attack
1952,56433,non-attack
1953,56434,non-attack
1954,56435,non-attack
1955,56436,non-attack
1956,56437,non-attack
1957,56438,non-attack
1958,56439,non-attack
1959,56440,non-attack
1960,56441,non-attack
1961,56442,non-attack
1962,56443,non-attack
1963,56444,non-attack
1964,56445,non-attack
1965,56446,non-attack
1966,56447,non-attack
1967,56448,non-attack
1968,56449,non-attack
1969,56450,non-attack
1970,56451,non-attack
1971,56452,non-attack
1972,56453,non-attack
1973,56454,non-attack
1974,56455,non-attack
1975,56456,non-attack
1976,56457,non-attack
1977,56458,non-attack
1978,56459,non-attack
1979,56460,non-attack
1980,56461,non-attack
1981,56462,non-attack
1982,56463,non-attack
1983,56464,non-attack
1984,56465,non-attack
1985,56466,non-attack
1986,56467,non-attack
1987,56468,non-attack
1988,56469,non-attack
1989,56470,non-attack
1990,56471,non-attack
1991,56472,non-attack
1992,56473,non-attack
1993,56474,non-attack
1994,56475,non-attack
1995,56476,non-attack
1996,56477,non-attack
1997,56478,non-attack
1998,56479,non-attack
1999,56480,non-attack
2000,56481,non-attack
2001,56482,non-attack
2002,56483,non-attack
2003,56484,non-attack
2004,56485,non-attack
2005,56486,non-attack
2006,56487,non-attack
2007,56488,non-attack
2008,56489,non-attack
2009,56490,non-attack
2010,56491,non-attack
2011,56492,non-attack
2012,56493,non-attack
2013,56494,non-attack
2014,56495,non-attack
2015,56496,non-attack
2016,56497,non-attack
2017,56498,non-attack
2018,56499,non-attack
2019,56500,non-attack
2020,56501,non-attack
2021,56502,non-attack
2022,56503,non-attack
2023,56504,Impact
2024,56505,non-attack
2025,56506,non-attack
2026,56507,non-attack
2027,56508,non-attack
2028,56509,non-attack
2029,56510,non-attack
2030,56511,non-attack
2031,56512,non-attack
2032,56513,non-attack
2033,56514,non-attack
2034,56515,non-attack
2035,56516,non-attack
2036,56517,non-attack
2037,56518,non-attack
2038,56519,non-attack
2039,56520,non-attack
2040,56521,non-attack
2041,56522,non-attack
2042,56523,Impact
2043,56524,non-attack
2044,56525,non-attack
2045,56526,non-attack
2046,56527,Impact
2047,56528,non-attack
2048,56529,non-attack
2049,56530,non-attack
2050,56531,non-attack
2051,56532,non-attack
2052,56533,non-attack
2053,56534,non-attack
2054,56535,non-attack
2055,56536,non-attack
2056,56537,non-attack
2057,56538,non-attack
2058,56539,non-attack
2059,56540,non-attack
2060,56541,non-attack
2061,56542,non-attack
2062,56543,non-attack
2063,56544,non-attack
2064,56545,non-attack
2065,56546,non-attack
2066,56547,non-attack
2067,56548,non-attack
2068,56549,Impact
2069,56550,non-attack
2070,56551,non-attack
2071,56552,non-attack
2072,56553,Impact
2073,56554,non-attack
2074,56555,non-attack
2075,56556,non-attack
2076,56557,non-attack
2077,56558,non-attack
2078,56559,non-attack
2079,56560,non-attack
2080,56561,non-attack
2081,56562,non-attack
2082,56563,non-attack
2083,56564,non-attack
2084,56565,non-attack
2085,56566,non-attack
2086,56567,non-attack
2087,56568,non-attack
2088,56569,non-attack
2089,56570,non-attack
2090,56571,non-attack
2091,56572,non-attack
2092,56573,non-attack
2093,56574,non-attack
2094,56575,non-attack
2095,56576,non-attack
2096,56577,non-attack
2097,56578,non-attack
2098,56579,non-attack
2099,56580,non-attack
2100,56581,non-attack
2101,56582,non-attack
2102,56583,non-attack
2103,56584,non-attack
2104,56585,non-attack
2105,56586,non-attack
2106,56587,non-attack
2107,56588,non-attack
2108,56589,non-attack
2109,56590,non-attack
2110,56591,non-attack
2111,56592,Impact
2112,56593,non-attack
2113,56594,non-attack
2114,56595,non-attack
2115,56596,non-attack
2116,56597,non-attack
2117,56598,non-attack
2118,56599,non-attack
2119,56600,non-attack
2120,56601,non-attack
2121,56602,non-attack
2122,56603,non-attack
2123,56604,non-attack
2124,56605,non-attack
2125,56606,non-attack
2126,56607,non-attack
2127,56608,non-attack
2128,56609,non-attack
2129,56610,non-attack
2130,56611,non-attack
2131,56612,non-attack
2132,56613,non-attack
2133,56614,non-attack
2134,56615,non-attack
2135,56616,non-attack
2136,56617,non-attack
2137,56618,non-attack
2138,56619,non-attack
2139,56620,non-attack
2140,56621,non-attack
2141,56622,non-attack
2142,56623,Impact
2143,56624,non-attack
2144,56625,non-attack
2145,56626,non-attack
2146,56627,non-attack
2147,56628,non-attack
2148,56629,non-attack
2149,56630,non-attack
2150,56631,non-attack
2151,56632,non-attack
2152,56633,non-attack
2153,56634,non-attack
2154,56635,non-attack
2155,56636,non-attack
2156,56637,non-attack
2157,56638,non-attack
2158,56639,non-attack
2159,56640,non-attack
2160,56641,non-attack
2161,56642,non-attack
2162,56643,non-attack
2163,56644,non-attack
2164,56645,non-attack
2165,56646,non-attack
2166,56647,non-attack
2167,56648,non-attack
2168,56649,non-attack
2169,56650,non-attack
2170,56651,Impact
2171,56652,non-attack
2172,56653,non-attack
2173,56654,non-attack
2174,56655,non-attack
2175,56656,non-attack
2176,56657,non-attack
2177,56658,non-attack
2178,56659,non-attack
2179,56660,non-attack
2180,56661,non-attack
2181,56662,non-attack
2182,56663,non-attack
2183,56664,non-attack
2184,56665,non-attack
2185,56666,non-attack
2186,56667,non-attack
2187,56668,non-attack
2188,56669,non-attack
2189,56670,non-attack
2190,56671,non-attack
2191,56672,non-attack
2192,56673,non-attack
2193,56674,non-attack
2194,56675,non-attack
2195,56676,non-attack
2196,56677,non-attack
2197,56678,non-attack
2198,56679,non-attack
2199,56680,non-attack
2200,56681,non-attack
2201,56682,non-attack
2202,56683,non-attack
2203,56684,non-attack
2204,56685,non-attack
2205,56686,non-attack
2206,56687,non-attack
2207,56688,non-attack
2208,56689,non-attack
2209,56690,non-attack
2210,56691,non-attack
2211,56692,non-attack
2212,56693,non-attack
2213,56694,non-attack
2214,56695,non-attack
2215,56696,non-attack
2216,56697,non-attack
2217,56698,non-attack
2218,56699,non-attack
2219,56700,non-attack
2220,56701,non-attack
2221,56702,non-attack
2222,56703,non-attack
2223,56704,non-attack
2224,56705,non-attack
2225,56706,non-attack
2226,56707,Impact
2227,56708,non-attack
2228,56709,non-attack
2229,56710,non-attack
2230,56711,non-attack
2231,56712,non-attack
2232,56713,non-attack
2233,56714,non-attack
2234,56715,non-attack
2235,56716,non-attack
2236,56717,non-attack
2237,56718,non-attack
2238,56719,non-attack
2239,56720,non-attack
2240,56721,non-attack
2241,56722,non-attack
2242,56723,non-attack
2243,56724,non-attack
2244,56725,non-attack
2245,56726,non-attack
2246,56727,non-attack
2247,56728,non-attack
2248,56729,non-attack
2249,56730,non-attack
2250,56731,non-attack
2251,56732,non-attack
2252,56733,non-attack
2253,56734,non-attack
2254,56735,non-attack
2255,56736,non-attack
2256,56737,non-attack
2257,56738,non-attack
2258,56739,non-attack
2259,56740,non-attack
2260,56741,non-attack
2261,56742,non-attack
2262,56743,non-attack
2263,56744,non-attack
2264,56745,non-attack
2265,56746,non-attack
2266,56747,non-attack
2267,56748,non-attack
2268,56749,non-attack
2269,56750,non-attack
2270,56751,non-attack
2271,56752,non-attack
2272,56753,non-attack
2273,56754,non-attack
2274,56755,non-attack
2275,56756,non-attack
2276,56757,non-attack
2277,56758,non-attack
2278,56759,non-attack
2279,56760,non-attack
2280,56761,non-attack
2281,56762,non-attack
2282,56763,non-attack
2283,56764,non-attack
2284,56765,non-attack
2285,56766,non-attack
2286,56767,non-attack
2287,56768,non-attack
2288,56769,non-attack
2289,56770,non-attack
2290,56771,non-attack
2291,56772,non-attack
2292,56773,non-attack
2293,56774,non-attack
2294,56775,non-attack
2295,56776,non-attack
2296,56777,non-attack
2297,56778,non-attack
2298,56779,non-attack
2299,56780,non-attack
2300,56781,non-attack
2301,56782,non-attack
2302,56783,non-attack
2303,56784,non-attack
2304,56785,Impact
2305,56786,non-attack
2306,56787,non-attack
2307,56788,non-attack
2308,56789,non-attack
2309,56790,non-attack
2310,56791,non-attack
2311,56792,non-attack
2312,56793,non-attack
2313,56794,non-attack
2314,56795,non-attack
2315,56796,non-attack
2316,56797,non-attack
2317,56798,non-attack
2318,56799,non-attack
2319,56800,non-attack
2320,56801,non-attack
2321,56802,non-attack
2322,56803,non-attack
2323,56804,non-attack
2324,56805,non-attack
2325,56806,non-attack
2326,56807,non-attack
2327,56808,non-attack
2328,56809,non-attack
2329,56810,non-attack
2330,56811,non-attack
2331,56812,non-attack
2332,56813,non-attack
2333,56814,non-attack
2334,56815,non-attack
2335,56816,non-attack
2336,56817,non-attack
2337,56818,non-attack
2338,56819,Impact
2339,56820,non-attack
2340,56821,non-attack
2341,56822,non-attack
2342,56823,non-attack
2343,56824,non-attack
2344,56825,non-attack
2345,56826,non-attack
2346,56827,non-attack
2347,56828,non-attack
2348,56829,non-attack
2349,56830,non-attack
2350,56831,non-attack
2351,56832,non-attack
2352,56833,non-attack
2353,56834,non-attack
2354,56835,non-attack
2355,56836,non-attack
2356,56837,non-attack
2357,56838,non-attack
2358,56839,non-attack
2359,56840,Impact
2360,56841,non-attack
2361,56842,non-attack
2362,56843,non-attack
2363,56844,non-attack
2364,56845,non-attack
2365,56846,non-attack
2366,56847,non-attack
2367,56848,non-attack
2368,56849,non-attack
2369,56850,non-attack
2370,56851,non-attack
2371,56852,non-attack
2372,56853,non-attack
2373,56854,non-attack
2374,56855,non-attack
2375,56856,non-attack
2376,56857,non-attack
2377,56858,non-attack
2378,56859,non-attack
2379,56860,non-attack
2380,56861,non-attack
2381,56862,Impact
2382,56863,non-attack
2383,56864,non-attack
2384,56865,Impact
2385,56866,non-attack
2386,56867,non-attack
2387,56868,non-attack
2388,56869,non-attack
2389,56870,non-attack
2390,56871,non-attack
2391,56872,non-attack
2392,56873,non-attack
2393,56874,non-attack
2394,56875,non-attack
2395,56876,non-attack
2396,56877,non-attack
2397,56878,non-attack
2398,56879,non-attack
2399,56880,Impact
2400,56881,non-attack
2401,56882,non-attack
2402,56883,Impact
2403,56884,non-attack
2404,56885,non-attack
2405,56886,non-attack
2406,56887,non-attack
2407,56888,non-attack
2408,56889,non-attack
2409,56890,non-attack
2410,56891,non-attack
2411,56892,non-attack
2412,56893,non-attack
2413,56894,non-attack
2414,56895,non-attack
2415,56896,non-attack
2416,56897,non-attack
2417,56898,Impact
2418,56899,non-attack
2419,56900,non-attack
2420,56901,Impact
2421,56902,non-attack
2422,56903,non-attack
2423,56904,non-attack
2424,56905,non-attack
2425,56906,non-attack
2426,56907,non-attack
2427,56908,non-attack
2428,56909,non-attack
2429,56910,non-attack
2430,56911,non-attack
2431,56912,non-attack
2432,56913,non-attack
2433,56914,non-attack
2434,56915,non-attack
2435,56916,non-attack
2436,56917,non-attack
2437,56918,non-attack
2438,56919,non-attack
2439,56920,non-attack
2440,56921,non-attack
2441,56922,non-attack
2442,56923,non-attack
2443,56924,non-attack
2444,56925,non-attack
2445,56926,non-attack
2446,56927,non-attack
2447,56928,Reconnaissance
2448,56929,non-attack
2449,56930,non-attack
2450,56931,non-attack
2451,56932,non-attack
2452,56933,non-attack
2453,56934,non-attack
2454,56935,non-attack
2455,56936,non-attack
2456,56937,non-attack
2457,56938,non-attack
2458,56939,non-attack
2459,56940,non-attack
2460,56941,non-attack
2461,56942,non-attack
2462,56943,non-attack
2463,56944,non-attack
2464,56945,non-attack
2465,56946,non-attack
2466,56947,non-attack
2467,56948,non-attack
2468,56949,non-attack
2469,56950,non-attack
2470,56951,non-attack
2471,56952,non-attack
2472,56953,non-attack
2473,56954,non-attack
2474,56955,non-attack
2475,56956,non-attack
2476,56957,non-attack
2477,56958,non-attack
2478,56959,non-attack
2479,56960,non-attack
2480,56961,non-attack
2481,56962,non-attack
2482,56963,non-attack
2483,56964,non-attack
2484,56965,non-attack
2485,56966,non-attack
2486,56967,non-attack
2487,56968,non-attack
2488,56969,non-attack
2489,56970,non-attack
2490,56971,non-attack
2491,56972,non-attack
2492,56973,non-attack
2493,56974,non-attack
2494,56975,non-attack
2495,56976,non-attack
2496,56977,non-attack
2497,56978,non-attack
2498,56979,non-attack
2499,56980,non-attack
2500,56981,non-attack
2501,56982,non-attack
2502,56983,non-attack
2503,56984,non-attack
2504,56985,non-attack
2505,56986,non-attack
2506,56987,Impact
2507,56988,non-attack
2508,56989,non-attack
2509,56990,non-attack
2510,56991,non-attack
2511,56992,non-attack
2512,56993,non-attack
2513,56994,non-attack
2514,56995,non-attack
2515,56996,non-attack
2516,56997,non-attack
2517,56998,non-attack
2518,56999,non-attack
2519,57000,non-attack
2520,57001,non-attack
2521,57002,Impact
2522,57003,Impact
2523,57004,non-attack
2524,57005,non-attack
2525,57006,non-attack
2526,57007,non-attack
2527,57008,non-attack
2528,57009,non-attack
2529,57010,non-attack
2530,57011,non-attack
2531,57012,non-attack
2532,57013,non-attack
2533,57014,non-attack
2534,57015,non-attack
2535,57016,non-attack
2536,57017,non-attack
2537,57018,non-attack
2538,57019,non-attack
2539,57020,non-attack
2540,57021,non-attack
2541,57022,non-attack
2542,57023,non-attack
2543,57024,non-attack
2544,57025,non-attack
2545,57026,non-attack
2546,57027,non-attack
2547,57028,non-attack
2548,57029,non-attack
2549,57030,non-attack
2550,57031,non-attack
2551,57032,non-attack
2552,57033,non-attack
2553,57034,non-attack
2554,57035,non-attack
2555,57036,non-attack
2556,57037,non-attack
2557,57038,non-attack
2558,57039,non-attack
2559,57040,non-attack
2560,57041,Impact
2561,57042,non-attack
2562,57043,non-attack
2563,57044,Impact
2564,57045,non-attack
2565,57046,non-attack
2566,57047,non-attack
2567,57048,non-attack
2568,57049,non-attack
2569,57050,non-attack
2570,57051,non-attack
2571,57052,non-attack
2572,57053,non-attack
2573,57054,non-attack
2574,57055,non-attack
2575,57056,non-attack
2576,57057,non-attack
2577,57058,non-attack
2578,57059,non-attack
2579,57060,non-attack
2580,57061,non-attack
2581,57062,non-attack
2582,57063,non-attack
2583,57064,non-attack
2584,57065,non-attack
2585,57066,non-attack
2586,57067,non-attack
2587,57068,Impact
2588,57069,non-attack
2589,57070,non-attack
2590,57071,non-attack
2591,57072,non-attack
2592,57073,non-attack
2593,57074,non-attack
2594,57075,non-attack
2595,57076,non-attack
2596,57077,non-attack
2597,57078,non-attack
2598,57079,non-attack
2599,57080,non-attack
2600,57081,non-attack
2601,57082,non-attack
2602,57083,non-attack
2603,57084,non-attack
2604,57085,non-attack
2605,57086,non-attack
2606,57087,non-attack
2607,57088,non-attack
2608,57089,non-attack
2609,57090,non-attack
2610,57091,non-attack
2611,57092,non-attack
2612,57093,non-attack
2613,57094,non-attack
2614,57095,non-attack
2615,57096,non-attack
2616,57097,non-attack
2617,57098,non-attack
2618,57099,non-attack
2619,57100,non-attack
2620,57101,non-attack
2621,57102,non-attack
2622,57103,non-attack
2623,57104,non-attack
2624,57105,non-attack
2625,57106,non-attack
2626,57107,non-attack
2627,57108,non-attack
2628,57109,non-attack
2629,57110,non-attack
2630,57111,non-attack
2631,57112,non-attack
2632,57113,non-attack
2633,57114,non-attack
2634,57115,non-attack
2635,57116,non-attack
2636,57117,non-attack
2637,57118,Impact
2638,57119,non-attack
2639,57120,non-attack
2640,57121,non-attack
2641,57122,non-attack
2642,57123,non-attack
2643,57124,non-attack
2644,57125,non-attack
2645,57126,non-attack
2646,57127,non-attack
2647,57128,non-attack
2648,57129,non-attack
2649,57130,non-attack
2650,57131,non-attack
2651,57132,non-attack
2652,57133,non-attack
2653,57134,non-attack
2654,57135,non-attack
2655,57136,non-attack
2656,57137,non-attack
2657,57138,non-attack
2658,57139,non-attack
2659,57140,non-attack
2660,57141,non-attack
2661,57142,non-attack
2662,57143,non-attack
2663,57144,non-attack
2664,57145,non-attack
2665,57146,non-attack
2666,57147,non-attack
2667,57148,non-attack
2668,57149,non-attack
2669,57150,non-attack
2670,57151,non-attack
2671,57152,non-attack
2672,57153,non-attack
2673,57154,non-attack
2674,57155,non-attack
2675,57156,non-attack
2676,57157,non-attack
2677,57158,non-attack
2678,57159,non-attack
2679,57160,non-attack
2680,57161,non-attack
2681,57162,non-attack
2682,57163,non-attack
2683,57164,non-attack
2684,57165,non-attack
2685,57166,non-attack
2686,57167,non-attack
2687,57168,non-attack
2688,57169,Impact
2689,57170,non-attack
2690,57171,non-attack
2691,57172,non-attack
2692,57173,non-attack
2693,57174,non-attack
2694,57175,non-attack
2695,57176,non-attack
2696,57177,non-attack
2697,57178,non-attack
2698,57179,non-attack
2699,57180,non-attack
2700,57181,non-attack
2701,57182,non-attack
2702,57183,non-attack
2703,57184,non-attack
2704,57185,non-attack
2705,57186,non-attack
2706,57187,non-attack
2707,57188,non-attack
2708,57189,non-attack
2709,57190,non-attack
2710,57191,non-attack
2711,57192,non-attack
2712,57193,non-attack
2713,57194,non-attack
2714,57195,non-attack
2715,57196,non-attack
2716,57197,non-attack
2717,57198,non-attack
2718,57199,non-attack
2719,57200,non-attack
2720,57201,non-attack
2721,57202,non-attack
2722,57203,non-attack
2723,57204,non-attack
2724,57205,non-attack
2725,57206,non-attack
2726,57207,non-attack
2727,57208,non-attack
2728,57209,non-attack
2729,57210,non-attack
2730,57211,non-attack
2731,57212,non-attack
2732,57213,non-attack
2733,57214,non-attack
2734,57215,non-attack
2735,57216,non-attack
2736,57217,non-attack
2737,57218,non-attack
2738,57219,non-attack
2739,57220,non-attack
2740,57221,non-attack
2741,57222,non-attack
2742,57223,non-attack
2743,57224,Impact
2744,57225,non-attack
2745,57226,non-attack
2746,57227,non-attack
2747,57228,non-attack
2748,57229,non-attack
2749,57230,non-attack
2750,57231,non-attack
2751,57232,non-attack
2752,57233,non-attack
2753,57234,non-attack
2754,57235,non-attack
2755,57236,non-attack
2756,57237,non-attack
2757,57238,non-attack
2758,57239,non-attack
2759,57240,non-attack
2760,57241,non-attack
2761,57242,non-attack
2762,57243,non-attack
2763,57244,non-attack
2764,57245,non-attack
2765,57246,Impact
2766,57247,non-attack
2767,57248,non-attack
2768,57249,non-attack
2769,57250,non-attack
2770,57251,non-attack
2771,57252,non-attack
2772,57253,non-attack
2773,57254,Impact
2774,57255,non-attack
2775,57256,non-attack
2776,57257,Impact
2777,57258,non-attack
2778,57259,non-attack
2779,57260,non-attack
2780,57261,non-attack
2781,57262,non-attack
2782,57263,non-attack
2783,57264,non-attack
2784,57265,non-attack
2785,57266,non-attack
2786,57267,non-attack
2787,57268,non-attack
2788,57269,non-attack
2789,57270,non-attack
2790,57271,non-attack
2791,57272,non-attack
2792,57273,non-attack
2793,57274,non-attack
2794,57275,Impact
2795,57276,Impact
2796,57277,non-attack
2797,57278,non-attack
2798,57279,non-attack
2799,57280,non-attack
2800,57281,non-attack
2801,57282,non-attack
2802,57283,non-attack
2803,57284,non-attack
2804,57285,non-attack
2805,57286,non-attack
2806,57287,non-attack
2807,57288,non-attack
2808,57289,non-attack
2809,57290,Impact
2810,57291,Impact
2811,57292,Impact
2812,57293,non-attack
2813,57294,Impact
2814,57295,non-attack
2815,57296,Impact
2816,57297,non-attack
2817,57298,non-attack
2818,57299,non-attack
2819,57300,non-attack
2820,57301,non-attack
2821,57302,non-attack
2822,57303,non-attack
2823,57304,non-attack
2824,57305,non-attack
2825,57306,non-attack
2826,57307,non-attack
2827,57308,non-attack
2828,57309,non-attack
2829,57310,non-attack
2830,57311,non-attack
2831,57312,non-attack
2832,57313,non-attack
2833,57314,non-attack
2834,57315,non-attack
2835,57316,non-attack
2836,57317,non-attack
2837,57318,non-attack
2838,57319,non-attack
2839,57320,non-attack
2840,57321,non-attack
2841,57322,non-attack
2842,57323,non-attack
2843,57324,non-attack
2844,57325,non-attack
2845,57326,non-attack
2846,57327,non-attack
2847,57328,non-attack
2848,57329,non-attack
2849,57330,Impact
2850,57331,Impact
2851,57332,Impact
2852,57333,non-attack
2853,57334,non-attack
2854,57335,non-attack
2855,57336,non-attack
2856,57337,non-attack
2857,57338,non-attack
2858,57339,non-attack
2859,57340,non-attack
2860,57341,non-attack
2861,57342,non-attack
2862,57343,non-attack
2863,57344,non-attack
2864,57345,non-attack
2865,57346,non-attack
2866,57347,non-attack
2867,57348,non-attack
2868,57349,non-attack
2869,57350,non-attack
2870,57351,non-attack
2871,57352,non-attack
2872,57353,non-attack
2873,57354,non-attack
2874,57355,non-attack
2875,57356,non-attack
2876,57357,non-attack
2877,57358,non-attack
2878,57359,non-attack
2879,57360,non-attack
2880,57361,non-attack
2881,57362,non-attack
2882,57363,non-attack
2883,57364,non-attack
2884,57365,non-attack
2885,57366,non-attack
2886,57367,Impact
2887,57368,non-attack
2888,57369,non-attack
2889,57370,non-attack
2890,57371,non-attack
2891,57372,Impact
2892,57373,non-attack
2893,57374,non-attack
2894,57375,non-attack
2895,57376,non-attack
2896,57377,non-attack
2897,57378,non-attack
2898,57379,Impact
2899,57380,non-attack
2900,57381,non-attack
2901,57382,non-attack
2902,57383,non-attack
2903,57384,non-attack
2904,57385,non-attack
2905,57386,non-attack
2906,57387,non-attack
2907,57388,non-attack
2908,57389,non-attack
2909,57390,non-attack
2910,57391,non-attack
2911,57392,non-attack
2912,57393,non-attack
2913,57394,non-attack
2914,57395,non-attack
2915,57396,non-attack
2916,57397,non-attack
2917,57398,Impact
2918,57399,Impact
2919,57400,non-attack
2920,57401,non-attack
2921,57402,non-attack
2922,57403,non-attack
2923,57404,non-attack
2924,57405,non-attack
2925,57406,non-attack
2926,57407,non-attack
2927,57408,non-attack
2928,57409,non-attack
2929,57410,non-attack
2930,57411,non-attack
2931,57412,non-attack
2932,57413,non-attack
2933,57414,non-attack
2934,57415,non-attack
2935,57416,non-attack
2936,57417,non-attack
2937,57418,non-attack
2938,57419,non-attack
2939,57420,non-attack
2940,57421,non-attack
2941,57422,non-attack
2942,57423,non-attack
2943,57424,non-attack
2944,57425,non-attack
2945,57426,non-attack
2946,57427,non-attack
2947,57428,non-attack
2948,57429,non-attack
2949,57430,non-attack
2950,57431,non-attack
2951,57432,non-attack
2952,57433,non-attack
2953,57434,non-attack
2954,57435,non-attack
2955,57436,non-attack
2956,57437,non-attack
2957,57438,non-attack
2958,57439,non-attack
2959,57440,non-attack
2960,57441,non-attack
2961,57442,non-attack
2962,57443,non-attack
2963,57444,non-attack
2964,57445,non-attack
2965,57446,non-attack
2966,57447,non-attack
2967,57448,non-attack
2968,57449,non-attack
2969,57450,non-attack
2970,57451,non-attack
2971,57452,non-attack
2972,57453,non-attack
2973,57454,non-attack
2974,57455,non-attack
2975,57456,non-attack
2976,57457,non-attack
2977,57458,non-attack
2978,57459,non-attack
2979,57460,non-attack
2980,57461,non-attack
2981,57462,Impact
2982,57463,non-attack
2983,57464,non-attack
2984,57465,non-attack
2985,57466,non-attack
2986,57467,Impact
2987,57468,non-attack
2988,57469,non-attack
2989,57470,Impact
2990,57471,non-attack
2991,57472,non-attack
2992,57473,non-attack
2993,57474,non-attack
2994,57475,non-attack
2995,57476,non-attack
2996,57477,non-attack
2997,57478,non-attack
2998,57479,non-attack
2999,57480,non-attack
3000,57481,non-attack
3001,57482,non-attack
3002,57483,non-attack
3003,57484,non-attack
3004,57485,non-attack
3005,57486,non-attack
3006,57487,non-attack
3007,57488,non-attack
3008,57489,non-attack
3009,57490,non-attack
3010,57491,non-attack
3011,57492,non-attack
3012,57493,non-attack
3013,57494,non-attack
3014,57495,non-attack
3015,57496,non-attack
3016,57497,non-attack
3017,57498,non-attack
3018,57499,non-attack
3019,57500,non-attack
3020,57501,non-attack
3021,57502,non-attack
3022,57503,non-attack
3023,57504,non-attack
3024,57505,non-attack
3025,57506,non-attack
3026,57507,non-attack
3027,57508,non-attack
3028,57509,non-attack
3029,57510,non-attack
3030,57511,non-attack
3031,57512,non-attack
3032,57513,non-attack
3033,57514,non-attack
3034,57515,Impact
3035,57516,non-attack
3036,57517,non-attack
3037,57518,non-attack
3038,57519,non-attack
3039,57520,non-attack
3040,57521,non-attack
3041,57522,non-attack
3042,57523,non-attack
3043,57524,non-attack
3044,57525,non-attack
3045,57526,non-attack
3046,57527,non-attack
3047,57528,non-attack
3048,57529,non-attack
3049,57530,non-attack
3050,57531,non-attack
3051,57532,non-attack
3052,57533,non-attack
3053,57534,non-attack
3054,57535,Impact
3055,57536,non-attack
3056,57537,non-attack
3057,57538,Impact
3058,57539,non-attack
3059,57540,Impact
3060,57541,non-attack
3061,57542,Impact
3062,57543,non-attack
3063,57544,Impact
3064,57545,non-attack
3065,57546,non-attack
3066,57547,non-attack
3067,57548,non-attack
3068,57549,Impact
3069,57550,non-attack
3070,57551,non-attack
3071,57552,non-attack
3072,57553,non-attack
3073,57554,non-attack
3074,57555,non-attack
3075,57556,non-attack
3076,57557,non-attack
3077,57558,non-attack
3078,57559,non-attack
3079,57560,non-attack
3080,57561,non-attack
3081,57562,non-attack
3082,57563,non-attack
3083,57564,non-attack
3084,57565,non-attack
3085,57566,non-attack
3086,57567,non-attack
3087,57568,Impact
3088,57569,non-attack
3089,57570,non-attack
3090,57571,non-attack
3091,57572,non-attack
3092,57573,non-attack
3093,57574,non-attack
3094,57575,Impact
3095,57576,non-attack
3096,57577,Impact
3097,57578,non-attack
3098,57579,non-attack
3099,57580,non-attack
3100,57581,non-attack
3101,57582,non-attack
3102,57583,non-attack
3103,57584,non-attack
3104,57585,non-attack
3105,57586,non-attack
3106,57587,non-attack
3107,57588,non-attack
3108,57589,non-attack
3109,57590,non-attack
3110,57591,non-attack
3111,57592,non-attack
3112,57593,non-attack
3113,57594,non-attack
3114,57595,non-attack
3115,57596,non-attack
3116,57597,non-attack
3117,57598,non-attack
3118,57599,non-attack
3119,57600,non-attack
3120,57601,Impact
3121,57602,non-attack
3122,57603,Impact
3123,57604,non-attack
3124,57605,non-attack
3125,57606,non-attack
3126,57607,non-attack
3127,57608,non-attack
3128,57609,non-attack
3129,57610,non-attack
3130,57611,non-attack
3131,57612,non-attack
3132,57613,non-attack
3133,57614,non-attack
3134,57615,non-attack
3135,57616,non-attack
3136,57617,non-attack
3137,57618,non-attack
3138,57619,non-attack
3139,57620,non-attack
3140,57621,non-attack
3141,57622,non-attack
3142,57623,non-attack
3143,57624,non-attack
3144,57625,non-attack
3145,57626,non-attack
3146,57627,non-attack
3147,57628,non-attack
3148,57629,non-attack
3149,57630,non-attack
3150,57631,non-attack
3151,57632,non-attack
3152,57633,Impact
3153,57634,non-attack
3154,57635,non-attack
3155,57636,Impact
3156,57637,non-attack
3157,57638,non-attack
3158,57639,non-attack
3159,57640,non-attack
3160,57641,non-attack
3161,57642,non-attack
3162,57643,non-attack
3163,57644,non-attack
3164,57645,non-attack
3165,57646,non-attack
3166,57647,non-attack
3167,57648,non-attack
3168,57649,non-attack
3169,57650,non-attack
3170,57651,non-attack
3171,57652,non-attack
3172,57653,non-attack
3173,57654,non-attack
3174,57655,non-attack
3175,57656,non-attack
3176,57657,non-attack
3177,57658,non-attack
3178,57659,non-attack
3179,57660,non-attack
3180,57661,non-attack
3181,57662,non-attack
3182,57663,non-attack
3183,57664,non-attack
3184,57665,non-attack
3185,57666,non-attack
3186,57667,non-attack
3187,57668,non-attack
3188,57669,non-attack
3189,57670,non-attack
3190,57671,Impact
3191,57672,non-attack
3192,57673,non-attack
3193,57674,non-attack
3194,57675,non-attack
3195,57676,non-attack
3196,57677,non-attack
3197,57678,non-attack
3198,57679,non-attack
3199,57680,non-attack
3200,57681,non-attack
3201,57682,non-attack
3202,57683,non-attack
3203,57684,non-attack
3204,57685,non-attack
3205,57686,non-attack
3206,57687,non-attack
3207,57688,non-attack
3208,57689,non-attack
3209,57690,non-attack
3210,57691,non-attack
3211,57692,non-attack
3212,57693,non-attack
3213,57694,non-attack
3214,57695,non-attack
3215,57696,non-attack
3216,57697,non-attack
3217,57698,non-attack
3218,57699,non-attack
3219,57700,Impact
3220,57701,non-attack
3221,57702,non-attack
3222,57703,non-attack
3223,57704,non-attack
3224,57705,non-attack
3225,57706,non-attack
3226,57707,non-attack
3227,57708,non-attack
3228,57709,non-attack
3229,57710,non-attack
3230,57711,non-attack
3231,57712,non-attack
3232,57713,non-attack
3233,57714,non-attack
3234,57715,non-attack
3235,57716,non-attack
3236,57717,non-attack
3237,57718,non-attack
3238,57719,non-attack
3239,57720,non-attack
3240,57721,non-attack
3241,57722,non-attack
3242,57723,non-attack
3243,57724,non-attack
3244,57725,non-attack
3245,57726,non-attack
3246,57727,non-attack
3247,57728,non-attack
3248,57729,non-attack
3249,57730,non-attack
3250,57731,non-attack
3251,57732,non-attack
3252,57733,non-attack
3253,57734,non-attack
3254,57735,non-attack
3255,57736,non-attack
3256,57737,non-attack
3257,57738,non-attack
3258,57739,non-attack
3259,57740,non-attack
3260,57741,non-attack
3261,57742,non-attack
3262,57743,non-attack
3263,57744,non-attack
3264,57745,non-attack
3265,57746,non-attack
3266,57747,non-attack
3267,57748,non-attack
3268,57749,non-attack
3269,57750,non-attack
3270,57751,non-attack
3271,57752,non-attack
3272,57753,non-attack
3273,57754,non-attack
3274,57755,non-attack
3275,57756,non-attack
3276,57757,non-attack
3277,57758,Impact
3278,57759,non-attack
3279,57760,non-attack
3280,57761,non-attack
3281,57762,non-attack
3282,57763,non-attack
3283,57764,non-attack
3284,57765,non-attack
3285,57766,non-attack
3286,57767,non-attack
3287,57768,non-attack
3288,57769,non-attack
3289,57770,non-attack
3290,57771,non-attack
3291,57772,non-attack
3292,57773,non-attack
3293,57774,non-attack
3294,57775,non-attack
3295,57776,non-attack
3296,57777,non-attack
3297,57778,non-attack
3298,57779,non-attack
3299,57780,non-attack
3300,57781,non-attack
3301,57782,non-attack
3302,57783,non-attack
3303,57784,non-attack
3304,57785,non-attack
3305,57786,non-attack
3306,57787,non-attack
3307,57788,non-attack
3308,57789,non-attack
3309,57790,non-attack
3310,57791,non-attack
3311,57792,non-attack
3312,57793,non-attack
3313,57794,non-attack
3314,57795,non-attack
3315,57796,non-attack
3316,57797,non-attack
3317,57798,non-attack
3318,57799,non-attack
3319,57800,non-attack
3320,57801,non-attack
3321,57802,non-attack
3322,57803,non-attack
3323,57804,non-attack
3324,57805,non-attack
3325,57806,non-attack
3326,57807,non-attack
3327,57808,non-attack
3328,57809,non-attack
3329,57810,Impact
3330,57811,non-attack
3331,57812,non-attack
3332,57813,non-attack
3333,57814,non-attack
3334,57815,non-attack
3335,57816,non-attack
3336,57817,non-attack
3337,57818,non-attack
3338,57819,non-attack
3339,57820,non-attack
3340,57821,non-attack
3341,57822,non-attack
3342,57823,non-attack
3343,57824,non-attack
3344,57825,non-attack
3345,57826,non-attack
3346,57827,non-attack
3347,57828,non-attack
3348,57829,Impact
3349,57830,non-attack
3350,57831,non-attack
3351,57832,non-attack
3352,57833,non-attack
3353,57834,non-attack
3354,57835,non-attack
3355,57836,non-attack
3356,57837,non-attack
3357,57838,non-attack
3358,57839,non-attack
3359,57840,non-attack
3360,57841,non-attack
3361,57842,non-attack
3362,57843,non-attack
3363,57844,non-attack
3364,57845,non-attack
3365,57846,non-attack
3366,57847,non-attack
3367,57848,non-attack
3368,57849,non-attack
3369,57850,non-attack
3370,57851,non-attack
3371,57852,non-attack
3372,57853,non-attack
3373,57854,non-attack
3374,57855,non-attack
3375,57856,non-attack
3376,57857,non-attack
3377,57858,non-attack
3378,57859,non-attack
3379,57860,non-attack
3380,57861,non-attack
3381,57862,non-attack
3382,57863,non-attack
3383,57864,non-attack
3384,57865,non-attack
3385,57866,non-attack
3386,57867,non-attack
3387,57868,non-attack
3388,57869,non-attack
3389,57870,non-attack
3390,57871,non-attack
3391,57872,non-attack
3392,57873,non-attack
3393,57874,non-attack
3394,57875,non-attack
3395,57876,non-attack
3396,57877,non-attack
3397,57878,non-attack
3398,57879,non-attack
3399,57880,non-attack
3400,57881,non-attack
3401,57882,non-attack
3402,57883,non-attack
3403,57884,non-attack
3404,57885,non-attack
3405,57886,non-attack
3406,57887,non-attack
3407,57888,non-attack
3408,57889,non-attack
3409,57890,non-attack
3410,57891,non-attack
3411,57892,non-attack
3412,57893,non-attack
3413,57894,non-attack
3414,57895,non-attack
3415,57896,Impact
3416,57897,non-attack
3417,57898,non-attack
3418,57899,non-attack
3419,57900,non-attack
3420,57901,non-attack
3421,57902,non-attack
3422,57903,non-attack
3423,57904,non-attack
3424,57905,non-attack
3425,57906,non-attack
3426,57907,non-attack
3427,57908,non-attack
3428,57909,non-attack
3429,57910,non-attack
3430,57911,non-attack
3431,57912,non-attack
3432,57913,non-attack
3433,57914,non-attack
3434,57915,non-attack
3435,57916,non-attack
3436,57917,non-attack
3437,57918,non-attack
3438,57919,non-attack
3439,57920,non-attack
3440,57921,non-attack
3441,57922,non-attack
3442,57923,non-attack
3443,57924,non-attack
3444,57925,non-attack
3445,57926,non-attack
3446,57927,non-attack
3447,57928,non-attack
3448,57929,non-attack
3449,57930,non-attack
3450,57931,non-attack
3451,57932,non-attack
3452,57933,non-attack
3453,57934,non-attack
3454,57935,Impact
3455,57936,non-attack
3456,57937,non-attack
3457,57938,non-attack
3458,57939,Impact
3459,57940,non-attack
3460,57941,Impact
3461,57942,non-attack
3462,57943,non-attack
3463,57944,non-attack
3464,57945,non-attack
3465,57946,non-attack
3466,57947,non-attack
3467,57948,non-attack
3468,57949,non-attack
3469,57950,non-attack
3470,57951,non-attack
3471,57952,non-attack
3472,57953,non-attack
3473,57954,non-attack
3474,57955,non-attack
3475,57956,non-attack
3476,57957,non-attack
3477,57958,Impact
3478,57959,non-attack
3479,57960,non-attack
3480,57961,non-attack
3481,57962,non-attack
3482,57963,non-attack
3483,57964,non-attack
3484,57965,non-attack
3485,57966,non-attack
3486,57967,non-attack
3487,57968,non-attack
3488,57969,non-attack
3489,57970,non-attack
3490,57971,non-attack
3491,57972,non-attack
3492,57973,non-attack
3493,57974,non-attack
3494,57975,non-attack
3495,57976,non-attack
3496,57977,non-attack
3497,57978,non-attack
3498,57979,non-attack
3499,57980,non-attack
3500,57981,non-attack
3501,57982,non-attack
3502,57983,non-attack
3503,57984,Impact
3504,57985,non-attack
3505,57986,non-attack
3506,57987,non-attack
3507,57988,Impact
3508,57989,non-attack
3509,57990,non-attack
3510,57991,non-attack
3511,57992,non-attack
3512,57993,non-attack
3513,57994,non-attack
3514,57995,non-attack
3515,57996,non-attack
3516,57997,non-attack
3517,57998,non-attack
3518,57999,non-attack
3519,58000,non-attack
3520,58001,non-attack
3521,58002,non-attack
3522,58003,non-attack
3523,58004,non-attack
3524,58005,non-attack
3525,58006,Impact
3526,58007,non-attack
3527,58008,non-attack
3528,58009,non-attack
3529,58010,non-attack
3530,58011,non-attack
3531,58012,non-attack
3532,58013,non-attack
3533,58014,non-attack
3534,58015,non-attack
3535,58016,non-attack
3536,58017,non-attack
3537,58018,non-attack
3538,58019,non-attack
3539,58020,non-attack
3540,58021,non-attack
3541,58022,non-attack
3542,58023,non-attack
3543,58024,non-attack
3544,58025,non-attack
3545,58026,non-attack
3546,58027,non-attack
3547,58028,non-attack
3548,58029,non-attack
3549,58030,non-attack
3550,58031,non-attack
3551,58032,non-attack
3552,58033,non-attack
3553,58034,non-attack
3554,58035,non-attack
3555,58036,non-attack
3556,58037,non-attack
3557,58038,non-attack
3558,58039,non-attack
3559,58040,non-attack
3560,58041,non-attack
3561,58042,non-attack
3562,58043,non-attack
3563,58044,non-attack
3564,58045,non-attack
3565,58046,non-attack
3566,58047,non-attack
3567,58048,non-attack
3568,58049,non-attack
3569,58050,non-attack
3570,58051,non-attack
3571,58052,non-attack
3572,58053,non-attack
3573,58054,non-attack
3574,58055,non-attack
3575,58056,non-attack
3576,58057,non-attack
3577,58058,non-attack
3578,58059,non-attack
3579,58060,non-attack
3580,58061,non-attack
3581,58062,non-attack
3582,58063,non-attack
3583,58064,non-attack
3584,58065,Impact
3585,58066,non-attack
3586,58067,non-attack
3587,58068,non-attack
3588,58069,non-attack
3589,58070,non-attack
3590,58071,non-attack
3591,58072,non-attack
3592,58073,non-attack
3593,58074,non-attack
3594,58075,non-attack
3595,58076,non-attack
3596,58077,non-attack
3597,58078,non-attack
3598,58079,non-attack
3599,58080,non-attack
3600,58081,non-attack
3601,58082,non-attack
3602,58083,non-attack
3603,58084,non-attack
3604,58085,non-attack
3605,58086,non-attack
3606,58087,non-attack
3607,58088,non-attack
3608,58089,non-attack
3609,58090,non-attack
3610,58091,non-attack
3611,58092,non-attack
3612,58093,non-attack
3613,58094,non-attack
3614,58095,non-attack
3615,58096,non-attack
3616,58097,non-attack
3617,58098,non-attack
3618,58099,non-attack
3619,58100,Impact
3620,58101,non-attack
3621,58102,non-attack
3622,58103,non-attack
3623,58104,non-attack
3624,58105,non-attack
3625,58106,non-attack
3626,58107,non-attack
3627,58108,non-attack
3628,58109,non-attack
3629,58110,non-attack
3630,58111,non-attack
3631,58112,non-attack
3632,58113,non-attack
3633,58114,non-attack
3634,58115,non-attack
3635,58116,non-attack
3636,58117,non-attack
3637,58118,non-attack
3638,58119,non-attack
3639,58120,non-attack
3640,58121,non-attack
3641,58122,non-attack
3642,58123,non-attack
3643,58124,non-attack
3644,58125,non-attack
3645,58126,non-attack
3646,58127,non-attack
3647,58128,non-attack
3648,58129,non-attack
3649,58130,non-attack
3650,58131,non-attack
3651,58132,non-attack
3652,58133,non-attack
3653,58134,non-attack
3654,58135,non-attack
3655,58136,non-attack
3656,58137,non-attack
3657,58138,non-attack
3658,58139,Impact
3659,58140,non-attack
3660,58141,non-attack
3661,58142,non-attack
3662,58143,non-attack
3663,58144,Impact
3664,58145,non-attack
3665,58146,non-attack
3666,58147,non-attack
3667,58148,non-attack
3668,58149,non-attack
3669,58150,non-attack
3670,58151,non-attack
3671,58152,non-attack
3672,58153,non-attack
3673,58154,non-attack
3674,58155,non-attack
3675,58156,Impact
3676,58157,non-attack
3677,58158,non-attack
3678,58159,non-attack
3679,58160,Impact
3680,58161,non-attack
3681,58162,non-attack
3682,58163,non-attack
3683,58164,non-attack
3684,58165,non-attack
3685,58166,non-attack
3686,58167,non-attack
3687,58168,non-attack
3688,58169,non-attack
3689,58170,non-attack
3690,58171,non-attack
3691,58172,non-attack
3692,58173,non-attack
3693,58174,non-attack
3694,58175,non-attack
3695,58176,non-attack
3696,58177,non-attack
3697,58178,non-attack
3698,58179,non-attack
3699,58180,non-attack
3700,58181,non-attack
3701,58182,non-attack
3702,58183,non-attack
3703,58184,non-attack
3704,58185,non-attack
3705,58186,non-attack
3706,58187,non-attack
3707,58188,non-attack
3708,58189,non-attack
3709,58190,non-attack
3710,58191,non-attack
3711,58192,non-attack
3712,58193,Impact
3713,58194,non-attack
3714,58195,non-attack
3715,58196,non-attack
3716,58197,non-attack
3717,58198,non-attack
3718,58199,non-attack
3719,58200,non-attack
3720,58201,non-attack
3721,58202,non-attack
3722,58203,non-attack
3723,58204,non-attack
3724,58205,non-attack
3725,58206,non-attack
3726,58207,Impact
3727,58208,non-attack
3728,58209,non-attack
3729,58210,non-attack
3730,58211,non-attack
3731,58212,non-attack
3732,58213,non-attack
3733,58214,non-attack
3734,58215,non-attack
3735,58216,non-attack
3736,58217,non-attack
3737,58218,Impact
3738,58219,non-attack
3739,58220,non-attack
3740,58221,non-attack
3741,58222,non-attack
3742,58223,non-attack
3743,58224,non-attack
3744,58225,non-attack
3745,58226,Impact
3746,58227,Impact
3747,58228,non-attack
3748,58229,non-attack
3749,58230,non-attack
3750,58231,non-attack
3751,58232,non-attack
3752,58233,Impact
3753,58234,non-attack
3754,58235,non-attack
3755,58236,non-attack
3756,58237,Impact
3757,58238,non-attack
3758,58239,non-attack
3759,58240,non-attack
3760,58241,Impact
3761,58242,non-attack
3762,58243,non-attack
3763,58244,non-attack
3764,58245,non-attack
3765,58246,non-attack
3766,58247,non-attack
3767,58248,non-attack
3768,58249,non-attack
3769,58250,non-attack
3770,58251,non-attack
3771,58252,non-attack
3772,58253,non-attack
3773,58254,non-attack
3774,58255,non-attack
3775,58256,non-attack
3776,58257,non-attack
3777,58258,non-attack
3778,58259,non-attack
3779,58260,non-attack
3780,58261,non-attack
3781,58262,non-attack
3782,58263,non-attack
3783,58264,non-attack
3784,58265,non-attack
3785,58266,non-attack
3786,58267,non-attack
3787,58268,non-attack
3788,58269,non-attack
3789,58270,non-attack
3790,58271,non-attack
3791,58272,non-attack
3792,58273,non-attack
3793,58274,non-attack
3794,58275,non-attack
3795,58276,non-attack
3796,58277,non-attack
3797,58278,non-attack
3798,58279,non-attack
3799,58280,Impact
3800,58281,non-attack
3801,58282,non-attack
3802,58283,non-attack
3803,58284,non-attack
3804,58285,non-attack
3805,58286,non-attack
3806,58287,non-attack
3807,58288,Impact
3808,58289,non-attack
3809,58290,non-attack
3810,58291,non-attack
3811,58292,non-attack
3812,58293,non-attack
3813,58294,non-attack
3814,58295,non-attack
3815,58296,non-attack
3816,58297,non-attack
3817,58298,non-attack
3818,58299,non-attack
3819,58300,non-attack
3820,58301,non-attack
3821,58302,non-attack
3822,58303,non-attack
3823,58304,non-attack
3824,58305,non-attack
3825,58306,non-attack
3826,58307,non-attack
3827,58308,non-attack
3828,58309,non-attack
3829,58310,non-attack
3830,58311,non-attack
3831,58312,non-attack
3832,58313,non-attack
3833,58314,non-attack
3834,58315,Impact
3835,58316,non-attack
3836,58317,non-attack
3837,58318,non-attack
3838,58319,non-attack
3839,58320,non-attack
3840,58321,Impact
3841,58322,non-attack
3842,58323,non-attack
3843,58324,Impact
3844,58325,non-attack
3845,58326,non-attack
3846,58327,non-attack
3847,58328,non-attack
3848,58329,non-attack
3849,58330,non-attack
3850,58331,non-attack
3851,58332,non-attack
3852,58333,non-attack
3853,58334,non-attack
3854,58335,non-attack
3855,58336,non-attack
3856,58337,non-attack
3857,58338,Impact
3858,58339,non-attack
3859,58340,non-attack
3860,58341,non-attack
3861,58342,non-attack
3862,58343,non-attack
3863,58344,non-attack
3864,58345,non-attack
3865,58346,non-attack
3866,58347,non-attack
3867,58348,non-attack
3868,58349,non-attack
3869,58350,non-attack
3870,58351,non-attack
3871,58352,non-attack
3872,58353,non-attack
3873,58354,non-attack
3874,58355,non-attack
3875,58356,non-attack
3876,58357,non-attack
3877,58358,Impact
3878,58359,non-attack
3879,58360,Impact
3880,58361,non-attack
3881,58362,non-attack
3882,58363,non-attack
3883,58364,non-attack
3884,58365,non-attack
3885,58366,non-attack
3886,58367,non-attack
3887,58368,Impact
3888,58369,non-attack
3889,58370,non-attack
3890,58371,non-attack
3891,58372,non-attack
3892,58373,non-attack
3893,58374,non-attack
3894,58375,non-attack
3895,58376,non-attack
3896,58377,non-attack
3897,58378,Impact
3898,58379,non-attack
3899,58380,non-attack
3900,58381,non-attack
3901,58382,non-attack
3902,58383,non-attack
3903,58384,non-attack
3904,58385,Impact
3905,58386,non-attack
3906,58387,Impact
3907,58388,non-attack
3908,58389,non-attack
3909,58390,non-attack
3910,58391,non-attack
3911,58392,non-attack
3912,58393,non-attack
3913,58394,Impact
3914,58395,non-attack
3915,58396,non-attack
3916,58397,non-attack
3917,58398,non-attack
3918,58399,non-attack
3919,58400,non-attack
3920,58401,Impact
3921,58402,non-attack
3922,58403,non-attack
3923,58404,non-attack
3924,58405,non-attack
3925,58406,non-attack
3926,58407,non-attack
3927,58408,non-attack
3928,58409,non-attack
3929,58410,non-attack
3930,58411,non-attack
3931,58412,non-attack
3932,58413,non-attack
3933,58414,non-attack
3934,58415,non-attack
3935,58416,Impact
3936,58417,non-attack
3937,58418,non-attack
3938,58419,non-attack
3939,58420,non-attack
3940,58421,non-attack
3941,58422,non-attack
3942,58423,non-attack
3943,58424,non-attack
3944,58425,non-attack
3945,58426,non-attack
3946,58427,non-attack
3947,58428,non-attack
3948,58429,non-attack
3949,58430,non-attack
3950,58431,non-attack
3951,58432,non-attack
3952,58433,non-attack
3953,58434,Impact
3954,58435,Impact
3955,58436,non-attack
3956,58437,Impact
3957,58438,non-attack
3958,58439,non-attack
3959,58440,non-attack
3960,58441,Impact
3961,58442,non-attack
3962,58443,non-attack
3963,58444,non-attack
3964,58445,non-attack
3965,58446,Impact
3966,58447,non-attack
3967,58448,non-attack
3968,58449,non-attack
3969,58450,non-attack
3970,58451,non-attack
3971,58452,non-attack
3972,58453,non-attack
3973,58454,Impact
3974,58455,Impact
3975,58456,non-attack
3976,58457,non-attack
3977,58458,non-attack
3978,58459,non-attack
3979,58460,non-attack
3980,58461,non-attack
3981,58462,non-attack
3982,58463,non-attack
3983,58464,non-attack
3984,58465,non-attack
3985,58466,non-attack
3986,58467,non-attack
3987,58468,non-attack
3988,58469,non-attack
3989,58470,non-attack
3990,58471,non-attack
3991,58472,Impact
3992,58473,non-attack
3993,58474,non-attack
3994,58475,non-attack
3995,58476,non-attack
3996,58477,non-attack
3997,58478,non-attack
3998,58479,non-attack
3999,58480,non-attack
4000,58481,non-attack
4001,58482,non-attack
4002,58483,non-attack
4003,58484,non-attack
4004,58485,non-attack
4005,58486,non-attack
4006,58487,non-attack
4007,58488,non-attack
4008,58489,non-attack
4009,58490,non-attack
4010,58491,non-attack
4011,58492,non-attack
4012,58493,non-attack
4013,58494,non-attack
4014,58495,non-attack
4015,58496,non-attack
4016,58497,non-attack
4017,58498,non-attack
4018,58499,non-attack
4019,58500,non-attack
4020,58501,non-attack
4021,58502,non-attack
4022,58503,non-attack
4023,58504,Impact
4024,58505,non-attack
4025,58506,non-attack
4026,58507,non-attack
4027,58508,non-attack
4028,58509,non-attack
4029,58510,non-attack
4030,58511,non-attack
4031,58512,non-attack
4032,58513,non-attack
4033,58514,non-attack
4034,58515,non-attack
4035,58516,non-attack
4036,58517,non-attack
4037,58518,non-attack
4038,58519,non-attack
4039,58520,non-attack
4040,58521,non-attack
4041,58522,Impact
4042,58523,non-attack
4043,58524,non-attack
4044,58525,non-attack
4045,58526,non-attack
4046,58527,non-attack
4047,58528,non-attack
4048,58529,non-attack
4049,58530,non-attack
4050,58531,non-attack
4051,58532,non-attack
4052,58533,non-attack
4053,58534,non-attack
4054,58535,non-attack
4055,58536,non-attack
4056,58537,Impact
4057,58538,Impact
4058,58539,non-attack
4059,58540,non-attack
4060,58541,non-attack
4061,58542,non-attack
4062,58543,non-attack
4063,58544,non-attack
4064,58545,Impact
4065,58546,non-attack
4066,58547,non-attack
4067,58548,non-attack
4068,58549,non-attack
4069,58550,non-attack
4070,58551,non-attack
4071,58552,non-attack
4072,58553,non-attack
4073,58554,Impact
4074,58555,Impact
4075,58556,non-attack
4076,58557,non-attack
4077,58558,non-attack
4078,58559,non-attack
4079,58560,non-attack
4080,58561,non-attack
4081,58562,non-attack
4082,58563,non-attack
4083,58564,non-attack
4084,58565,non-attack
4085,58566,non-attack
4086,58567,non-attack
4087,58568,non-attack
4088,58569,non-attack
4089,58570,non-attack
4090,58571,non-attack
4091,58572,non-attack
4092,58573,non-attack
4093,58574,Impact
4094,58575,non-attack
4095,58576,non-attack
4096,58577,non-attack
4097,58578,non-attack
4098,58579,non-attack
4099,58580,non-attack
4100,58581,non-attack
4101,58582,non-attack
4102,58583,non-attack
4103,58584,non-attack
4104,58585,non-attack
4105,58586,non-attack
4106,58587,non-attack
4107,58588,non-attack
4108,58589,non-attack
4109,58590,non-attack
4110,58591,non-attack
4111,58592,non-attack
4112,58593,non-attack
4113,58594,non-attack
4114,58595,non-attack
4115,58596,Impact
4116,58597,Impact
4117,58598,non-attack
4118,58599,Impact
4119,58600,non-attack
4120,58601,non-attack
4121,58602,Impact
4122,58603,non-attack
4123,58604,non-attack
4124,58605,non-attack
4125,58606,non-attack
4126,58607,non-attack
4127,58608,Impact
4128,58609,non-attack
4129,58610,non-attack
4130,58611,non-attack
4131,58612,non-attack
4132,58613,non-attack
4133,58614,non-attack
4134,58615,non-attack
4135,58616,non-attack
4136,58617,non-attack
4137,58618,non-attack
4138,58619,non-attack
4139,58620,non-attack
4140,58621,non-attack
4141,58622,non-attack
4142,58623,non-attack
4143,58624,Impact
4144,58625,non-attack
4145,58626,non-attack
4146,58627,non-attack
4147,58628,non-attack
4148,58629,non-attack
4149,58630,Impact
4150,58631,non-attack
4151,58632,non-attack
4152,58633,Impact
4153,58634,non-attack
4154,58635,non-attack
4155,58636,non-attack
4156,58637,non-attack
4157,58638,non-attack
4158,58639,non-attack
4159,58640,non-attack
4160,58641,non-attack
4161,58642,non-attack
4162,58643,non-attack
4163,58644,non-attack
4164,58645,non-attack
4165,58646,non-attack
4166,58647,non-attack
4167,58648,non-attack
4168,58649,non-attack
4169,58650,non-attack
4170,58651,non-attack
4171,58652,non-attack
4172,58653,non-attack
4173,58654,Impact
4174,58655,non-attack
4175,58656,non-attack
4176,58657,non-attack
4177,58658,non-attack
4178,58659,non-attack
4179,58660,non-attack
4180,58661,non-attack
4181,58662,non-attack
4182,58663,Impact
4183,58664,non-attack
4184,58665,non-attack
4185,58666,non-attack
4186,58667,non-attack
4187,58668,non-attack
4188,58669,non-attack
4189,58670,Reconnaissance
4190,58671,non-attack
4191,58672,non-attack
4192,58673,non-attack
4193,58674,non-attack
4194,58675,non-attack
4195,58676,non-attack
4196,58677,non-attack
4197,58678,non-attack
4198,58679,non-attack
4199,58680,non-attack
4200,58681,non-attack
4201,58682,non-attack
4202,58683,non-attack
4203,58684,non-attack
4204,58685,non-attack
4205,58686,non-attack
4206,58687,non-attack
4207,58688,non-attack
4208,58689,non-attack
4209,58690,non-attack
4210,58691,non-attack
4211,58692,Impact
4212,58693,non-attack
4213,58694,non-attack
4214,58695,non-attack
4215,58696,non-attack
4216,58697,non-attack
4217,58698,non-attack
4218,58699,non-attack
4219,58700,non-attack
4220,58701,non-attack
4221,58702,non-attack
4222,58703,Impact
4223,58704,non-attack
4224,58705,non-attack
4225,58706,non-attack
4226,58707,non-attack
4227,58708,non-attack
4228,58709,non-attack
4229,58710,non-attack
4230,58711,non-attack
4231,58712,non-attack
4232,58713,non-attack
4233,58714,non-attack
4234,58715,non-attack
4235,58716,non-attack
4236,58717,non-attack
4237,58718,non-attack
4238,58719,non-attack
4239,58720,non-attack
4240,58721,non-attack
4241,58722,non-attack
4242,58723,non-attack
4243,58724,non-attack
4244,58725,non-attack
4245,58726,non-attack
4246,58727,non-attack
4247,58728,non-attack
4248,58729,non-attack
4249,58730,non-attack
4250,58731,non-attack
4251,58732,non-attack
4252,58733,non-attack
4253,58734,non-attack
4254,58735,non-attack
4255,58736,non-attack
4256,58737,non-attack
4257,58738,Impact
4258,58739,non-attack
4259,58740,non-attack
4260,58741,non-attack
4261,58742,non-attack
4262,58743,non-attack
4263,58744,non-attack
4264,58745,non-attack
4265,58746,non-attack
4266,58747,non-attack
4267,58748,non-attack
4268,58749,non-attack
4269,58750,non-attack
4270,58751,non-attack
4271,58752,non-attack
4272,58753,non-attack
4273,58754,non-attack
4274,58755,non-attack
4275,58756,non-attack
4276,58757,non-attack
4277,58758,non-attack
4278,58759,non-attack
4279,58760,non-attack
4280,58761,non-attack
4281,58762,non-attack
4282,58763,non-attack
4283,58764,non-attack
4284,58765,non-attack
4285,58766,non-attack
4286,58767,non-attack
4287,58768,non-attack
4288,58769,non-attack
4289,58770,non-attack
4290,58771,non-attack
4291,58772,non-attack
4292,58773,non-attack
4293,58774,non-attack
4294,58775,non-attack
4295,58776,non-attack
4296,58777,non-attack
4297,58778,non-attack
4298,58779,non-attack
4299,58780,non-attack
4300,58781,non-attack
4301,58782,non-attack
4302,58783,non-attack
4303,58784,non-attack
4304,58785,non-attack
4305,58786,non-attack
4306,58787,non-attack
4307,58788,non-attack
4308,58789,non-attack
4309,58790,non-attack
4310,58791,non-attack
4311,58792,non-attack
4312,58793,non-attack
4313,58794,non-attack
4314,58795,non-attack
4315,58796,non-attack
4316,58797,non-attack
4317,58798,non-attack
4318,58799,non-attack
4319,58800,non-attack
4320,58801,non-attack
4321,58802,non-attack
4322,58803,non-attack
4323,58804,non-attack
4324,58805,non-attack
4325,58806,non-attack
4326,58807,non-attack
4327,58808,non-attack
4328,58809,non-attack
4329,58810,non-attack
4330,58811,non-attack
4331,58812,non-attack
4332,58813,Impact
4333,58814,non-attack
4334,58815,non-attack
4335,58816,non-attack
4336,58817,non-attack
4337,58818,non-attack
4338,58819,non-attack
4339,58820,non-attack
4340,58821,non-attack
4341,58822,non-attack
4342,58823,non-attack
4343,58824,non-attack
4344,58825,non-attack
4345,58826,Impact
4346,58827,non-attack
4347,58828,non-attack
4348,58829,non-attack
4349,58830,non-attack
4350,58831,Reconnaissance
4351,58832,non-attack
4352,58833,non-attack
4353,58834,non-attack
4354,58835,non-attack
4355,58836,non-attack
4356,58837,non-attack
4357,58838,non-attack
4358,58839,non-attack
4359,58840,non-attack
4360,58841,non-attack
4361,58842,non-attack
4362,58843,non-attack
4363,58844,non-attack
4364,58845,Impact
4365,58846,non-attack
4366,58847,Impact
4367,58848,non-attack
4368,58849,non-attack
4369,58850,non-attack
4370,58851,non-attack
4371,58852,non-attack
4372,58853,non-attack
4373,58854,non-attack
4374,58855,non-attack
4375,58856,non-attack
4376,58857,non-attack
4377,58858,non-attack
4378,58859,non-attack
4379,58860,Impact
4380,58861,non-attack
4381,58862,non-attack
4382,58863,non-attack
4383,58864,Impact
4384,58865,non-attack
4385,58866,non-attack
4386,58867,non-attack
4387,58868,non-attack
4388,58869,non-attack
4389,58870,non-attack
4390,58871,Impact
4391,58872,non-attack
4392,58873,non-attack
4393,58874,non-attack
4394,58875,non-attack
4395,58876,non-attack
4396,58877,non-attack
4397,58878,non-attack
4398,58879,Impact
4399,58880,non-attack
4400,58881,Impact
4401,58882,non-attack
4402,58883,non-attack
4403,58884,non-attack
4404,58885,non-attack
4405,58886,non-attack
4406,58887,non-attack
4407,58888,non-attack
4408,58889,non-attack
4409,58890,non-attack
4410,58891,non-attack
4411,58892,non-attack
4412,58893,non-attack
4413,58894,non-attack
4414,58895,non-attack
4415,58896,non-attack
4416,58897,non-attack
4417,58898,non-attack
4418,58899,non-attack
4419,58900,non-attack
4420,58901,non-attack
4421,58902,non-attack
4422,58903,non-attack
4423,58904,non-attack
4424,58905,non-attack
4425,58906,non-attack
4426,58907,non-attack
4427,58908,non-attack
4428,58909,non-attack
4429,58910,non-attack
4430,58911,non-attack
4431,58912,non-attack
4432,58913,non-attack
4433,58914,non-attack
4434,58915,Impact
4435,58916,non-attack
4436,58917,non-attack
4437,58918,Impact
4438,58919,non-attack
4439,58920,non-attack
4440,58921,Reconnaissance
4441,58922,non-attack
4442,58923,non-attack
4443,58924,non-attack
4444,58925,Impact
4445,58926,non-attack
4446,58927,non-attack
4447,58928,non-attack
4448,58929,non-attack
4449,58930,non-attack
4450,58931,non-attack
4451,58932,non-attack
4452,58933,non-attack
4453,58934,non-attack
4454,58935,non-attack
4455,58936,non-attack
4456,58937,non-attack
4457,58938,non-attack
4458,58939,non-attack
4459,58940,non-attack
4460,58941,non-attack
4461,58942,non-attack
4462,58943,non-attack
4463,58944,non-attack
4464,58945,Impact
4465,58946,non-attack
4466,58947,non-attack
4467,58948,non-attack
4468,58949,non-attack
4469,58950,non-attack
4470,58951,Impact
4471,58952,non-attack
4472,58953,non-attack
4473,58954,non-attack
4474,58955,non-attack
4475,58956,non-attack
4476,58957,non-attack
4477,58958,non-attack
4478,58959,Impact
4479,58960,Impact
4480,58961,non-attack
4481,58962,non-attack
4482,58963,non-attack
4483,58964,Impact
4484,58965,non-attack
4485,58966,non-attack
4486,58967,non-attack
4487,58968,Impact
4488,58969,non-attack
4489,58970,non-attack
4490,58971,non-attack
4491,58972,non-attack
4492,58973,Impact
4493,58974,non-attack
4494,58975,non-attack
4495,58976,non-attack
4496,58977,non-attack
4497,58978,non-attack
4498,58979,non-attack
4499,58980,non-attack
4500,58981,non-attack
4501,58982,non-attack
4502,58983,non-attack
4503,58984,non-attack
4504,58985,non-attack
4505,58986,non-attack
4506,58987,non-attack
4507,58988,non-attack
4508,58989,non-attack
4509,58990,non-attack
4510,58991,non-attack
4511,58992,non-attack
4512,58993,non-attack
4513,58994,non-attack
4514,58995,non-attack
4515,58996,non-attack
4516,58997,non-attack
4517,58998,non-attack
4518,58999,non-attack
4519,59000,non-attack
4520,59001,non-attack
4521,59002,non-attack
4522,59003,Reconnaissance
4523,59004,non-attack
4524,59005,non-attack
4525,59006,non-attack
4526,59007,non-attack
4527,59008,non-attack
4528,59009,non-attack
4529,59010,non-attack
4530,59011,non-attack
4531,59012,non-attack
4532,59013,Impact
4533,59014,non-attack
4534,59015,Impact
4535,59016,non-attack
4536,59017,non-attack
4537,59018,Reconnaissance
4538,59019,non-attack
4539,59020,Impact
4540,59021,non-attack
4541,59022,non-attack
4542,59023,non-attack
4543,59024,non-attack
4544,59025,non-attack
4545,59026,non-attack
4546,59027,non-attack
4547,59028,non-attack
4548,59029,non-attack
4549,59030,non-attack
4550,59031,non-attack
4551,59032,non-attack
4552,59033,non-attack
4553,59034,non-attack
4554,59035,non-attack
4555,59036,non-attack
4556,59037,non-attack
4557,59038,non-attack
4558,59039,non-attack
4559,59040,non-attack
4560,59041,non-attack
4561,59042,non-attack
4562,59043,non-attack
4563,59044,non-attack
4564,59045,non-attack
4565,59046,non-attack
4566,59047,Impact
4567,59048,non-attack
4568,59049,non-attack
4569,59050,non-attack
4570,59051,non-attack
4571,59052,non-attack
4572,59053,non-attack
4573,59054,non-attack
4574,59055,non-attack
4575,59056,non-attack
4576,59057,non-attack
4577,59058,non-attack
4578,59059,non-attack
4579,59060,non-attack
4580,59061,non-attack
4581,59062,non-attack
4582,59063,non-attack
4583,59064,non-attack
4584,59065,non-attack
4585,59066,non-attack
4586,59067,Impact
4587,59068,Impact
4588,59069,non-attack
4589,59070,non-attack
4590,59071,non-attack
4591,59072,non-attack
4592,59073,non-attack
4593,59074,non-attack
4594,59075,non-attack
4595,59076,non-attack
4596,59077,non-attack
4597,59078,Impact
4598,59079,non-attack
4599,59080,non-attack
4600,59081,non-attack
4601,59082,non-attack
4602,59083,non-attack
4603,59084,non-attack
4604,59085,non-attack
4605,59086,non-attack
4606,59087,non-attack
4607,59088,non-attack
4608,59089,non-attack
4609,59090,non-attack
4610,59091,non-attack
4611,59092,non-attack
4612,59093,non-attack
4613,59094,non-attack
4614,59095,Impact
4615,59096,non-attack
4616,59097,non-attack
4617,59098,non-attack
4618,59099,non-attack
4619,59100,non-attack
4620,59101,non-attack
4621,59102,non-attack
4622,59103,non-attack
4623,59104,non-attack
4624,59105,non-attack
4625,59106,non-attack
4626,59107,non-attack
4627,59108,Impact
4628,59109,non-attack
4629,59110,non-attack
4630,59111,non-attack
4631,59112,non-attack
4632,59113,non-attack
4633,59114,non-attack
4634,59115,non-attack
4635,59116,non-attack
4636,59117,non-attack
4637,59118,non-attack
4638,59119,non-attack
4639,59120,non-attack
4640,59121,non-attack
4641,59122,non-attack
4642,59123,non-attack
4643,59124,non-attack
4644,59125,non-attack
4645,59126,non-attack
4646,59127,non-attack
4647,59128,non-attack
4648,59129,non-attack
4649,59130,non-attack
4650,59131,non-attack
4651,59132,non-attack
4652,59133,non-attack
4653,59134,non-attack
4654,59135,non-attack
4655,59136,non-attack
4656,59137,non-attack
4657,59138,non-attack
4658,59139,non-attack
4659,59140,non-attack
4660,59141,non-attack
4661,59142,non-attack
4662,59143,non-attack
4663,59144,non-attack
4664,59145,non-attack
4665,59146,non-attack
4666,59147,non-attack
4667,59148,non-attack
4668,59149,non-attack
4669,59150,non-attack
4670,59151,non-attack
4671,59152,Impact
4672,59153,non-attack
4673,59154,non-attack
4674,59155,non-attack
4675,59156,non-attack
4676,59157,non-attack
4677,59158,non-attack
4678,59159,non-attack
4679,59160,non-attack
4680,59161,non-attack
4681,59162,non-attack
4682,59163,non-attack
4683,59164,non-attack
4684,59165,non-attack
4685,59166,non-attack
4686,59167,non-attack
4687,59168,non-attack
4688,59169,non-attack
4689,59170,non-attack
4690,59171,non-attack
4691,59172,non-attack
4692,59173,non-attack
4693,59174,non-attack
4694,59175,Impact
4695,59176,non-attack
4696,59177,non-attack
4697,59178,non-attack
4698,59179,non-attack
4699,59180,non-attack
4700,59181,non-attack
4701,59182,non-attack
4702,59183,non-attack
4703,59184,non-attack
4704,59185,non-attack
4705,59186,non-attack
4706,59187,non-attack
4707,59188,non-attack
4708,59189,non-attack
4709,59190,non-attack
4710,59191,Impact
4711,59192,non-attack
4712,59193,non-attack
4713,59194,non-attack
4714,59195,non-attack
4715,59196,non-attack
4716,59197,non-attack
4717,59198,non-attack
4718,59199,non-attack
4719,59200,non-attack
4720,59201,non-attack
4721,59202,Impact
4722,59203,non-attack
4723,59204,non-attack
4724,59205,non-attack
4725,59206,non-attack
4726,59207,non-attack
4727,59208,non-attack
4728,59209,non-attack
4729,59210,non-attack
4730,59211,non-attack
4731,59212,non-attack
4732,59213,non-attack
4733,59214,non-attack
4734,59215,non-attack
4735,59216,non-attack
4736,59217,non-attack
4737,59218,non-attack
4738,59219,non-attack
4739,59220,non-attack
4740,59221,non-attack
4741,59222,non-attack
4742,59223,non-attack
4743,59224,Impact
4744,59225,Impact
4745,59226,non-attack
4746,59227,non-attack
4747,59228,non-attack
4748,59229,non-attack
4749,59230,non-attack
4750,59231,non-attack
4751,59232,non-attack
4752,59233,non-attack
4753,59234,non-attack
4754,59235,non-attack
4755,59236,non-attack
4756,59237,non-attack
4757,59238,non-attack
4758,59239,non-attack
4759,59240,non-attack
4760,59241,non-attack
4761,59242,non-attack
4762,59243,non-attack
4763,59244,Impact
4764,59245,non-attack
4765,59246,Impact
4766,59247,non-attack
4767,59248,non-attack
4768,59249,non-attack
4769,59250,non-attack
4770,59251,non-attack
4771,59252,non-attack
4772,59253,Impact
4773,59254,non-attack
4774,59255,non-attack
4775,59256,non-attack
4776,59257,non-attack
4777,59258,non-attack
4778,59259,non-attack
4779,59260,non-attack
4780,59261,non-attack
4781,59262,non-attack
4782,59263,non-attack
4783,59264,non-attack
4784,59265,non-attack
4785,59266,non-attack
4786,59267,non-attack
4787,59268,non-attack
4788,59269,non-attack
4789,59270,non-attack
4790,59271,non-attack
4791,59272,non-attack
4792,59273,non-attack
4793,59274,non-attack
4794,59275,non-attack
4795,59276,non-attack
4796,59277,Impact
4797,59278,non-attack
4798,59279,non-attack
4799,59280,non-attack
4800,59281,non-attack
4801,59282,non-attack
4802,59283,non-attack
4803,59284,non-attack
4804,59285,non-attack
4805,59286,non-attack
4806,59287,non-attack
4807,59288,non-attack
4808,59289,non-attack
4809,59290,non-attack
4810,59291,non-attack
4811,59292,non-attack
4812,59293,non-attack
4813,59294,non-attack
4814,59295,non-attack
4815,59296,non-attack
4816,59297,non-attack
4817,59298,non-attack
4818,59299,non-attack
4819,59300,non-attack
4820,59301,non-attack
4821,59302,non-attack
4822,59303,non-attack
4823,59304,non-attack
4824,59305,Impact
4825,59306,Impact
4826,59307,non-attack
4827,59308,Impact
4828,59309,non-attack
4829,59310,non-attack
4830,59311,non-attack
4831,59312,non-attack
4832,59313,non-attack
4833,59314,Impact
4834,59315,non-attack
4835,59316,non-attack
4836,59317,non-attack
4837,59318,non-attack
4838,59319,Impact
4839,59320,non-attack
4840,59321,non-attack
4841,59322,non-attack
4842,59323,non-attack
4843,59324,non-attack
4844,59325,non-attack
4845,59326,non-attack
4846,59327,non-attack
4847,59328,non-attack
4848,59329,non-attack
4849,59330,non-attack
4850,59331,non-attack
4851,59332,non-attack
4852,59333,non-attack
4853,59334,non-attack
4854,59335,non-attack
4855,59336,non-attack
4856,59337,non-attack
4857,59338,non-attack
4858,59339,non-attack
4859,59340,non-attack
4860,59341,non-attack
4861,59342,non-attack
4862,59343,Impact
4863,59344,non-attack
4864,59345,non-attack
4865,59346,non-attack
4866,59347,non-attack
4867,59348,non-attack
4868,59349,non-attack
4869,59350,non-attack
4870,59351,non-attack
4871,59352,non-attack
4872,59353,non-attack
4873,59354,non-attack
4874,59355,non-attack
4875,59356,non-attack
4876,59357,non-attack
4877,59358,non-attack
4878,59359,non-attack
4879,59360,non-attack
4880,59361,non-attack
4881,59362,Impact
4882,59363,non-attack
4883,59364,non-attack
4884,59365,non-attack
4885,59366,non-attack
4886,59367,non-attack
4887,59368,non-attack
4888,59369,non-attack
4889,59370,non-attack
4890,59371,non-attack
4891,59372,Impact
4892,59373,non-attack
4893,59374,non-attack
4894,59375,Impact
4895,59376,non-attack
4896,59377,non-attack
4897,59378,non-attack
4898,59379,non-attack
4899,59380,Impact
4900,59381,non-attack
4901,59382,non-attack
4902,59383,non-attack
4903,59384,non-attack
4904,59385,non-attack
4905,59386,non-attack
4906,59387,non-attack
4907,59388,non-attack
4908,59389,non-attack
4909,59390,non-attack
4910,59391,non-attack
4911,59392,non-attack
4912,59393,non-attack
4913,59394,non-attack
4914,59395,non-attack
4915,59396,non-attack
4916,59397,non-attack
4917,59398,non-attack
4918,59399,non-attack
4919,59400,non-attack
4920,59401,non-attack
4921,59402,non-attack
4922,59403,non-attack
4923,59404,Impact
4924,59405,non-attack
4925,59406,non-attack
4926,59407,non-attack
4927,59408,non-attack
4928,59409,non-attack
4929,59410,non-attack
4930,59411,non-attack
4931,59412,non-attack
4932,59413,non-attack
4933,59414,non-attack
4934,59415,non-attack
4935,59416,non-attack
4936,59417,non-attack
4937,59418,non-attack
4938,59419,non-attack
4939,59420,non-attack
4940,59421,non-attack
4941,59422,non-attack
4942,59423,non-attack
4943,59424,non-attack
4944,59425,Impact
4945,59426,non-attack
4946,59427,non-attack
4947,59428,non-attack
4948,59429,non-attack
4949,59430,non-attack
4950,59431,non-attack
4951,59432,non-attack
4952,59433,non-attack
4953,59434,non-attack
4954,59435,Reconnaissance
4955,59436,non-attack
4956,59437,non-attack
4957,59438,non-attack
4958,59439,non-attack
4959,59440,Impact
4960,59441,non-attack
4961,59442,non-attack
4962,59443,non-attack
4963,59444,non-attack
4964,59445,non-attack
4965,59446,non-attack
4966,59447,non-attack
4967,59448,Impact
4968,59449,Impact
4969,59450,Impact
4970,59451,non-attack
4971,59452,non-attack
4972,59453,non-attack
4973,59454,Impact
4974,59455,Impact
4975,59456,non-attack
4976,59457,Impact
4977,59458,Impact
4978,59459,non-attack
4979,59460,Impact
4980,59461,non-attack
4981,59462,non-attack
4982,59463,non-attack
4983,59464,non-attack
4984,59465,non-attack
4985,59466,Impact
4986,59467,non-attack
4987,59468,non-attack
4988,59469,non-attack
4989,59470,non-attack
4990,59471,non-attack
4991,59472,Impact
4992,59473,Reconnaissance
4993,59474,Impact
4994,59475,Impact
4995,59476,non-attack
4996,59477,non-attack
4997,59478,non-attack
4998,59479,non-attack
4999,59480,non-attack
5000,59481,non-attack
5001,59482,Impact
5002,59483,non-attack
5003,59484,non-attack
5004,59485,non-attack
5005,59486,non-attack
5006,59487,non-attack
5007,59488,non-attack
5008,59489,non-attack
5009,59490,non-attack
5010,59491,non-attack
5011,59492,non-attack
5012,59493,Impact
5013,59494,non-attack
5014,59495,non-attack
5015,59496,non-attack
5016,59497,non-attack
5017,59498,Impact
5018,59499,non-attack
5019,59500,non-attack
5020,59501,non-attack
5021,59502,non-attack
5022,59503,non-attack
5023,59504,non-attack
5024,59505,non-attack
5025,59506,non-attack
5026,59507,non-attack
5027,59508,non-attack
5028,59509,non-attack
5029,59510,non-attack
5030,59511,non-attack
5031,59512,non-attack
5032,59513,non-attack
5033,59514,non-attack
5034,59515,non-attack
5035,59516,non-attack
5036,59517,non-attack
5037,59518,non-attack
5038,59519,non-attack
5039,59520,non-attack
5040,59521,non-attack
5041,59522,non-attack
5042,59523,non-attack
5043,59524,non-attack
5044,59525,non-attack
5045,59526,non-attack
5046,59527,Impact
5047,59528,non-attack
5048,59529,Impact
5049,59530,non-attack
5050,59531,non-attack
5051,59532,non-attack
5052,59533,non-attack
5053,59534,non-attack
5054,59535,non-attack
5055,59536,non-attack
5056,59537,non-attack
5057,59538,Reconnaissance
5058,59539,non-attack
5059,59540,non-attack
5060,59541,non-attack
5061,59542,Impact
5062,59543,non-attack
5063,59544,non-attack
5064,59545,non-attack
5065,59546,non-attack
5066,59547,Impact
5067,59548,non-attack
5068,59549,non-attack
5069,59550,non-attack
5070,59551,non-attack
5071,59552,non-attack
5072,59553,non-attack
5073,59554,non-attack
5074,59555,non-attack
5075,59556,non-attack
5076,59557,non-attack
5077,59558,non-attack
5078,59559,non-attack
5079,59560,non-attack
5080,59561,non-attack
5081,59562,non-attack
5082,59563,non-attack
5083,59564,non-attack
5084,59565,non-attack
5085,59566,non-attack
5086,59567,non-attack
5087,59568,non-attack
5088,59569,non-attack
5089,59570,non-attack
5090,59571,Impact
5091,59572,Impact
5092,59573,non-attack
5093,59574,non-attack
5094,59575,non-attack
5095,59576,non-attack
5096,59577,non-attack
5097,59578,non-attack
5098,59579,non-attack
5099,59580,non-attack
5100,59581,non-attack
5101,59582,non-attack
5102,59583,non-attack
5103,59584,non-attack
5104,59585,non-attack
5105,59586,non-attack
5106,59587,non-attack
5107,59588,Impact
5108,59589,non-attack
5109,59590,non-attack
5110,59591,non-attack
5111,59592,Impact
5112,59593,non-attack
5113,59594,non-attack
5114,59595,non-attack
5115,59596,non-attack
5116,59597,Impact
5117,59598,non-attack
5118,59599,non-attack
5119,59600,non-attack
5120,59601,non-attack
5121,59602,non-attack
5122,59603,non-attack
5123,59604,non-attack
5124,59605,non-attack
5125,59606,non-attack
5126,59607,non-attack
5127,59608,non-attack
5128,59609,non-attack
5129,59610,non-attack
5130,59611,non-attack
5131,59612,Impact
5132,59613,non-attack
5133,59614,non-attack
5134,59615,non-attack
5135,59616,Impact
5136,59617,non-attack
5137,59618,non-attack
5138,59619,non-attack
5139,59620,non-attack
5140,59621,non-attack
5141,59622,non-attack
5142,59623,non-attack
5143,59624,non-attack
5144,59625,non-attack
5145,59626,non-attack
5146,59627,non-attack
5147,59628,non-attack
5148,59629,non-attack
5149,59630,non-attack
5150,59631,non-attack
5151,59632,non-attack
5152,59633,non-attack
5153,59634,non-attack
5154,59635,non-attack
5155,59636,non-attack
5156,59637,non-attack
5157,59638,non-attack
5158,59639,non-attack
5159,59640,non-attack
5160,59641,non-attack
5161,59642,non-attack
5162,59643,non-attack
5163,59644,non-attack
5164,59645,non-attack
5165,59646,non-attack
5166,59647,non-attack
5167,59648,non-attack
5168,59649,non-attack
5169,59650,non-attack
5170,59651,non-attack
5171,59652,non-attack
5172,59653,non-attack
5173,59654,Impact
5174,59655,non-attack
5175,59656,non-attack
5176,59657,non-attack
5177,59658,non-attack
5178,59659,non-attack
5179,59660,non-attack
5180,59661,non-attack
5181,59662,non-attack
5182,59663,non-attack
5183,59664,non-attack
5184,59665,non-attack
5185,59666,non-attack
5186,59667,non-attack
5187,59668,non-attack
5188,59669,non-attack
5189,59670,non-attack
5190,59671,Impact
5191,59672,non-attack
5192,59673,non-attack
5193,59674,non-attack
5194,59675,non-attack
5195,59676,non-attack
5196,59677,non-attack
5197,59678,non-attack
5198,59679,non-attack
5199,59680,non-attack
5200,59681,non-attack
5201,59682,non-attack
5202,59683,non-attack
5203,59684,non-attack
5204,59685,non-attack
5205,59686,non-attack
5206,59687,non-attack
5207,59688,non-attack
5208,59689,non-attack
5209,59690,non-attack
5210,59691,non-attack
5211,59692,non-attack
5212,59693,non-attack
5213,59694,non-attack
5214,59695,non-attack
5215,59696,non-attack
5216,59697,non-attack
5217,59698,non-attack
5218,59699,non-attack
5219,59700,non-attack
5220,59701,non-attack
5221,59702,non-attack
5222,59703,non-attack
5223,59704,non-attack
5224,59705,non-attack
5225,59706,non-attack
5226,59707,non-attack
5227,59708,non-attack
5228,59709,non-attack
5229,59710,non-attack
5230,59711,non-attack
5231,59712,non-attack
5232,59713,non-attack
5233,59714,Impact
5234,59715,non-attack
5235,59716,non-attack
5236,59717,non-attack
5237,59718,non-attack
5238,59719,non-attack
5239,59720,Impact
5240,59721,non-attack
5241,59722,non-attack
5242,59723,non-attack
5243,59724,non-attack
5244,59725,non-attack
5245,59726,non-attack
5246,59727,non-attack
5247,59728,non-attack
5248,59729,non-attack
5249,59730,non-attack
5250,59731,non-attack
5251,59732,non-attack
5252,59733,non-attack
5253,59734,non-attack
5254,59735,non-attack
5255,59736,non-attack
5256,59737,non-attack
5257,59738,Impact
5258,59739,non-attack
5259,59740,non-attack
5260,59741,Impact
5261,59742,non-attack
5262,59743,non-attack
5263,59744,non-attack
5264,59745,non-attack
5265,59746,non-attack
5266,59747,non-attack
5267,59748,non-attack
5268,59749,Impact
5269,59750,non-attack
5270,59751,non-attack
5271,59752,non-attack
5272,59753,non-attack
5273,59754,non-attack
5274,59755,non-attack
5275,59756,non-attack
5276,59757,Impact
5277,59758,non-attack
5278,59759,non-attack
5279,59760,non-attack
5280,59761,non-attack
5281,59762,non-attack
5282,59763,non-attack
5283,59764,non-attack
5284,59765,non-attack
5285,59766,non-attack
5286,59767,non-attack
5287,59768,non-attack
5288,59769,non-attack
5289,59770,non-attack
5290,59771,non-attack
5291,59772,non-attack
5292,59773,non-attack
5293,59774,non-attack
5294,59775,Impact
5295,59776,Impact
5296,59777,non-attack
5297,59778,non-attack
5298,59779,non-attack
5299,59780,Impact
5300,59781,non-attack
5301,59782,non-attack
5302,59783,non-attack
5303,59784,non-attack
5304,59785,non-attack
5305,59786,Impact
5306,59787,non-attack
5307,59788,non-attack
5308,59789,non-attack
5309,59790,Impact
5310,59791,non-attack
5311,59792,non-attack
5312,59793,non-attack
5313,59794,non-attack
5314,59795,Impact
5315,59796,non-attack
5316,59797,non-attack
5317,59798,non-attack
5318,59799,non-attack
5319,59800,non-attack
5320,59801,non-attack
5321,59802,non-attack
5322,59803,non-attack
5323,59804,non-attack
5324,59805,non-attack
5325,59806,non-attack
5326,59807,non-attack
5327,59808,non-attack
5328,59809,non-attack
5329,59810,non-attack
5330,59811,non-attack
5331,59812,non-attack
5332,59813,non-attack
5333,59814,non-attack
5334,59815,non-attack
5335,59816,non-attack
5336,59817,non-attack
5337,59818,non-attack
5338,59819,non-attack
5339,59820,non-attack
5340,59821,non-attack
5341,59822,Reconnaissance
5342,59823,non-attack
5343,59824,non-attack
5344,59825,non-attack
5345,59826,non-attack
5346,59827,non-attack
5347,59828,non-attack
5348,59829,non-attack
5349,59830,Impact
5350,59831,non-attack
5351,59832,non-attack
5352,59833,non-attack
5353,59834,non-attack
5354,59835,non-attack
5355,59836,non-attack
5356,59837,non-attack
5357,59838,non-attack
5358,59839,non-attack
5359,59840,non-attack
5360,59841,non-attack
5361,59842,non-attack
5362,59843,non-attack
5363,59844,non-attack
5364,59845,non-attack
5365,59846,Impact
5366,59847,non-attack
5367,59848,non-attack
5368,59849,non-attack
5369,59850,non-attack
5370,59851,non-attack
5371,59852,non-attack
5372,59853,non-attack
5373,59854,non-attack
5374,59855,non-attack
5375,59856,non-attack
5376,59857,non-attack
5377,59858,non-attack
5378,59859,non-attack
5379,59860,non-attack
5380,59861,non-attack
5381,59862,non-attack
5382,59863,Impact
5383,59864,non-attack
5384,59865,non-attack
5385,59866,non-attack
5386,59867,non-attack
5387,59868,non-attack
5388,59869,non-attack
5389,59870,non-attack
5390,59871,non-attack
5391,59872,non-attack
5392,59873,non-attack
5393,59874,non-attack
5394,59875,non-attack
5395,59876,non-attack
5396,59877,non-attack
5397,59878,non-attack
5398,59879,non-attack
5399,59880,non-attack
5400,59881,non-attack
5401,59882,non-attack
5402,59883,non-attack
5403,59884,non-attack
5404,59885,non-attack
5405,59886,non-attack
5406,59887,non-attack
5407,59888,non-attack
5408,59889,non-attack
5409,59890,non-attack
5410,59891,non-attack
5411,59892,non-attack
5412,59893,non-attack
5413,59894,non-attack
5414,59895,non-attack
5415,59896,non-attack
5416,59897,non-attack
5417,59898,non-attack
5418,59899,non-attack
5419,59900,non-attack
5420,59901,non-attack
5421,59902,non-attack
5422,59903,non-attack
5423,59904,non-attack
5424,59905,non-attack
5425,59906,non-attack
5426,59907,non-attack
5427,59908,non-attack
5428,59909,non-attack
5429,59910,Impact
5430,59911,Impact
5431,59912,non-attack
5432,59913,non-attack
5433,59914,non-attack
5434,59915,non-attack
5435,59916,non-attack
5436,59917,non-attack
5437,59918,Reconnaissance
5438,59919,non-attack
5439,59920,non-attack
5440,59921,non-attack
5441,59922,non-attack
5442,59923,non-attack
5443,59924,non-attack
5444,59925,non-attack
5445,59926,Impact
5446,59927,non-attack
5447,59928,non-attack
5448,59929,non-attack
5449,59930,non-attack
5450,59931,non-attack
5451,59932,non-attack
5452,59933,non-attack
5453,59934,non-attack
5454,59935,Impact
5455,59936,non-attack
5456,59937,Impact
5457,59938,Reconnaissance
5458,59939,non-attack
5459,59940,non-attack
5460,59941,non-attack
5461,59942,non-attack
5462,59943,non-attack
5463,59944,Impact
5464,59945,non-attack
5465,59946,non-attack
5466,59947,non-attack
5467,59948,non-attack
5468,59949,non-attack
5469,59950,non-attack
5470,59951,non-attack
5471,59952,non-attack
5472,59953,non-attack
5473,59954,non-attack
5474,59955,non-attack
5475,59956,non-attack
5476,59957,non-attack
5477,59958,non-attack
5478,59959,non-attack
5479,59960,non-attack
5480,59961,non-attack
5481,59962,non-attack
5482,59963,non-attack
5483,59964,non-attack
5484,59965,non-attack
5485,59966,non-attack
5486,59967,non-attack
5487,59968,non-attack
5488,59969,non-attack
5489,59970,Impact
5490,59971,non-attack
5491,59972,non-attack
5492,59973,non-attack
5493,59974,non-attack
5494,59975,non-attack
5495,59976,non-attack
5496,59977,non-attack
5497,59978,non-attack
5498,59979,non-attack
5499,59980,non-attack
5500,59981,non-attack
5501,59982,non-attack
5502,59983,non-attack
5503,59984,non-attack
5504,59985,non-attack
5505,59986,Impact
5506,59987,non-attack
5507,59988,non-attack
5508,59989,non-attack
5509,59990,non-attack
5510,59991,non-attack
5511,59992,non-attack
5512,59993,non-attack
5513,59994,non-attack
5514,59995,non-attack
5515,59996,non-attack
5516,59997,non-attack
5517,59998,non-attack
5518,59999,non-attack
5519,60000,non-attack
5520,60001,non-attack
5521,60002,non-attack
5522,60003,non-attack
5523,60004,non-attack
5524,60005,non-attack
5525,60006,Impact
5526,60007,non-attack
5527,60008,non-attack
5528,60009,non-attack
5529,60010,non-attack
5530,60011,non-attack
5531,60012,non-attack
5532,60013,non-attack
5533,60014,non-attack
5534,60015,non-attack
5535,60016,non-attack
5536,60017,non-attack
5537,60018,non-attack
5538,60019,non-attack
5539,60020,non-attack
5540,60021,non-attack
5541,60022,non-attack
5542,60023,non-attack
5543,60024,non-attack
5544,60025,non-attack
5545,60026,non-attack
5546,60027,non-attack
5547,60028,non-attack
5548,60029,non-attack
5549,60030,non-attack
5550,60031,non-attack
5551,60032,non-attack
5552,60033,non-attack
5553,60034,non-attack
5554,60035,non-attack
5555,60036,non-attack
5556,60037,non-attack
5557,60038,non-attack
5558,60039,non-attack
5559,60040,non-attack
5560,60041,non-attack
5561,60042,non-attack
5562,60043,non-attack
5563,60044,non-attack
5564,60045,non-attack
5565,60046,non-attack
5566,60047,non-attack
5567,60048,non-attack
5568,60049,non-attack
5569,60050,non-attack
5570,60051,non-attack
5571,60052,non-attack
5572,60053,non-attack
5573,60054,non-attack
5574,60055,non-attack
5575,60056,non-attack
5576,60057,non-attack
5577,60058,non-attack
5578,60059,non-attack
5579,60060,non-attack
5580,60061,Impact
5581,60062,non-attack
5582,60063,non-attack
5583,60064,non-attack
5584,60065,non-attack
5585,60066,non-attack
5586,60067,Impact
5587,60068,non-attack
5588,60069,non-attack
5589,60070,non-attack
5590,60071,non-attack
5591,60072,non-attack
5592,60073,non-attack
5593,60074,non-attack
5594,60075,non-attack
5595,60076,non-attack
5596,60077,non-attack
5597,60078,non-attack
5598,60079,Impact
5599,60080,non-attack
5600,60081,non-attack
5601,60082,non-attack
5602,60083,non-attack
5603,60084,non-attack
5604,60085,non-attack
5605,60086,non-attack
5606,60087,non-attack
5607,60088,non-attack
5608,60089,non-attack
5609,60090,non-attack
5610,60091,non-attack
5611,60092,non-attack
5612,60093,non-attack
5613,60094,non-attack
5614,60095,non-attack
5615,60096,non-attack
5616,60097,non-attack
5617,60098,non-attack
5618,60099,non-attack
5619,60100,Impact
5620,60101,non-attack
5621,60102,non-attack
5622,60103,non-attack
5623,60104,non-attack
5624,60105,non-attack
5625,60106,non-attack
5626,60107,non-attack
5627,60108,non-attack
5628,60109,non-attack
5629,60110,non-attack
5630,60111,non-attack
5631,60112,non-attack
5632,60113,non-attack
5633,60114,non-attack
5634,60115,non-attack
5635,60116,non-attack
5636,60117,non-attack
5637,60118,non-attack
5638,60119,non-attack
5639,60120,non-attack
5640,60121,non-attack
5641,60122,non-attack
5642,60123,non-attack
5643,60124,non-attack
5644,60125,non-attack
5645,60126,non-attack
5646,60127,non-attack
5647,60128,non-attack
5648,60129,non-attack
5649,60130,non-attack
5650,60131,non-attack
5651,60132,non-attack
5652,60133,non-attack
5653,60134,non-attack
5654,60135,non-attack
5655,60136,non-attack
5656,60137,non-attack
5657,60138,non-attack
5658,60139,non-attack
5659,60140,non-attack
5660,60141,non-attack
5661,60142,non-attack
5662,60143,non-attack
5663,60144,non-attack
5664,60145,non-attack
5665,60146,non-attack
5666,60147,non-attack
5667,60148,non-attack
5668,60149,non-attack
5669,60150,non-attack
5670,60151,non-attack
5671,60152,Impact
5672,60153,non-attack
5673,60154,non-attack
5674,60155,non-attack
5675,60156,non-attack
5676,60157,non-attack
5677,60158,non-attack
5678,60159,non-attack
5679,60160,non-attack
5680,60161,non-attack
5681,60162,non-attack
5682,60163,non-attack
5683,60164,non-attack
5684,60165,non-attack
5685,60166,non-attack
5686,60167,non-attack
5687,60168,Impact
5688,60169,non-attack
5689,60170,non-attack
5690,60171,non-attack
5691,60172,non-attack
5692,60173,non-attack
5693,60174,non-attack
5694,60175,non-attack
5695,60176,non-attack
5696,60177,non-attack
5697,60178,non-attack
5698,60179,non-attack
5699,60180,Impact
5700,60181,non-attack
5701,60182,non-attack
5702,60183,non-attack
5703,60184,non-attack
5704,60185,non-attack
5705,60186,non-attack
5706,60187,non-attack
5707,60188,non-attack
5708,60189,non-attack
5709,60190,non-attack
5710,60191,non-attack
5711,60192,non-attack
5712,60193,non-attack
5713,60194,non-attack
5714,60195,non-attack
5715,60196,non-attack
5716,60197,Impact
5717,60198,non-attack
5718,60199,Impact
5719,60200,non-attack
5720,60201,non-attack
5721,60202,non-attack
5722,60203,non-attack
5723,60204,non-attack
5724,60205,non-attack
5725,60206,non-attack
5726,60207,non-attack
5727,60208,non-attack
5728,60209,non-attack
5729,60210,non-attack
5730,60211,non-attack
5731,60212,non-attack
5732,60213,non-attack
5733,60214,non-attack
5734,60215,non-attack
5735,60216,non-attack
5736,60217,non-attack
5737,60218,non-attack
5738,60219,non-attack
5739,60220,non-attack
5740,60221,non-attack
5741,60222,non-attack
5742,60223,Impact
5743,60224,non-attack
5744,60225,non-attack
5745,60226,non-attack
5746,60227,non-attack
5747,60228,non-attack
5748,60229,non-attack
5749,60230,non-attack
5750,60231,non-attack
5751,60232,non-attack
5752,60233,non-attack
5753,60234,non-attack
5754,60235,non-attack
5755,60236,non-attack
5756,60237,non-attack
5757,60238,non-attack
5758,60239,non-attack
5759,60240,non-attack
5760,60241,non-attack
5761,60242,non-attack
5762,60243,non-attack
5763,60244,non-attack
5764,60245,non-attack
5765,60246,non-attack
5766,60247,non-attack
5767,60248,Impact
5768,60249,Impact
5769,60250,non-attack
5770,60251,non-attack
5771,60252,non-attack
5772,60253,non-attack
5773,60254,non-attack
5774,60255,non-attack
5775,60256,non-attack
5776,60257,non-attack
5777,60258,non-attack
5778,60259,non-attack
5779,60260,non-attack
5780,60261,non-attack
5781,60262,non-attack
5782,60263,Impact
5783,60264,non-attack
5784,60265,non-attack
5785,60266,non-attack
5786,60267,non-attack
5787,60268,non-attack
5788,60269,non-attack
5789,60270,non-attack
5790,60271,non-attack
5791,60272,non-attack
5792,60273,non-attack
5793,60274,non-attack
5794,60275,non-attack
5795,60276,non-attack
5796,60277,non-attack
5797,60278,non-attack
5798,60279,non-attack
5799,60280,non-attack
5800,60281,non-attack
5801,60282,non-attack
5802,60283,non-attack
5803,60284,non-attack
5804,60285,non-attack
5805,60286,non-attack
5806,60287,non-attack
5807,60288,non-attack
5808,60289,non-attack
5809,60290,non-attack
5810,60291,non-attack
5811,60292,non-attack
5812,60293,non-attack
5813,60294,non-attack
5814,60295,non-attack
5815,60296,non-attack
5816,60297,non-attack
5817,60298,non-attack
5818,60299,non-attack
5819,60300,non-attack
5820,60301,non-attack
5821,60302,non-attack
5822,60303,non-attack
5823,60304,non-attack
5824,60305,non-attack
5825,60306,non-attack
5826,60307,non-attack
5827,60308,non-attack
5828,60309,non-attack
5829,60310,non-attack
5830,60311,non-attack
5831,60312,non-attack
5832,60313,non-attack
5833,60314,non-attack
5834,60315,non-attack
5835,60316,non-attack
5836,60317,non-attack
5837,60318,non-attack
5838,60319,non-attack
5839,60320,non-attack
5840,60321,non-attack
5841,60322,non-attack
5842,60323,non-attack
5843,60324,non-attack
5844,60325,non-attack
5845,60326,non-attack
5846,60327,non-attack
5847,60328,non-attack
5848,60329,non-attack
5849,60330,non-attack
5850,60331,non-attack
5851,60332,non-attack
5852,60333,non-attack
5853,60334,non-attack
5854,60335,non-attack
5855,60336,non-attack
5856,60337,non-attack
5857,60338,non-attack
5858,60339,non-attack
5859,60340,non-attack
5860,60341,non-attack
5861,60342,non-attack
5862,60343,non-attack
5863,60344,non-attack
5864,60345,non-attack
5865,60346,non-attack
5866,60347,non-attack
5867,60348,non-attack
5868,60349,non-attack
5869,60350,non-attack
5870,60351,non-attack
5871,60352,non-attack
5872,60353,non-attack
5873,60354,Impact
5874,60355,non-attack
5875,60356,non-attack
5876,60357,non-attack
5877,60358,non-attack
5878,60359,non-attack
5879,60360,non-attack
5880,60361,non-attack
5881,60362,non-attack
5882,60363,non-attack
5883,60364,non-attack
5884,60365,non-attack
5885,60366,non-attack
5886,60367,non-attack
5887,60368,non-attack
5888,60369,non-attack
5889,60370,non-attack
5890,60371,non-attack
5891,60372,non-attack
5892,60373,non-attack
5893,60374,non-attack
5894,60375,non-attack
5895,60376,non-attack
5896,60377,non-attack
5897,60378,non-attack
5898,60379,non-attack
5899,60380,non-attack
5900,60381,non-attack
5901,60382,non-attack
5902,60383,non-attack
5903,60384,non-attack
5904,60385,non-attack
5905,60386,non-attack
5906,60387,non-attack
5907,60388,non-attack
5908,60389,non-attack
5909,60390,non-attack
5910,60391,non-attack
5911,60392,non-attack
5912,60393,non-attack
5913,60394,non-attack
5914,60395,non-attack
5915,60396,non-attack
5916,60397,non-attack
5917,60398,non-attack
5918,60399,non-attack
5919,60400,non-attack
5920,60401,non-attack
5921,60402,non-attack
5922,60403,non-attack
5923,60404,non-attack
5924,60405,non-attack
5925,60406,non-attack
5926,60407,non-attack
5927,60408,non-attack
5928,60409,non-attack
5929,60410,non-attack
5930,60411,non-attack
5931,60412,non-attack
5932,60413,Impact
5933,60414,non-attack
5934,60415,non-attack
5935,60416,non-attack
5936,60417,non-attack
5937,60418,non-attack
5938,60419,non-attack
5939,60420,non-attack
5940,60421,non-attack
5941,60422,non-attack
5942,60423,non-attack
5943,60424,non-attack
5944,60425,non-attack
5945,60426,non-attack
5946,60427,non-attack
5947,60428,non-attack
5948,60429,non-attack
5949,60430,non-attack
5950,60431,non-attack
5951,60432,non-attack
5952,60433,non-attack
5953,60434,non-attack
5954,60435,non-attack
5955,60436,Impact
5956,60437,non-attack
5957,60438,non-attack
5958,60439,Impact
5959,60440,non-attack
5960,60441,non-attack
5961,60442,non-attack
5962,60443,non-attack
5963,60444,non-attack
5964,60445,non-attack
5965,60446,non-attack
5966,60447,non-attack
5967,60448,non-attack
5968,60449,non-attack
5969,60450,non-attack
5970,60451,non-attack
5971,60452,non-attack
5972,60453,non-attack
5973,60454,non-attack
5974,60455,non-attack
5975,60456,Impact
5976,60457,non-attack
5977,60458,non-attack
5978,60459,non-attack
5979,60460,non-attack
5980,60461,non-attack
5981,60462,non-attack
5982,60463,non-attack
5983,60464,non-attack
5984,60465,non-attack
5985,60466,non-attack
5986,60467,non-attack
5987,60468,non-attack
5988,60469,non-attack
5989,60470,non-attack
5990,60471,non-attack
5991,60472,non-attack
5992,60473,non-attack
5993,60474,non-attack
5994,60475,non-attack
5995,60476,non-attack
5996,60477,non-attack
5997,60478,non-attack
5998,60479,non-attack
5999,60480,non-attack
6000,60481,non-attack
6001,60482,non-attack
6002,60483,non-attack
6003,60484,non-attack
6004,60485,non-attack
6005,60486,non-attack
6006,60487,non-attack
6007,60488,non-attack
6008,60489,non-attack
6009,60490,non-attack
6010,60491,non-attack
6011,60492,non-attack
6012,60493,non-attack
6013,60494,non-attack
6014,60495,Impact
6015,60496,non-attack
6016,60497,non-attack
6017,60498,non-attack
6018,60499,non-attack
6019,60500,non-attack
6020,60501,non-attack
6021,60502,non-attack
6022,60503,non-attack
6023,60504,non-attack
6024,60505,non-attack
6025,60506,non-attack
6026,60507,non-attack
6027,60508,non-attack
6028,60509,non-attack
6029,60510,non-attack
6030,60511,non-attack
6031,60512,non-attack
6032,60513,Impact
6033,60514,non-attack
6034,60515,non-attack
6035,60516,non-attack
6036,60517,non-attack
6037,60518,non-attack
6038,60519,non-attack
6039,60520,non-attack
6040,60521,non-attack
6041,60522,non-attack
6042,60523,non-attack
6043,60524,non-attack
6044,60525,non-attack
6045,60526,non-attack
6046,60527,non-attack
6047,60528,non-attack
6048,60529,non-attack
6049,60530,Impact
6050,60531,non-attack
6051,60532,non-attack
6052,60533,non-attack
6053,60534,non-attack
6054,60535,non-attack
6055,60536,non-attack
6056,60537,non-attack
6057,60538,non-attack
6058,60539,non-attack
6059,60540,non-attack
6060,60541,non-attack
6061,60542,non-attack
6062,60543,non-attack
6063,60544,non-attack
6064,60545,non-attack
6065,60546,non-attack
6066,60547,non-attack
6067,60548,non-attack
6068,60549,Impact
6069,60550,non-attack
6070,60551,non-attack
6071,60552,non-attack
6072,60553,non-attack
6073,60554,non-attack
6074,60555,non-attack
6075,60556,non-attack
6076,60557,non-attack
6077,60558,non-attack
6078,60559,non-attack
6079,60560,non-attack
6080,60561,non-attack
6081,60562,non-attack
6082,60563,non-attack
6083,60564,Impact
6084,60565,non-attack
6085,60566,non-attack
6086,60567,non-attack
6087,60568,non-attack
6088,60569,non-attack
6089,60570,non-attack
6090,60571,non-attack
6091,60572,non-attack
6092,60573,non-attack
6093,60574,non-attack
6094,60575,non-attack
6095,60576,non-attack
6096,60577,non-attack
6097,60578,non-attack
6098,60579,non-attack
6099,60580,non-attack
6100,60581,non-attack
6101,60582,non-attack
6102,60583,non-attack
6103,60584,non-attack
6104,60585,non-attack
6105,60586,non-attack
6106,60587,non-attack
6107,60588,non-attack
6108,60589,non-attack
6109,60590,non-attack
6110,60591,non-attack
6111,60592,non-attack
6112,60593,non-attack
6113,60594,non-attack
6114,60595,non-attack
6115,60596,non-attack
6116,60597,non-attack
6117,60598,non-attack
6118,60599,non-attack
6119,60600,non-attack
6120,60601,non-attack
6121,60602,non-attack
6122,60603,non-attack
6123,60604,non-attack
6124,60605,non-attack
6125,60606,non-attack
6126,60607,non-attack
6127,60608,non-attack
6128,60609,non-attack
6129,60610,non-attack
6130,60611,non-attack
6131,60612,non-attack
6132,60613,non-attack
6133,60614,non-attack
6134,60615,Impact
6135,60616,non-attack
6136,60617,non-attack
6137,60618,non-attack
6138,60619,non-attack
6139,60620,non-attack
6140,60621,non-attack
6141,60622,non-attack
6142,60623,non-attack
6143,60624,non-attack
6144,60625,non-attack
6145,60626,non-attack
6146,60627,non-attack
6147,60628,non-attack
6148,60629,non-attack
6149,60630,non-attack
6150,60631,non-attack
6151,60632,non-attack
6152,60633,non-attack
6153,60634,non-attack
6154,60635,non-attack
6155,60636,non-attack
6156,60637,non-attack
6157,60638,non-attack
6158,60639,non-attack
6159,60640,Impact
6160,60641,Reconnaissance
6161,60642,non-attack
6162,60643,non-attack
6163,60644,non-attack
6164,60645,non-attack
6165,60646,non-attack
6166,60647,non-attack
6167,60648,non-attack
6168,60649,non-attack
6169,60650,non-attack
6170,60651,non-attack
6171,60652,non-attack
6172,60653,non-attack
6173,60654,non-attack
6174,60655,non-attack
6175,60656,non-attack
6176,60657,non-attack
6177,60658,non-attack
6178,60659,non-attack
6179,60660,non-attack
6180,60661,non-attack
6181,60662,non-attack
6182,60663,non-attack
6183,60664,non-attack
6184,60665,non-attack
6185,60666,non-attack
6186,60667,non-attack
6187,60668,non-attack
6188,60669,non-attack
6189,60670,non-attack
6190,60671,non-attack
6191,60672,non-attack
6192,60673,non-attack
6193,60674,non-attack
6194,60675,non-attack
6195,60676,non-attack
6196,60677,non-attack
6197,60678,non-attack
6198,60679,non-attack
6199,60680,non-attack
6200,60681,non-attack
6201,60682,non-attack
6202,60683,non-attack
6203,60684,non-attack
6204,60685,non-attack
6205,60686,non-attack
6206,60687,non-attack
6207,60688,non-attack
6208,60689,non-attack
6209,60690,non-attack
6210,60691,non-attack
6211,60692,non-attack
6212,60693,non-attack
6213,60694,non-attack
6214,60695,non-attack
6215,60696,non-attack
6216,60697,non-attack
6217,60698,non-attack
6218,60699,non-attack
6219,60700,non-attack
6220,60701,non-attack
6221,60702,non-attack
6222,60703,non-attack
6223,60704,non-attack
6224,60705,non-attack
6225,60706,non-attack
6226,60707,non-attack
6227,60708,non-attack
6228,60709,non-attack
6229,60710,non-attack
6230,60711,non-attack
6231,60712,non-attack
6232,60713,non-attack
6233,60714,non-attack
6234,60715,non-attack
6235,60716,non-attack
6236,60717,non-attack
6237,60718,non-attack
6238,60719,Impact
6239,60720,non-attack
6240,60721,non-attack
6241,60722,non-attack
6242,60723,non-attack
6243,60724,non-attack
6244,60725,non-attack
6245,60726,non-attack
6246,60727,non-attack
6247,60728,Impact
6248,60729,non-attack
6249,60730,non-attack
6250,60731,non-attack
6251,60732,non-attack
6252,60733,non-attack
6253,60734,non-attack
6254,60735,non-attack
6255,60736,non-attack
6256,60737,non-attack
6257,60738,non-attack
6258,60739,non-attack
6259,60740,non-attack
6260,60741,non-attack
6261,60742,non-attack
6262,60743,non-attack
6263,60744,non-attack
6264,60745,non-attack
6265,60746,non-attack
6266,60747,non-attack
6267,60748,Impact
6268,60749,non-attack
6269,60750,non-attack
6270,60751,non-attack
6271,60752,non-attack
6272,60753,non-attack
6273,60754,non-attack
6274,60755,non-attack
6275,60756,non-attack
6276,60757,non-attack
6277,60758,non-attack
6278,60759,non-attack
6279,60760,non-attack
6280,60761,non-attack
6281,60762,non-attack
6282,60763,non-attack
6283,60764,non-attack
6284,60765,non-attack
6285,60766,non-attack
6286,60767,non-attack
6287,60768,non-attack
6288,60769,non-attack
6289,60770,non-attack
6290,60771,non-attack
6291,60772,non-attack
6292,60773,non-attack
6293,60774,non-attack
6294,60775,non-attack
6295,60776,non-attack
6296,60777,non-attack
6297,60778,non-attack
6298,60779,non-attack
6299,60780,Impact
6300,60781,non-attack
6301,60782,non-attack
6302,60783,non-attack
6303,60784,non-attack
6304,60785,non-attack
6305,60786,non-attack
6306,60787,non-attack
6307,60788,non-attack
6308,60789,non-attack
6309,60790,non-attack
6310,60791,non-attack
6311,60792,non-attack
6312,60793,non-attack
6313,60794,non-attack
6314,60795,non-attack
6315,60796,non-attack
6316,60797,non-attack
6317,60798,non-attack
6318,60799,non-attack
6319,60800,non-attack
6320,60801,non-attack
6321,60802,non-attack
6322,60803,non-attack
6323,60804,non-attack
6324,60805,non-attack
6325,60806,non-attack
6326,60807,non-attack
6327,60808,non-attack
6328,60809,non-attack
6329,60810,non-attack
6330,60811,non-attack
6331,60812,non-attack
6332,60813,non-attack
6333,60814,non-attack
6334,60815,non-attack
6335,60816,non-attack
6336,60817,non-attack
6337,60818,non-attack
6338,60819,non-attack
6339,60820,non-attack
6340,60821,non-attack
6341,60822,non-attack
6342,60823,non-attack
6343,60824,non-attack
6344,60825,non-attack
6345,60826,non-attack
6346,60827,non-attack
6347,60828,non-attack
6348,60829,non-attack
6349,60830,non-attack
6350,60831,non-attack
6351,60832,non-attack
6352,60833,non-attack
6353,60834,non-attack
6354,60835,non-attack
6355,60836,non-attack
6356,60837,non-attack
6357,60838,non-attack
6358,60839,non-attack
6359,60840,non-attack
6360,60841,non-attack
6361,60842,non-attack
6362,60843,non-attack
6363,60844,non-attack
6364,60845,non-attack
6365,60846,non-attack
6366,60847,non-attack
6367,60848,non-attack
6368,60849,non-attack
6369,60850,non-attack
6370,60851,non-attack
6371,60852,non-attack
6372,60853,non-attack
6373,60854,non-attack
6374,60855,non-attack
6375,60856,non-attack
6376,60857,non-attack
6377,60858,non-attack
6378,60859,non-attack
6379,60860,non-attack
6380,60861,non-attack
6381,60862,non-attack
6382,60863,non-attack
6383,60864,non-attack
6384,60865,non-attack
6385,60866,non-attack
6386,60867,non-attack
6387,60868,non-attack
6388,60869,non-attack
6389,60870,non-attack
6390,60871,non-attack
6391,60872,non-attack
6392,60873,non-attack
6393,60874,non-attack
6394,60875,non-attack
6395,60876,non-attack
6396,60877,non-attack
6397,60878,non-attack
6398,60879,non-attack
6399,60880,non-attack
6400,60881,non-attack
6401,60882,non-attack
6402,60883,Impact
6403,60884,non-attack
6404,60885,non-attack
6405,60886,non-attack
6406,60887,non-attack
6407,60888,non-attack
6408,60889,non-attack
6409,60890,non-attack
6410,60891,non-attack
6411,60892,non-attack
6412,60893,non-attack
6413,60894,non-attack
6414,60895,non-attack
6415,60896,non-attack
6416,60897,non-attack
6417,60898,non-attack
6418,60899,non-attack
6419,60900,non-attack
6420,60901,non-attack
6421,60902,non-attack
6422,60903,non-attack
6423,60904,non-attack
6424,60905,non-attack
6425,60906,non-attack
6426,60907,non-attack
6427,60908,non-attack
6428,60909,non-attack
6429,60910,non-attack
6430,60911,non-attack
6431,60912,non-attack
6432,60913,non-attack
6433,60914,non-attack
6434,60915,non-attack
6435,60916,non-attack
6436,60917,non-attack
6437,60918,non-attack
6438,60919,non-attack
6439,60920,non-attack
6440,60921,non-attack
6441,60922,non-attack
6442,60923,non-attack
6443,60924,non-attack
6444,60925,non-attack
6445,60926,non-attack
6446,60927,non-attack
6447,60928,non-attack
6448,60929,non-attack
6449,60930,non-attack
6450,60931,Impact
6451,60932,Impact
6452,60933,non-attack
6453,60934,non-attack
6454,60935,non-attack
6455,60936,non-attack
6456,60937,non-attack
6457,60938,Impact
6458,60939,non-attack
6459,60940,non-attack
6460,60941,non-attack
6461,60942,non-attack
6462,60943,non-attack
6463,60944,non-attack
6464,60945,non-attack
6465,60946,non-attack
6466,60947,non-attack
6467,60948,non-attack
6468,60949,non-attack
6469,60950,non-attack
6470,60951,non-attack
6471,60952,non-attack
6472,60953,non-attack
6473,60954,non-attack
6474,60955,non-attack
6475,60956,non-attack
6476,60957,non-attack
6477,60958,non-attack
6478,60959,non-attack
6479,60960,non-attack
6480,60961,non-attack
6481,60962,non-attack
6482,60963,non-attack
6483,60964,non-attack
6484,60965,non-attack
6485,60966,non-attack
6486,60967,non-attack
6487,60968,non-attack
6488,60969,non-attack
6489,60970,non-attack
6490,60971,non-attack
6491,60972,non-attack
6492,60973,non-attack
6493,60974,non-attack
6494,60975,non-attack
6495,60976,non-attack
6496,60977,non-attack
6497,60978,non-attack
6498,60979,non-attack
6499,60980,non-attack
6500,60981,non-attack
6501,60982,non-attack
6502,60983,non-attack
6503,60984,non-attack
6504,60985,non-attack
6505,60986,non-attack
6506,60987,non-attack
6507,60988,non-attack
6508,60989,non-attack
6509,60990,non-attack
6510,60991,non-attack
6511,60992,non-attack
6512,60993,non-attack
6513,60994,non-attack
6514,60995,non-attack
6515,60996,non-attack
6516,60997,non-attack
6517,60998,non-attack
6518,60999,non-attack
6519,61000,non-attack
6520,61001,non-attack
6521,61002,non-attack
6522,61003,non-attack
6523,61004,non-attack
6524,61005,non-attack
6525,61006,non-attack
6526,61007,non-attack
6527,61008,non-attack
6528,61009,non-attack
6529,61010,non-attack
6530,61011,non-attack
6531,61012,Impact
6532,61013,Impact
6533,61014,non-attack
6534,61015,non-attack
6535,61016,non-attack
6536,61017,non-attack
6537,61018,non-attack
6538,61019,non-attack
6539,61020,non-attack
6540,61021,non-attack
6541,61022,non-attack
6542,61023,non-attack
6543,61024,non-attack
6544,61025,non-attack
6545,61026,Impact
6546,61027,non-attack
6547,61028,non-attack
6548,61029,non-attack
6549,61030,non-attack
6550,61031,non-attack
6551,61032,non-attack
6552,61033,non-attack
6553,61034,non-attack
6554,61035,non-attack
6555,61036,non-attack
6556,61037,non-attack
6557,61038,non-attack
6558,61039,non-attack
6559,61040,non-attack
6560,61041,non-attack
6561,61042,non-attack
6562,61043,non-attack
6563,61044,non-attack
6564,61045,Impact
6565,61046,non-attack
6566,61047,Impact
6567,61048,non-attack
6568,61049,non-attack
6569,61050,non-attack
6570,61051,non-attack
6571,61052,non-attack
6572,61053,Impact
6573,61054,non-attack
6574,61055,non-attack
6575,61056,non-attack
6576,61057,non-attack
6577,61058,non-attack
6578,61059,non-attack
6579,61060,non-attack
6580,61061,non-attack
6581,61062,non-attack
6582,61063,non-attack
6583,61064,non-attack
6584,61065,non-attack
6585,61066,non-attack
6586,61067,non-attack
6587,61068,non-attack
6588,61069,non-attack
6589,61070,non-attack
6590,61071,non-attack
6591,61072,non-attack
6592,61073,non-attack
6593,61074,non-attack
6594,61075,non-attack
6595,61076,non-attack
6596,61077,non-attack
6597,61078,non-attack
6598,61079,non-attack
6599,61080,non-attack
6600,61081,non-attack
6601,61082,non-attack
6602,61083,non-attack
6603,61084,non-attack
6604,61085,non-attack
6605,61086,non-attack
6606,61087,non-attack
6607,61088,non-attack
6608,61089,non-attack
6609,61090,non-attack
6610,61091,non-attack
6611,61092,non-attack
6612,61093,non-attack
6613,61094,non-attack
6614,61095,non-attack
6615,61096,non-attack
6616,61097,non-attack
6617,61098,non-attack
6618,61099,non-attack
6619,61100,non-attack
6620,61101,non-attack
6621,61102,non-attack
6622,61103,non-attack
6623,61104,non-attack
6624,61105,non-attack
6625,61106,non-attack
6626,61107,non-attack
6627,61108,non-attack
6628,61109,non-attack
6629,61110,non-attack
6630,61111,non-attack
6631,61112,non-attack
6632,61113,non-attack
6633,61114,non-attack
6634,61115,non-attack
6635,61116,non-attack
6636,61117,non-attack
6637,61118,non-attack
6638,61119,non-attack
6639,61120,non-attack
6640,61121,non-attack
6641,61122,non-attack
6642,61123,non-attack
6643,61124,non-attack
6644,61125,non-attack
6645,61126,non-attack
6646,61127,Impact
6647,61128,non-attack
6648,61129,non-attack
6649,61130,non-attack
6650,61131,non-attack
6651,61132,non-attack
6652,61133,non-attack
6653,61134,non-attack
6654,61135,non-attack
6655,61136,non-attack
6656,61137,non-attack
6657,61138,non-attack
6658,61139,non-attack
6659,61140,non-attack
6660,61141,non-attack
6661,61142,non-attack
6662,61143,non-attack
6663,61144,non-attack
6664,61145,non-attack
6665,61146,non-attack
6666,61147,non-attack
6667,61148,non-attack
6668,61149,non-attack
6669,61150,non-attack
6670,61151,non-attack
6671,61152,non-attack
6672,61153,non-attack
6673,61154,non-attack
6674,61155,non-attack
6675,61156,non-attack
6676,61157,non-attack
6677,61158,Impact
6678,61159,Impact
6679,61160,non-attack
6680,61161,non-attack
6681,61162,non-attack
6682,61163,non-attack
6683,61164,non-attack
6684,61165,non-attack
6685,61166,non-attack
6686,61167,non-attack
6687,61168,non-attack
6688,61169,non-attack
6689,61170,non-attack
6690,61171,non-attack
6691,61172,non-attack
6692,61173,non-attack
6693,61174,non-attack
6694,61175,non-attack
6695,61176,non-attack
6696,61177,non-attack
6697,61178,non-attack
6698,61179,non-attack
6699,61180,non-attack
6700,61181,non-attack
6701,61182,non-attack
6702,61183,non-attack
6703,61184,non-attack
6704,61185,Impact
6705,61186,non-attack
6706,61187,non-attack
6707,61188,Impact
6708,61189,non-attack
6709,61190,non-attack
6710,61191,non-attack
6711,61192,non-attack
6712,61193,non-attack
6713,61194,non-attack
6714,61195,non-attack
6715,61196,non-attack
6716,61197,non-attack
6717,61198,non-attack
6718,61199,non-attack
6719,61200,non-attack
6720,61201,non-attack
6721,61202,non-attack
6722,61203,non-attack
6723,61204,non-attack
6724,61205,non-attack
6725,61206,non-attack
6726,61207,non-attack
6727,61208,non-attack
6728,61209,non-attack
6729,61210,Impact
6730,61211,non-attack
6731,61212,non-attack
6732,61213,non-attack
6733,61214,non-attack
6734,61215,non-attack
6735,61216,non-attack
6736,61217,non-attack
6737,61218,non-attack
6738,61219,Impact
6739,61220,non-attack
6740,61221,non-attack
6741,61222,non-attack
6742,61223,non-attack
6743,61224,Impact
6744,61225,non-attack
6745,61226,non-attack
6746,61227,non-attack
6747,61228,non-attack
6748,61229,non-attack
6749,61230,non-attack
6750,61231,non-attack
6751,61232,non-attack
6752,61233,non-attack
6753,61234,non-attack
6754,61235,non-attack
6755,61236,non-attack
6756,61237,non-attack
6757,61238,non-attack
6758,61239,non-attack
6759,61240,non-attack
6760,61241,non-attack
6761,61242,non-attack
6762,61243,non-attack
6763,61244,non-attack
6764,61245,non-attack
6765,61246,non-attack
6766,61247,non-attack
6767,61248,non-attack
6768,61249,non-attack
6769,61250,non-attack
6770,61251,non-attack
6771,61252,non-attack
6772,61253,non-attack
6773,61254,non-attack
6774,61255,non-attack
6775,61256,non-attack
6776,61257,non-attack
6777,61258,non-attack
6778,61259,Impact
6779,61260,non-attack
6780,61261,non-attack
6781,61262,non-attack
6782,61263,non-attack
6783,61264,non-attack
6784,61265,non-attack
6785,61266,non-attack
6786,61267,non-attack
6787,61268,non-attack
6788,61269,non-attack
6789,61270,non-attack
6790,61271,non-attack
6791,61272,non-attack
6792,61273,non-attack
6793,61274,non-attack
6794,61275,non-attack
6795,61276,non-attack
6796,61277,non-attack
6797,61278,non-attack
6798,61279,non-attack
6799,61280,non-attack
6800,61281,non-attack
6801,61282,non-attack
6802,61283,non-attack
6803,61284,non-attack
6804,61285,non-attack
6805,61286,non-attack
6806,61287,non-attack
6807,61288,non-attack
6808,61289,non-attack
6809,61290,non-attack
6810,61291,non-attack
6811,61292,non-attack
6812,61293,non-attack
6813,61294,non-attack
6814,61295,non-attack
6815,61296,non-attack
6816,61297,Impact
6817,61298,non-attack
6818,61299,Impact
6819,61300,Impact
6820,61301,non-attack
6821,61302,non-attack
6822,61303,non-attack
6823,61304,non-attack
6824,61305,non-attack
6825,61306,non-attack
6826,61307,non-attack
6827,61308,non-attack
6828,61309,non-attack
6829,61310,non-attack
6830,61311,non-attack
6831,61312,Impact
6832,61313,non-attack
6833,61314,non-attack
6834,61315,non-attack
6835,61316,non-attack
6836,61317,non-attack
6837,61318,non-attack
6838,61319,non-attack
6839,61320,non-attack
6840,61321,non-attack
6841,61322,non-attack
6842,61323,non-attack
6843,61324,non-attack
6844,61325,non-attack
6845,61326,non-attack
6846,61327,non-attack
6847,61328,non-attack
6848,61329,non-attack
6849,61330,non-attack
6850,61331,non-attack
6851,61332,non-attack
6852,61333,non-attack
6853,61334,non-attack
6854,61335,non-attack
6855,61336,non-attack
6856,61337,non-attack
6857,61338,non-attack
6858,61339,Impact
6859,61340,Impact
6860,61341,Impact
6861,61342,Impact
6862,61343,Impact
6863,61344,non-attack
6864,61345,non-attack
6865,61346,non-attack
6866,61347,non-attack
6867,61348,non-attack
6868,61349,non-attack
6869,61350,Impact
6870,61351,Impact
6871,61352,non-attack
6872,61353,Impact
6873,61354,non-attack
6874,61355,non-attack
6875,61356,non-attack
6876,61357,non-attack
6877,61358,non-attack
6878,61359,non-attack
6879,61360,non-attack
6880,61361,non-attack
6881,61362,non-attack
6882,61363,non-attack
6883,61364,non-attack
6884,61365,non-attack
6885,61366,non-attack
6886,61367,non-attack
6887,61368,non-attack
6888,61369,non-attack
6889,61370,non-attack
6890,61371,non-attack
6891,61372,non-attack
6892,61373,non-attack
6893,61374,non-attack
6894,61375,non-attack
6895,61376,non-attack
6896,61377,non-attack
6897,61378,non-attack
6898,61379,non-attack
6899,61380,non-attack
6900,61381,non-attack
6901,61382,non-attack
6902,61383,non-attack
6903,61384,non-attack
6904,61385,non-attack
6905,61386,non-attack
6906,61387,Impact
6907,61388,non-attack
6908,61389,non-attack
6909,61390,non-attack
6910,61391,non-attack
6911,61392,non-attack
6912,61393,non-attack
6913,61394,non-attack
6914,61395,non-attack
6915,61396,non-attack
6916,61397,non-attack
6917,61398,non-attack
6918,61399,non-attack
6919,61400,non-attack
6920,61401,non-attack
6921,61402,non-attack
6922,61403,non-attack
6923,61404,non-attack
6924,61405,non-attack
6925,61406,non-attack
6926,61407,non-attack
6927,61408,non-attack
6928,61409,non-attack
6929,61410,non-attack
6930,61411,non-attack
6931,61412,non-attack
6932,61413,non-attack
6933,61414,non-attack
6934,61415,Impact
6935,61416,non-attack
6936,61417,non-attack
6937,61418,non-attack
6938,61419,Impact
6939,61420,non-attack
6940,61421,non-attack
6941,61422,non-attack
6942,61423,Impact
6943,61424,non-attack
6944,61425,non-attack
6945,61426,non-attack
6946,61427,non-attack
6947,61428,non-attack
6948,61429,non-attack
6949,61430,non-attack
6950,61431,non-attack
6951,61432,non-attack
6952,61433,non-attack
6953,61434,non-attack
6954,61435,non-attack
6955,61436,non-attack
6956,61437,non-attack
6957,61438,non-attack
6958,61439,non-attack
6959,61440,non-attack
6960,61441,non-attack
6961,61442,non-attack
6962,61443,non-attack
6963,61444,non-attack
6964,61445,non-attack
6965,61446,non-attack
6966,61447,non-attack
6967,61448,non-attack
6968,61449,non-attack
6969,61450,non-attack
6970,61451,non-attack
6971,61452,non-attack
6972,61453,non-attack
6973,61454,non-attack
6974,61455,non-attack
6975,61456,non-attack
6976,61457,non-attack
6977,61458,non-attack
6978,61459,non-attack
6979,61460,non-attack
6980,61461,non-attack
6981,61462,non-attack
6982,61463,non-attack
6983,61464,non-attack
6984,61465,non-attack
6985,61466,non-attack
6986,61467,non-attack
6987,61468,non-attack
6988,61469,non-attack
6989,61470,non-attack
6990,61471,non-attack
6991,61472,non-attack
6992,61473,non-attack
6993,61474,non-attack
6994,61475,non-attack
6995,61476,non-attack
6996,61477,non-attack
6997,61478,non-attack
6998,61479,non-attack
6999,61480,non-attack
7000,61481,non-attack
7001,61482,non-attack
7002,61483,non-attack
7003,61484,non-attack
7004,61485,non-attack
7005,61486,non-attack
7006,61487,non-attack
7007,61488,non-attack
7008,61489,non-attack
7009,61490,non-attack
7010,61491,non-attack
7011,61492,non-attack
7012,61493,non-attack
7013,61494,non-attack
7014,61495,non-attack
7015,61496,non-attack
7016,61497,non-attack
7017,61498,non-attack
7018,61499,non-attack
7019,61500,non-attack
7020,61501,non-attack
7021,61502,non-attack
7022,61503,non-attack
7023,61504,non-attack
7024,61505,non-attack
7025,61506,non-attack
7026,61507,non-attack
7027,61508,non-attack
7028,61509,non-attack
7029,61510,non-attack
7030,61511,non-attack
7031,61512,non-attack
7032,61513,non-attack
7033,61514,non-attack
7034,61515,non-attack
7035,61516,non-attack
7036,61517,non-attack
7037,61518,non-attack
7038,61519,non-attack
7039,61520,non-attack
7040,61521,non-attack
7041,61522,non-attack
7042,61523,non-attack
7043,61524,non-attack
7044,61525,non-attack
7045,61526,non-attack
7046,61527,non-attack
7047,61528,non-attack
7048,61529,non-attack
7049,61530,non-attack
7050,61531,non-attack
7051,61532,non-attack
7052,61533,non-attack
7053,61534,non-attack
7054,61535,non-attack
7055,61536,non-attack
7056,61537,non-attack
7057,61538,non-attack
7058,61539,non-attack
7059,61540,non-attack
7060,61541,non-attack
7061,61542,non-attack
7062,61543,non-attack
7063,61544,non-attack
7064,61545,non-attack
7065,61546,non-attack
7066,61547,Impact
7067,61548,non-attack
7068,61549,non-attack
7069,61550,non-attack
7070,61551,non-attack
7071,61552,non-attack
7072,61553,non-attack
7073,61554,non-attack
7074,61555,non-attack
7075,61556,non-attack
7076,61557,non-attack
7077,61558,non-attack
7078,61559,non-attack
7079,61560,non-attack
7080,61561,non-attack
7081,61562,non-attack
7082,61563,non-attack
7083,61564,non-attack
7084,61565,non-attack
7085,61566,non-attack
7086,61567,non-attack
7087,61568,non-attack
7088,61569,non-attack
7089,61570,non-attack
7090,61571,non-attack
7091,61572,non-attack
7092,61573,non-attack
7093,61574,non-attack
7094,61575,non-attack
7095,61576,non-attack
7096,61577,non-attack
7097,61578,non-attack
7098,61579,non-attack
7099,61580,non-attack
7100,61581,non-attack
7101,61582,non-attack
7102,61583,non-attack
7103,61584,non-attack
7104,61585,non-attack
7105,61586,non-attack
7106,61587,non-attack
7107,61588,non-attack
7108,61589,non-attack
7109,61590,non-attack
7110,61591,non-attack
7111,61592,non-attack
7112,61593,non-attack
7113,61594,non-attack
7114,61595,non-attack
7115,61596,non-attack
7116,61597,non-attack
7117,61598,non-attack
7118,61599,non-attack
7119,61600,non-attack
7120,61601,non-attack
7121,61602,non-attack
7122,61603,non-attack
7123,61604,non-attack
7124,61605,non-attack
7125,61606,non-attack
7126,61607,non-attack
7127,61608,non-attack
7128,61609,non-attack
7129,61610,non-attack
7130,61611,non-attack
7131,61612,non-attack
7132,61613,non-attack
7133,61614,non-attack
7134,61615,non-attack
7135,61616,non-attack
7136,61617,non-attack
7137,61618,non-attack
7138,61619,non-attack
7139,61620,non-attack
7140,61621,non-attack
7141,61622,non-attack
7142,61623,non-attack
7143,61624,non-attack
7144,61625,non-attack
7145,61626,non-attack
7146,61627,non-attack
7147,61628,non-attack
7148,61629,non-attack
7149,61630,non-attack
7150,61631,non-attack
7151,61632,non-attack
7152,61633,non-attack
7153,61634,non-attack
7154,61635,non-attack
7155,61636,non-attack
7156,61637,non-attack
7157,61638,non-attack
7158,61639,Impact
7159,61640,non-attack
7160,61641,non-attack
7161,61642,non-attack
7162,61643,non-attack
7163,61644,non-attack
7164,61645,non-attack
7165,61646,non-attack
7166,61647,non-attack
7167,61648,non-attack
7168,61649,non-attack
7169,61650,non-attack
7170,61651,non-attack
7171,61652,non-attack
7172,61653,non-attack
7173,61654,non-attack
7174,61655,Impact
7175,61656,non-attack
7176,61657,non-attack
7177,61658,non-attack
7178,61659,non-attack
7179,61660,non-attack
7180,61661,non-attack
7181,61662,non-attack
7182,61663,non-attack
7183,61664,non-attack
7184,61665,non-attack
7185,61666,non-attack
7186,61667,non-attack
7187,61668,non-attack
7188,61669,non-attack
7189,61670,non-attack
7190,61671,non-attack
7191,61672,non-attack
7192,61673,non-attack
7193,61674,non-attack
7194,61675,non-attack
7195,61676,non-attack
7196,61677,non-attack
7197,61678,non-attack
7198,61679,non-attack
7199,61680,non-attack
7200,61681,non-attack
7201,61682,non-attack
7202,61683,non-attack
7203,61684,non-attack
7204,61685,non-attack
7205,61686,non-attack
7206,61687,non-attack
7207,61688,non-attack
7208,61689,non-attack
7209,61690,non-attack
7210,61691,non-attack
7211,61692,non-attack
7212,61693,non-attack
7213,61694,non-attack
7214,61695,non-attack
7215,61696,non-attack
7216,61697,non-attack
7217,61698,non-attack
7218,61699,non-attack
7219,61700,non-attack
7220,61701,non-attack
7221,61702,non-attack
7222,61703,non-attack
7223,61704,non-attack
7224,61705,non-attack
7225,61706,non-attack
7226,61707,non-attack
7227,61708,non-attack
7228,61709,non-attack
7229,61710,non-attack
7230,61711,non-attack
7231,61712,non-attack
7232,61713,non-attack
7233,61714,non-attack
7234,61715,non-attack
7235,61716,non-attack
7236,61717,non-attack
7237,61718,non-attack
7238,61719,non-attack
7239,61720,non-attack
7240,61721,non-attack
7241,61722,non-attack
7242,61723,non-attack
7243,61724,non-attack
7244,61725,Impact
7245,61726,non-attack
7246,61727,non-attack
7247,61728,non-attack
7248,61729,Impact
7249,61730,non-attack
7250,61731,non-attack
7251,61732,non-attack
7252,61733,non-attack
7253,61734,non-attack
7254,61735,non-attack
7255,61736,non-attack
7256,61737,non-attack
7257,61738,non-attack
7258,61739,non-attack
7259,61740,non-attack
7260,61741,non-attack
7261,61742,non-attack
7262,61743,non-attack
7263,61744,non-attack
7264,61745,non-attack
7265,61746,non-attack
7266,61747,non-attack
7267,61748,non-attack
7268,61749,non-attack
7269,61750,non-attack
7270,61751,non-attack
7271,61752,non-attack
7272,61753,non-attack
7273,61754,non-attack
7274,61755,non-attack
7275,61756,non-attack
7276,61757,non-attack
7277,61758,non-attack
7278,61759,non-attack
7279,61760,non-attack
7280,61761,non-attack
7281,61762,non-attack
7282,61763,non-attack
7283,61764,non-attack
7284,61765,non-attack
7285,61766,non-attack
7286,61767,non-attack
7287,61768,non-attack
7288,61769,non-attack
7289,61770,non-attack
7290,61771,non-attack
7291,61772,non-attack
7292,61773,non-attack
7293,61774,non-attack
7294,61775,non-attack
7295,61776,non-attack
7296,61777,non-attack
7297,61778,non-attack
7298,61779,non-attack
7299,61780,non-attack
7300,61781,non-attack
7301,61782,non-attack
7302,61783,non-attack
7303,61784,non-attack
7304,61785,non-attack
7305,61786,non-attack
7306,61787,non-attack
7307,61788,non-attack
7308,61789,non-attack
7309,61790,non-attack
7310,61791,non-attack
7311,61792,non-attack
7312,61793,non-attack
7313,61794,non-attack
7314,61795,non-attack
7315,61796,non-attack
7316,61797,non-attack
7317,61798,non-attack
7318,61799,Impact
7319,61800,non-attack
7320,61801,non-attack
7321,61802,non-attack
7322,61803,non-attack
7323,61804,non-attack
7324,61805,non-attack
7325,61806,non-attack
7326,61807,non-attack
7327,61808,non-attack
7328,61809,non-attack
7329,61810,non-attack
7330,61811,non-attack
7331,61812,non-attack
7332,61813,non-attack
7333,61814,non-attack
7334,61815,non-attack
7335,61816,non-attack
7336,61817,non-attack
7337,61818,non-attack
7338,61819,non-attack
7339,61820,non-attack
7340,61821,non-attack
7341,61822,non-attack
7342,61823,non-attack
7343,61824,non-attack
7344,61825,non-attack
7345,61826,non-attack
7346,61827,non-attack
7347,61828,non-attack
7348,61829,non-attack
7349,61830,non-attack
7350,61831,non-attack
7351,61832,non-attack
7352,61833,non-attack
7353,61834,non-attack
7354,61835,non-attack
7355,61836,non-attack
7356,61837,non-attack
7357,61838,non-attack
7358,61839,non-attack
7359,61840,non-attack
7360,61841,non-attack
7361,61842,non-attack
7362,61843,non-attack
7363,61844,non-attack
7364,61845,non-attack
7365,61846,non-attack
7366,61847,non-attack
7367,61848,non-attack
7368,61849,Impact
7369,61850,non-attack
7370,61851,non-attack
7371,61852,Impact
7372,61853,non-attack
7373,61854,non-attack
7374,61855,non-attack
7375,61856,non-attack
7376,61857,non-attack
7377,61858,non-attack
7378,61859,non-attack
7379,61860,non-attack
7380,61861,non-attack
7381,61862,non-attack
7382,61863,non-attack
7383,61864,non-attack
7384,61865,non-attack
7385,61866,non-attack
7386,61867,non-attack
7387,61868,non-attack
7388,61869,non-attack
7389,61870,non-attack
7390,61871,non-attack
7391,61872,non-attack
7392,61873,non-attack
7393,61874,non-attack
7394,61875,non-attack
7395,61876,non-attack
7396,61877,non-attack
7397,61878,non-attack
7398,61879,non-attack
7399,61880,non-attack
7400,61881,non-attack
7401,61882,non-attack
7402,61883,non-attack
7403,61884,non-attack
7404,61885,non-attack
7405,61886,non-attack
7406,61887,non-attack
7407,61888,non-attack
7408,61889,non-attack
7409,61890,non-attack
7410,61891,non-attack
7411,61892,non-attack
7412,61893,non-attack
7413,61894,non-attack
7414,61895,non-attack
7415,61896,non-attack
7416,61897,non-attack
7417,61898,non-attack
7418,61899,non-attack
7419,61900,non-attack
7420,61901,non-attack
7421,61902,non-attack
7422,61903,non-attack
7423,61904,non-attack
7424,61905,non-attack
7425,61906,non-attack
7426,61907,non-attack
7427,61908,non-attack
7428,61909,non-attack
7429,61910,non-attack
7430,61911,non-attack
7431,61912,non-attack
7432,61913,non-attack
7433,61914,non-attack
7434,61915,non-attack
7435,61916,non-attack
7436,61917,non-attack
7437,61918,non-attack
7438,61919,non-attack
7439,61920,non-attack
7440,61921,non-attack
7441,61922,non-attack
7442,61923,non-attack
7443,61924,non-attack
7444,61925,non-attack
7445,61926,non-attack
7446,61927,non-attack
7447,61928,non-attack
7448,61929,non-attack
7449,61930,non-attack
7450,61931,non-attack
7451,61932,non-attack
7452,61933,non-attack
7453,61934,non-attack
7454,61935,non-attack
7455,61936,non-attack
7456,61937,non-attack
7457,61938,non-attack
7458,61939,non-attack
7459,61940,non-attack
7460,61941,non-attack
7461,61942,non-attack
7462,61943,non-attack
7463,61944,non-attack
7464,61945,non-attack
7465,61946,non-attack
7466,61947,non-attack
7467,61948,non-attack
7468,61949,non-attack
7469,61950,non-attack
7470,61951,non-attack
7471,61952,non-attack
7472,61953,non-attack
7473,61954,non-attack
7474,61955,non-attack
7475,61956,non-attack
7476,61957,non-attack
7477,61958,non-attack
7478,61959,non-attack
7479,61960,non-attack
7480,61961,non-attack
7481,61962,non-attack
7482,61963,non-attack
7483,61964,non-attack
7484,61965,non-attack
7485,61966,non-attack
7486,61967,non-attack
7487,61968,non-attack
7488,61969,non-attack
7489,61970,non-attack
7490,61971,non-attack
7491,61972,non-attack
7492,61973,non-attack
7493,61974,non-attack
7494,61975,non-attack
7495,61976,non-attack
7496,61977,non-attack
7497,61978,non-attack
7498,61979,non-attack
7499,61980,non-attack
7500,61981,non-attack
7501,61982,non-attack
7502,61983,non-attack
7503,61984,non-attack
7504,61985,non-attack
7505,61986,non-attack
7506,61987,non-attack
7507,61988,non-attack
7508,61989,non-attack
7509,61990,non-attack
7510,61991,non-attack
7511,61992,non-attack
7512,61993,non-attack
7513,61994,non-attack
7514,61995,non-attack
7515,61996,non-attack
7516,61997,non-attack
7517,61998,non-attack
7518,61999,Impact
7519,62000,non-attack
7520,62001,non-attack
7521,62002,non-attack
7522,62003,non-attack
7523,62004,non-attack
7524,62005,non-attack
7525,62006,non-attack
7526,62007,non-attack
7527,62008,non-attack
7528,62009,non-attack
7529,62010,non-attack
7530,62011,non-attack
7531,62012,non-attack
7532,62013,non-attack
7533,62014,non-attack
7534,62015,non-attack
7535,62016,non-attack
7536,62017,non-attack
7537,62018,non-attack
7538,62019,non-attack
7539,62020,non-attack
7540,62021,non-attack
7541,62022,non-attack
7542,62023,non-attack
7543,62024,non-attack
7544,62025,non-attack
7545,62026,non-attack
7546,62027,non-attack
7547,62028,non-attack
7548,62029,Impact
7549,62030,non-attack
7550,62031,non-attack
7551,62032,non-attack
7552,62033,non-attack
7553,62034,non-attack
7554,62035,non-attack
7555,62036,non-attack
7556,62037,Impact
7557,62038,non-attack
7558,62039,non-attack
7559,62040,non-attack
7560,62041,non-attack
7561,62042,non-attack
7562,62043,non-attack
7563,62044,non-attack
7564,62045,non-attack
7565,62046,non-attack
7566,62047,non-attack
7567,62048,non-attack
7568,62049,non-attack
7569,62050,non-attack
7570,62051,non-attack
7571,62052,non-attack
7572,62053,non-attack
7573,62054,non-attack
7574,62055,non-attack
7575,62056,non-attack
7576,62057,non-attack
7577,62058,non-attack
7578,62059,non-attack
7579,62060,non-attack
7580,62061,non-attack
7581,62062,non-attack
7582,62063,non-attack
7583,62064,non-attack
7584,62065,non-attack
7585,62066,non-attack
7586,62067,non-attack
7587,62068,non-attack
7588,62069,non-attack
7589,62070,non-attack
7590,62071,non-attack
7591,62072,non-attack
7592,62073,non-attack
7593,62074,non-attack
7594,62075,non-attack
7595,62076,non-attack
7596,62077,non-attack
7597,62078,non-attack
7598,62079,non-attack
7599,62080,non-attack
7600,62081,non-attack
7601,62082,non-attack
7602,62083,non-attack
7603,62084,non-attack
7604,62085,non-attack
7605,62086,non-attack
7606,62087,non-attack
7607,62088,non-attack
7608,62089,non-attack
7609,62090,non-attack
7610,62091,non-attack
7611,62092,non-attack
7612,62093,non-attack
7613,62094,non-attack
7614,62095,non-attack
7615,62096,non-attack
7616,62097,non-attack
7617,62098,non-attack
7618,62099,non-attack
7619,62100,non-attack
7620,62101,non-attack
7621,62102,non-attack
7622,62103,non-attack
7623,62104,non-attack
7624,62105,non-attack
7625,62106,non-attack
7626,62107,non-attack
7627,62108,non-attack
7628,62109,non-attack
7629,62110,non-attack
7630,62111,non-attack
7631,62112,non-attack
7632,62113,non-attack
7633,62114,non-attack
7634,62115,non-attack
7635,62116,non-attack
7636,62117,non-attack
7637,62118,non-attack
7638,62119,non-attack
7639,62120,non-attack
7640,62121,non-attack
7641,62122,non-attack
7642,62123,non-attack
7643,62124,non-attack
7644,62125,non-attack
7645,62126,non-attack
7646,62127,non-attack
7647,62128,non-attack
7648,62129,non-attack
7649,62130,non-attack
7650,62131,non-attack
7651,62132,non-attack
7652,62133,non-attack
7653,62134,non-attack
7654,62135,non-attack
7655,62136,non-attack
7656,62137,non-attack
7657,62138,non-attack
7658,62139,non-attack
7659,62140,non-attack
7660,62141,non-attack
7661,62142,non-attack
7662,62143,non-attack
7663,62144,non-attack
7664,62145,non-attack
7665,62146,non-attack
7666,62147,non-attack
7667,62148,non-attack
7668,62149,non-attack
7669,62150,Impact
7670,62151,Impact
7671,62152,non-attack
7672,62153,non-attack
7673,62154,non-attack
7674,62155,non-attack
7675,62156,non-attack
7676,62157,non-attack
7677,62158,non-attack
7678,62159,non-attack
7679,62160,non-attack
7680,62161,non-attack
7681,62162,non-attack
7682,62163,non-attack
7683,62164,non-attack
7684,62165,non-attack
7685,62166,non-attack
7686,62167,non-attack
7687,62168,non-attack
7688,62169,non-attack
7689,62170,non-attack
7690,62171,non-attack
7691,62172,non-attack
7692,62173,non-attack
7693,62174,non-attack
7694,62175,non-attack
7695,62176,non-attack
7696,62177,non-attack
7697,62178,non-attack
7698,62179,non-attack
7699,62180,non-attack
7700,62181,non-attack
7701,62182,non-attack
7702,62183,non-attack
7703,62184,non-attack
7704,62185,non-attack
7705,62186,non-attack
7706,62187,non-attack
7707,62188,non-attack
7708,62189,non-attack
7709,62190,non-attack
7710,62191,non-attack
7711,62192,non-attack
7712,62193,non-attack
7713,62194,non-attack
7714,62195,non-attack
7715,62196,non-attack
7716,62197,non-attack
7717,62198,non-attack
7718,62199,non-attack
7719,62200,non-attack
7720,62201,non-attack
7721,62202,non-attack
7722,62203,non-attack
7723,62204,non-attack
7724,62205,non-attack
7725,62206,non-attack
7726,62207,non-attack
7727,62208,non-attack
7728,62209,non-attack
7729,62210,non-attack
7730,62211,non-attack
7731,62212,non-attack
7732,62213,non-attack
7733,62214,non-attack
7734,62215,non-attack
7735,62216,non-attack
7736,62217,non-attack
7737,62218,Impact
7738,62219,Impact
7739,62220,Impact
7740,62221,non-attack
7741,62222,non-attack
7742,62223,non-attack
7743,62224,non-attack
7744,62225,non-attack
7745,62226,non-attack
7746,62227,non-attack
7747,62228,non-attack
7748,62229,non-attack
7749,62230,non-attack
7750,62231,non-attack
7751,62232,non-attack
7752,62233,non-attack
7753,62234,non-attack
7754,62235,Impact
7755,62236,non-attack
7756,62237,non-attack
7757,62238,non-attack
7758,62239,non-attack
7759,62240,non-attack
7760,62241,non-attack
7761,62242,non-attack
7762,62243,non-attack
7763,62244,non-attack
7764,62245,non-attack
7765,62246,non-attack
7766,62247,non-attack
7767,62248,non-attack
7768,62249,non-attack
7769,62250,non-attack
7770,62251,non-attack
7771,62252,non-attack
7772,62253,non-attack
7773,62254,non-attack
7774,62255,non-attack
7775,62256,non-attack
7776,62257,non-attack
7777,62258,non-attack
7778,62259,non-attack
7779,62260,non-attack
7780,62261,non-attack
7781,62262,non-attack
7782,62263,non-attack
7783,62264,non-attack
7784,62265,non-attack
7785,62266,non-attack
7786,62267,non-attack
7787,62268,non-attack
7788,62269,non-attack
7789,62270,non-attack
7790,62271,non-attack
7791,62272,non-attack
7792,62273,non-attack
7793,62274,non-attack
7794,62275,non-attack
7795,62276,non-attack
7796,62277,non-attack
7797,62278,non-attack
7798,62279,non-attack
7799,62280,non-attack
7800,62281,non-attack
7801,62282,non-attack
7802,62283,non-attack
7803,62284,non-attack
7804,62285,non-attack
7805,62286,non-attack
7806,62287,non-attack
7807,62288,non-attack
7808,62289,non-attack
7809,62290,non-attack
7810,62291,non-attack
7811,62292,non-attack
7812,62293,non-attack
7813,62294,non-attack
7814,62295,non-attack
7815,62296,non-attack
7816,62297,non-attack
7817,62298,Impact
7818,62299,non-attack
7819,62300,non-attack
7820,62301,non-attack
7821,62302,non-attack
7822,62303,non-attack
7823,62304,non-attack
7824,62305,non-attack
7825,62306,non-attack
7826,62307,non-attack
7827,62308,non-attack
7828,62309,non-attack
7829,62310,non-attack
7830,62311,non-attack
7831,62312,non-attack
7832,62313,non-attack
7833,62314,non-attack
7834,62315,non-attack
7835,62316,non-attack
7836,62317,non-attack
7837,62318,non-attack
7838,62319,non-attack
7839,62320,non-attack
7840,62321,non-attack
7841,62322,non-attack
7842,62323,non-attack
7843,62324,non-attack
7844,62325,non-attack
7845,62326,non-attack
7846,62327,non-attack
7847,62328,non-attack
7848,62329,non-attack
7849,62330,non-attack
7850,62331,non-attack
7851,62332,non-attack
7852,62333,non-attack
7853,62334,non-attack
7854,62335,non-attack
7855,62336,non-attack
7856,62337,non-attack
7857,62338,non-attack
7858,62339,non-attack
7859,62340,non-attack
7860,62341,non-attack
7861,62342,non-attack
7862,62343,non-attack
7863,62344,non-attack
7864,62345,non-attack
7865,62346,non-attack
7866,62347,non-attack
7867,62348,non-attack
7868,62349,non-attack
7869,62350,non-attack
7870,62351,non-attack
7871,62352,non-attack
7872,62353,non-attack
7873,62354,non-attack
7874,62355,non-attack
7875,62356,non-attack
7876,62357,non-attack
7877,62358,non-attack
7878,62359,non-attack
7879,62360,non-attack
7880,62361,non-attack
7881,62362,non-attack
7882,62363,non-attack
7883,62364,non-attack
7884,62365,non-attack
7885,62366,non-attack
7886,62367,non-attack
7887,62368,Impact
7888,62369,non-attack
7889,62370,non-attack
7890,62371,non-attack
7891,62372,non-attack
7892,62373,non-attack
7893,62374,non-attack
7894,62375,Impact
7895,62376,non-attack
7896,62377,non-attack
7897,62378,non-attack
7898,62379,non-attack
7899,62380,non-attack
7900,62381,non-attack
7901,62382,non-attack
7902,62383,non-attack
7903,62384,non-attack
7904,62385,non-attack
7905,62386,non-attack
7906,62387,non-attack
7907,62388,non-attack
7908,62389,non-attack
7909,62390,non-attack
7910,62391,non-attack
7911,62392,non-attack
7912,62393,non-attack
7913,62394,non-attack
7914,62395,non-attack
7915,62396,non-attack
7916,62397,non-attack
7917,62398,non-attack
7918,62399,non-attack
7919,62400,non-attack
7920,62401,non-attack
7921,62402,non-attack
7922,62403,non-attack
7923,62404,non-attack
7924,62405,non-attack
7925,62406,non-attack
7926,62407,non-attack
7927,62408,non-attack
7928,62409,non-attack
7929,62410,non-attack
7930,62411,non-attack
7931,62412,non-attack
7932,62413,non-attack
7933,62414,non-attack
7934,62415,non-attack
7935,62416,non-attack
7936,62417,non-attack
7937,62418,non-attack
7938,62419,non-attack
7939,62420,non-attack
7940,62421,non-attack
7941,62422,non-attack
7942,62423,non-attack
7943,62424,non-attack
7944,62425,non-attack
7945,62426,non-attack
7946,62427,non-attack
7947,62428,non-attack
7948,62429,non-attack
7949,62430,non-attack
7950,62431,non-attack
7951,62432,non-attack
7952,62433,non-attack
7953,62434,non-attack
7954,62435,non-attack
7955,62436,non-attack
7956,62437,non-attack
7957,62438,non-attack
7958,62439,non-attack
7959,62440,non-attack
7960,62441,non-attack
7961,62442,non-attack
7962,62443,non-attack
7963,62444,non-attack
7964,62445,non-attack
7965,62446,non-attack
7966,62447,non-attack
7967,62448,non-attack
7968,62449,non-attack
7969,62450,non-attack
7970,62451,non-attack
7971,62452,non-attack
7972,62453,non-attack
7973,62454,non-attack
7974,62455,non-attack
7975,62456,non-attack
7976,62457,non-attack
7977,62458,non-attack
7978,62459,non-attack
7979,62460,non-attack
7980,62461,non-attack
7981,62462,non-attack
7982,62463,non-attack
7983,62464,non-attack
7984,62465,non-attack
7985,62466,non-attack
7986,62467,non-attack
7987,62468,non-attack
7988,62469,non-attack
7989,62470,non-attack
7990,62471,non-attack
7991,62472,non-attack
7992,62473,non-attack
7993,62474,non-attack
7994,62475,non-attack
7995,62476,non-attack
7996,62477,non-attack
7997,62478,non-attack
7998,62479,non-attack
7999,62480,non-attack
8000,62481,non-attack
8001,62482,Impact
8002,62483,non-attack
8003,62484,non-attack
8004,62485,non-attack
8005,62486,non-attack
8006,62487,non-attack
8007,62488,non-attack
8008,62489,non-attack
8009,62490,non-attack
8010,62491,non-attack
8011,62492,non-attack
8012,62493,non-attack
8013,62494,non-attack
8014,62495,non-attack
8015,62496,non-attack
8016,62497,non-attack
8017,62498,non-attack
8018,62499,non-attack
8019,62500,non-attack
8020,62501,non-attack
8021,62502,non-attack
8022,62503,non-attack
8023,62504,non-attack
8024,62505,non-attack
8025,62506,non-attack
8026,62507,non-attack
8027,62508,non-attack
8028,62509,non-attack
8029,62510,non-attack
8030,62511,non-attack
8031,62512,non-attack
8032,62513,Impact
8033,62514,non-attack
8034,62515,non-attack
8035,62516,non-attack
8036,62517,non-attack
8037,62518,non-attack
8038,62519,non-attack
8039,62520,Impact
8040,62521,non-attack
8041,62522,non-attack
8042,62523,non-attack
8043,62524,non-attack
8044,62525,non-attack
8045,62526,non-attack
8046,62527,non-attack
8047,62528,non-attack
8048,62529,non-attack
8049,62530,non-attack
8050,62531,non-attack
8051,62532,non-attack
8052,62533,non-attack
8053,62534,non-attack
8054,62535,non-attack
8055,62536,non-attack
8056,62537,non-attack
8057,62538,non-attack
8058,62539,non-attack
8059,62540,non-attack
8060,62541,non-attack
8061,62542,non-attack
8062,62543,non-attack
8063,62544,non-attack
8064,62545,non-attack
8065,62546,non-attack
8066,62547,non-attack
8067,62548,non-attack
8068,62549,non-attack
8069,62550,non-attack
8070,62551,non-attack
8071,62552,non-attack
8072,62553,Impact
8073,62554,non-attack
8074,62555,non-attack
8075,62556,non-attack
8076,62557,non-attack
8077,62558,non-attack
8078,62559,non-attack
8079,62560,non-attack
8080,62561,non-attack
8081,62562,non-attack
8082,62563,non-attack
8083,62564,non-attack
8084,62565,non-attack
8085,62566,non-attack
8086,62567,non-attack
8087,62568,non-attack
8088,62569,non-attack
8089,62570,non-attack
8090,62571,non-attack
8091,62572,non-attack
8092,62573,non-attack
8093,62574,non-attack
8094,62575,non-attack
8095,62576,non-attack
8096,62577,non-attack
8097,62578,non-attack
8098,62579,non-attack
8099,62580,non-attack
8100,62581,non-attack
8101,62582,non-attack
8102,62583,non-attack
8103,62584,non-attack
8104,62585,non-attack
8105,62586,non-attack
8106,62587,non-attack
8107,62588,non-attack
8108,62589,non-attack
8109,62590,non-attack
8110,62591,non-attack
8111,62592,Impact
8112,62593,non-attack
8113,62594,Impact
8114,62595,non-attack
8115,62596,non-attack
8116,62597,non-attack
8117,62598,non-attack
8118,62599,Impact
8119,62600,Impact
8120,62601,non-attack
8121,62602,non-attack
8122,62603,non-attack
8123,62604,non-attack
8124,62605,non-attack
8125,62606,non-attack
8126,62607,non-attack
8127,62608,non-attack
8128,62609,non-attack
8129,62610,non-attack
8130,62611,non-attack
8131,62612,non-attack
8132,62613,non-attack
8133,62614,non-attack
8134,62615,non-attack
8135,62616,non-attack
8136,62617,non-attack
8137,62618,non-attack
8138,62619,non-attack
8139,62620,non-attack
8140,62621,non-attack
8141,62622,non-attack
8142,62623,non-attack
8143,62624,non-attack
8144,62625,non-attack
8145,62626,non-attack
8146,62627,non-attack
8147,62628,non-attack
8148,62629,non-attack
8149,62630,non-attack
8150,62631,non-attack
8151,62632,non-attack
8152,62633,non-attack
8153,62634,non-attack
8154,62635,non-attack
8155,62636,non-attack
8156,62637,non-attack
8157,62638,non-attack
8158,62639,non-attack
8159,62640,non-attack
8160,62641,non-attack
8161,62642,non-attack
8162,62643,non-attack
8163,62644,non-attack
8164,62645,non-attack
8165,62646,non-attack
8166,62647,non-attack
8167,62648,non-attack
8168,62649,non-attack
8169,62650,non-attack
8170,62651,non-attack
8171,62652,non-attack
8172,62653,non-attack
8173,62654,non-attack
8174,62655,non-attack
8175,62656,non-attack
8176,62657,non-attack
8177,62658,non-attack
8178,62659,non-attack
8179,62660,non-attack
8180,62661,non-attack
8181,62662,non-attack
8182,62663,non-attack
8183,62664,non-attack
8184,62665,non-attack
8185,62666,non-attack
8186,62667,non-attack
8187,62668,non-attack
8188,62669,non-attack
8189,62670,non-attack
8190,62671,non-attack
8191,62672,non-attack
8192,62673,non-attack
8193,62674,non-attack
8194,62675,non-attack
8195,62676,non-attack
8196,62677,non-attack
8197,62678,non-attack
8198,62679,non-attack
8199,62680,non-attack
8200,62681,non-attack
8201,62682,non-attack
8202,62683,non-attack
8203,62684,non-attack
8204,62685,non-attack
8205,62686,non-attack
8206,62687,non-attack
8207,62688,non-attack
8208,62689,non-attack
8209,62690,non-attack
8210,62691,non-attack
8211,62692,non-attack
8212,62693,non-attack
8213,62694,non-attack
8214,62695,Impact
8215,62696,non-attack
8216,62697,non-attack
8217,62698,non-attack
8218,62699,non-attack
8219,62700,non-attack
8220,62701,non-attack
8221,62702,non-attack
8222,62703,Impact
8223,62704,non-attack
8224,62705,non-attack
8225,62706,non-attack
8226,62707,non-attack
8227,62708,non-attack
8228,62709,non-attack
8229,62710,non-attack
8230,62711,non-attack
8231,62712,non-attack
8232,62713,non-attack
8233,62714,non-attack
8234,62715,non-attack
8235,62716,non-attack
8236,62717,non-attack
8237,62718,non-attack
8238,62719,non-attack
8239,62720,non-attack
8240,62721,non-attack
8241,62722,non-attack
8242,62723,non-attack
8243,62724,non-attack
8244,62725,non-attack
8245,62726,non-attack
8246,62727,non-attack
8247,62728,non-attack
8248,62729,non-attack
8249,62730,Impact
8250,62731,non-attack
8251,62732,non-attack
8252,62733,non-attack
8253,62734,Impact
8254,62735,non-attack
8255,62736,non-attack
8256,62737,non-attack
8257,62738,non-attack
8258,62739,non-attack
8259,62740,non-attack
8260,62741,non-attack
8261,62742,non-attack
8262,62743,non-attack
8263,62744,non-attack
8264,62745,non-attack
8265,62746,non-attack
8266,62747,non-attack
8267,62748,non-attack
8268,62749,non-attack
8269,62750,non-attack
8270,62751,non-attack
8271,62752,non-attack
8272,62753,non-attack
8273,62754,non-attack
8274,62755,non-attack
8275,62756,non-attack
8276,62757,non-attack
8277,62758,non-attack
8278,62759,non-attack
8279,62760,non-attack
8280,62761,non-attack
8281,62762,non-attack
8282,62763,non-attack
8283,62764,non-attack
8284,62765,non-attack
8285,62766,non-attack
8286,62767,non-attack
8287,62768,non-attack
8288,62769,non-attack
8289,62770,non-attack
8290,62771,non-attack
8291,62772,non-attack
8292,62773,non-attack
8293,62774,non-attack
8294,62775,non-attack
8295,62776,non-attack
8296,62777,non-attack
8297,62778,non-attack
8298,62779,non-attack
8299,62780,non-attack
8300,62781,non-attack
8301,62782,non-attack
8302,62783,Impact
8303,62784,non-attack
8304,62785,non-attack
8305,62786,non-attack
8306,62787,non-attack
8307,62788,non-attack
8308,62789,non-attack
8309,62790,non-attack
8310,62791,non-attack
8311,62792,non-attack
8312,62793,non-attack
8313,62794,non-attack
8314,62795,non-attack
8315,62796,non-attack
8316,62797,non-attack
8317,62798,non-attack
8318,62799,non-attack
8319,62800,non-attack
8320,62801,non-attack
8321,62802,non-attack
8322,62803,non-attack
8323,62804,non-attack
8324,62805,non-attack
8325,62806,non-attack
8326,62807,non-attack
8327,62808,non-attack
8328,62809,non-attack
8329,62810,non-attack
8330,62811,non-attack
8331,62812,non-attack
8332,62813,non-attack
8333,62814,non-attack
8334,62815,non-attack
8335,62816,non-attack
8336,62817,non-attack
8337,62818,non-attack
8338,62819,non-attack
8339,62820,non-attack
8340,62821,Impact
8341,62822,non-attack
8342,62823,non-attack
8343,62824,non-attack
8344,62825,non-attack
8345,62826,non-attack
8346,62827,non-attack
8347,62828,non-attack
8348,62829,non-attack
8349,62830,non-attack
8350,62831,non-attack
8351,62832,non-attack
8352,62833,non-attack
8353,62834,non-attack
8354,62835,non-attack
8355,62836,non-attack
8356,62837,non-attack
8357,62838,non-attack
8358,62839,non-attack
8359,62840,non-attack
8360,62841,non-attack
8361,62842,non-attack
8362,62843,non-attack
8363,62844,non-attack
8364,62845,Impact
8365,62846,non-attack
8366,62847,non-attack
8367,62848,non-attack
8368,62849,Impact
8369,62850,non-attack
8370,62851,non-attack
8371,62852,non-attack
8372,62853,non-attack
8373,62854,Impact
8374,62855,non-attack
8375,62856,non-attack
8376,62857,non-attack
8377,62858,non-attack
8378,62859,non-attack
8379,62860,non-attack
8380,62861,non-attack
8381,62862,non-attack
8382,62863,non-attack
8383,62864,non-attack
8384,62865,non-attack
8385,62866,non-attack
8386,62867,non-attack
8387,62868,non-attack
8388,62869,non-attack
8389,62870,non-attack
8390,62871,non-attack
8391,62872,non-attack
8392,62873,non-attack
8393,62874,non-attack
8394,62875,non-attack
8395,62876,non-attack
8396,62877,non-attack
8397,62878,non-attack
8398,62879,non-attack
8399,62880,non-attack
8400,62881,non-attack
8401,62882,non-attack
8402,62883,non-attack
8403,62884,non-attack
8404,62885,Impact
8405,62886,non-attack
8406,62887,non-attack
8407,62888,non-attack
8408,62889,non-attack
8409,62890,non-attack
8410,62891,non-attack
8411,62892,non-attack
8412,62893,non-attack
8413,62894,non-attack
8414,62895,non-attack
8415,62896,non-attack
8416,62897,non-attack
8417,62898,non-attack
8418,62899,Impact
8419,62900,non-attack
8420,62901,non-attack
8421,62902,non-attack
8422,62903,non-attack
8423,62904,non-attack
8424,62905,non-attack
8425,62906,non-attack
8426,62907,non-attack
8427,62908,non-attack
8428,62909,Reconnaissance
8429,62910,non-attack
8430,62911,non-attack
8431,62912,non-attack
8432,62913,non-attack
8433,62914,non-attack
8434,62915,non-attack
8435,62916,non-attack
8436,62917,non-attack
8437,62918,non-attack
8438,62919,non-attack
8439,62920,non-attack
8440,62921,non-attack
8441,62922,non-attack
8442,62923,non-attack
8443,62924,non-attack
8444,62925,non-attack
8445,62926,non-attack
8446,62927,non-attack
8447,62928,non-attack
8448,62929,non-attack
8449,62930,Impact
8450,62931,non-attack
8451,62932,non-attack
8452,62933,non-attack
8453,62934,non-attack
8454,62935,non-attack
8455,62936,non-attack
8456,62937,non-attack
8457,62938,non-attack
8458,62939,non-attack
8459,62940,non-attack
8460,62941,non-attack
8461,62942,non-attack
8462,62943,non-attack
8463,62944,non-attack
8464,62945,non-attack
8465,62946,non-attack
8466,62947,non-attack
8467,62948,non-attack
8468,62949,non-attack
8469,62950,non-attack
8470,62951,non-attack
8471,62952,non-attack
8472,62953,non-attack
8473,62954,non-attack
8474,62955,non-attack
8475,62956,non-attack
8476,62957,non-attack
8477,62958,non-attack
8478,62959,non-attack
8479,62960,non-attack
8480,62961,non-attack
8481,62962,non-attack
8482,62963,non-attack
8483,62964,non-attack
8484,62965,non-attack
8485,62966,non-attack
8486,62967,non-attack
8487,62968,non-attack
8488,62969,non-attack
8489,62970,non-attack
8490,62971,non-attack
8491,62972,non-attack
8492,62973,non-attack
8493,62974,non-attack
8494,62975,non-attack
8495,62976,non-attack
8496,62977,non-attack
8497,62978,non-attack
8498,62979,non-attack
8499,62980,non-attack
8500,62981,non-attack
8501,62982,non-attack
8502,62983,non-attack
8503,62984,non-attack
8504,62985,non-attack
8505,62986,non-attack
8506,62987,non-attack
8507,62988,non-attack
8508,62989,non-attack
8509,62990,non-attack
8510,62991,non-attack
8511,62992,non-attack
8512,62993,non-attack
8513,62994,non-attack
8514,62995,non-attack
8515,62996,non-attack
8516,62997,non-attack
8517,62998,non-attack
8518,62999,non-attack
8519,63000,non-attack
8520,63001,non-attack
8521,63002,non-attack
8522,63003,non-attack
8523,63004,non-attack
8524,63005,non-attack
8525,63006,non-attack
8526,63007,non-attack
8527,63008,non-attack
8528,63009,non-attack
8529,63010,non-attack
8530,63011,non-attack
8531,63012,non-attack
8532,63013,non-attack
8533,63014,non-attack
8534,63015,non-attack
8535,63016,non-attack
8536,63017,non-attack
8537,63018,non-attack
8538,63019,non-attack
8539,63020,non-attack
8540,63021,non-attack
8541,63022,non-attack
8542,63023,non-attack
8543,63024,non-attack
8544,63025,non-attack
8545,63026,non-attack
8546,63027,non-attack
8547,63028,Impact
8548,63029,Reconnaissance
8549,63030,non-attack
8550,63031,non-attack
8551,63032,non-attack
8552,63033,non-attack
8553,63034,non-attack
8554,63035,non-attack
8555,63036,non-attack
8556,63037,non-attack
8557,63038,non-attack
8558,63039,non-attack
8559,63040,non-attack
8560,63041,non-attack
8561,63042,non-attack
8562,63043,non-attack
8563,63044,non-attack
8564,63045,non-attack
8565,63046,non-attack
8566,63047,non-attack
8567,63048,non-attack
8568,63049,non-attack
8569,63050,non-attack
8570,63051,non-attack
8571,63052,non-attack
8572,63053,non-attack
8573,63054,Impact
8574,63055,non-attack
8575,63056,non-attack
8576,63057,non-attack
8577,63058,non-attack
8578,63059,non-attack
8579,63060,non-attack
8580,63061,non-attack
8581,63062,non-attack
8582,63063,non-attack
8583,63064,non-attack
8584,63065,non-attack
8585,63066,non-attack
8586,63067,non-attack
8587,63068,Impact
8588,63069,non-attack
8589,63070,non-attack
8590,63071,non-attack
8591,63072,non-attack
8592,63073,non-attack
8593,63074,non-attack
8594,63075,non-attack
8595,63076,non-attack
8596,63077,non-attack
8597,63078,non-attack
8598,63079,non-attack
8599,63080,non-attack
8600,63081,non-attack
8601,63082,non-attack
8602,63083,non-attack
8603,63084,non-attack
8604,63085,non-attack
8605,63086,non-attack
8606,63087,non-attack
8607,63088,non-attack
8608,63089,non-attack
8609,63090,non-attack
8610,63091,Impact
8611,63092,Impact
8612,63093,non-attack
8613,63094,non-attack
8614,63095,non-attack
8615,63096,non-attack
8616,63097,non-attack
8617,63098,non-attack
8618,63099,non-attack
8619,63100,non-attack
8620,63101,non-attack
8621,63102,non-attack
8622,63103,non-attack
8623,63104,non-attack
8624,63105,non-attack
8625,63106,non-attack
8626,63107,non-attack
8627,63108,non-attack
8628,63109,non-attack
8629,63110,non-attack
8630,63111,non-attack
8631,63112,non-attack
8632,63113,non-attack
8633,63114,non-attack
8634,63115,non-attack
8635,63116,non-attack
8636,63117,non-attack
8637,63118,non-attack
8638,63119,non-attack
8639,63120,non-attack
8640,63121,non-attack
8641,63122,non-attack
8642,63123,non-attack
8643,63124,non-attack
8644,63125,non-attack
8645,63126,non-attack
8646,63127,non-attack
8647,63128,non-attack
8648,63129,non-attack
8649,63130,non-attack
8650,63131,non-attack
8651,63132,non-attack
8652,63133,non-attack
8653,63134,non-attack
8654,63135,non-attack
8655,63136,non-attack
8656,63137,non-attack
8657,63138,non-attack
8658,63139,non-attack
8659,63140,non-attack
8660,63141,non-attack
8661,63142,non-attack
8662,63143,non-attack
8663,63144,non-attack
8664,63145,Impact
8665,63146,non-attack
8666,63147,non-attack
8667,63148,non-attack
8668,63149,Impact
8669,63150,non-attack
8670,63151,non-attack
8671,63152,non-attack
8672,63153,non-attack
8673,63154,non-attack
8674,63155,non-attack
8675,63156,non-attack
8676,63157,non-attack
8677,63158,non-attack
8678,63159,non-attack
8679,63160,non-attack
8680,63161,non-attack
8681,63162,non-attack
8682,63163,non-attack
8683,63164,non-attack
8684,63165,non-attack
8685,63166,non-attack
8686,63167,non-attack
8687,63168,non-attack
8688,63169,non-attack
8689,63170,non-attack
8690,63171,non-attack
8691,63172,non-attack
8692,63173,non-attack
8693,63174,non-attack
8694,63175,non-attack
8695,63176,non-attack
8696,63177,non-attack
8697,63178,non-attack
8698,63179,non-attack
8699,63180,non-attack
8700,63181,non-attack
8701,63182,non-attack
8702,63183,non-attack
8703,63184,non-attack
8704,63185,non-attack
8705,63186,non-attack
8706,63187,non-attack
8707,63188,non-attack
8708,63189,non-attack
8709,63190,non-attack
8710,63191,non-attack
8711,63192,non-attack
8712,63193,non-attack
8713,63194,non-attack
8714,63195,Impact
8715,63196,Impact
8716,63197,non-attack
8717,63198,non-attack
8718,63199,non-attack
8719,63200,non-attack
8720,63201,Impact
8721,63202,non-attack
8722,63203,non-attack
8723,63204,Impact
8724,63205,non-attack
8725,63206,non-attack
8726,63207,non-attack
8727,63208,non-attack
8728,63209,non-attack
8729,63210,non-attack
8730,63211,non-attack
8731,63212,non-attack
8732,63213,non-attack
8733,63214,non-attack
8734,63215,non-attack
8735,63216,non-attack
8736,63217,non-attack
8737,63218,non-attack
8738,63219,non-attack
8739,63220,non-attack
8740,63221,non-attack
8741,63222,non-attack
8742,63223,non-attack
8743,63224,non-attack
8744,63225,non-attack
8745,63226,non-attack
8746,63227,non-attack
8747,63228,non-attack
8748,63229,non-attack
8749,63230,non-attack
8750,63231,non-attack
8751,63232,Impact
8752,63233,non-attack
8753,63234,non-attack
8754,63235,non-attack
8755,63236,non-attack
8756,63237,Impact
8757,63238,non-attack
8758,63239,Impact
8759,63240,non-attack
8760,63241,non-attack
8761,63242,non-attack
8762,63243,non-attack
8763,63244,non-attack
8764,63245,non-attack
8765,63246,non-attack
8766,63247,non-attack
8767,63248,non-attack
8768,63249,non-attack
8769,63250,non-attack
8770,63251,non-attack
8771,63252,non-attack
8772,63253,non-attack
8773,63254,non-attack
8774,63255,non-attack
8775,63256,non-attack
8776,63257,non-attack
8777,63258,non-attack
8778,63259,non-attack
8779,63260,non-attack
8780,63261,non-attack
8781,63262,non-attack
8782,63263,non-attack
8783,63264,non-attack
8784,63265,non-attack
8785,63266,non-attack
8786,63267,non-attack
8787,63268,Impact
8788,63269,Impact
8789,63270,non-attack
8790,63271,non-attack
8791,63272,non-attack
8792,63273,non-attack
8793,63274,Impact
8794,63275,non-attack
8795,63276,non-attack
8796,63277,non-attack
8797,63278,non-attack
8798,63279,Impact
8799,63280,non-attack
8800,63281,non-attack
8801,63282,non-attack
8802,63283,non-attack
8803,63284,non-attack
8804,63285,non-attack
8805,63286,non-attack
8806,63287,non-attack
8807,63288,non-attack
8808,63289,non-attack
8809,63290,non-attack
8810,63291,non-attack
8811,63292,non-attack
8812,63293,non-attack
8813,63294,non-attack
8814,63295,non-attack
8815,63296,non-attack
8816,63297,Impact
8817,63298,non-attack
8818,63299,non-attack
8819,63300,non-attack
8820,63301,Impact
8821,63302,non-attack
8822,63303,non-attack
8823,63304,Impact
8824,63305,non-attack
8825,63306,non-attack
8826,63307,non-attack
8827,63308,non-attack
8828,63309,non-attack
8829,63310,non-attack
8830,63311,non-attack
8831,63312,non-attack
8832,63313,non-attack
8833,63314,non-attack
8834,63315,non-attack
8835,63316,non-attack
8836,63317,non-attack
8837,63318,non-attack
8838,63319,non-attack
8839,63320,non-attack
8840,63321,non-attack
8841,63322,non-attack
8842,63323,non-attack
8843,63324,non-attack
8844,63325,non-attack
8845,63326,non-attack
8846,63327,non-attack
8847,63328,non-attack
8848,63329,non-attack
8849,63330,non-attack
8850,63331,non-attack
8851,63332,non-attack
8852,63333,Impact
8853,63334,non-attack
8854,63335,non-attack
8855,63336,non-attack
8856,63337,non-attack
8857,63338,non-attack
8858,63339,non-attack
8859,63340,non-attack
8860,63341,non-attack
8861,63342,Impact
8862,63343,non-attack
8863,63344,Impact
8864,63345,non-attack
8865,63346,non-attack
8866,63347,non-attack
8867,63348,non-attack
8868,63349,non-attack
8869,63350,non-attack
8870,63351,non-attack
8871,63352,non-attack
8872,63353,non-attack
8873,63354,non-attack
8874,63355,non-attack
8875,63356,non-attack
8876,63357,non-attack
8877,63358,non-attack
8878,63359,non-attack
8879,63360,non-attack
8880,63361,non-attack
8881,63362,non-attack
8882,63363,non-attack
8883,63364,non-attack
8884,63365,non-attack
8885,63366,non-attack
8886,63367,Impact
8887,63368,non-attack
8888,63369,non-attack
8889,63370,non-attack
8890,63371,non-attack
8891,63372,non-attack
8892,63373,non-attack
8893,63374,non-attack
8894,63375,non-attack
8895,63376,non-attack
8896,63377,non-attack
8897,63378,non-attack
8898,63379,non-attack
8899,63380,non-attack
8900,63381,non-attack
8901,63382,non-attack
8902,63383,non-attack
8903,63384,non-attack
8904,63385,non-attack
8905,63386,non-attack
8906,63387,non-attack
8907,63388,non-attack
8908,63389,non-attack
8909,63390,non-attack
8910,63391,non-attack
8911,63392,non-attack
8912,63393,non-attack
8913,63394,non-attack
8914,63395,non-attack
8915,63396,non-attack
8916,63397,non-attack
8917,63398,non-attack
8918,63399,non-attack
8919,63400,non-attack
8920,63401,non-attack
8921,63402,non-attack
8922,63403,non-attack
8923,63404,Impact
8924,63405,non-attack
8925,63406,non-attack
8926,63407,non-attack
8927,63408,Impact
8928,63409,non-attack
8929,63410,non-attack
8930,63411,non-attack
8931,63412,Impact
8932,63413,non-attack
8933,63414,non-attack
8934,63415,non-attack
8935,63416,non-attack
8936,63417,non-attack
8937,63418,non-attack
8938,63419,non-attack
8939,63420,non-attack
8940,63421,non-attack
8941,63422,non-attack
8942,63423,non-attack
8943,63424,non-attack
8944,63425,non-attack
8945,63426,non-attack
8946,63427,non-attack
8947,63428,non-attack
8948,63429,non-attack
8949,63430,non-attack
8950,63431,non-attack
8951,63432,non-attack
8952,63433,non-attack
8953,63434,non-attack
8954,63435,non-attack
8955,63436,non-attack
8956,63437,non-attack
8957,63438,non-attack
8958,63439,Impact
8959,63440,non-attack
8960,63441,non-attack
8961,63442,non-attack
8962,63443,non-attack
8963,63444,non-attack
8964,63445,non-attack
8965,63446,non-attack
8966,63447,Impact
8967,63448,non-attack
8968,63449,non-attack
8969,63450,non-attack
8970,63451,non-attack
8971,63452,non-attack
8972,63453,Impact
8973,63454,non-attack
8974,63455,non-attack
8975,63456,non-attack
8976,63457,non-attack
8977,63458,non-attack
8978,63459,non-attack
8979,63460,non-attack
8980,63461,non-attack
8981,63462,non-attack
8982,63463,non-attack
8983,63464,non-attack
8984,63465,non-attack
8985,63466,non-attack
8986,63467,non-attack
8987,63468,non-attack
8988,63469,non-attack
8989,63470,non-attack
8990,63471,non-attack
8991,63472,non-attack
8992,63473,non-attack
8993,63474,non-attack
8994,63475,non-attack
8995,63476,non-attack
8996,63477,non-attack
8997,63478,non-attack
8998,63479,non-attack
8999,63480,Impact
9000,63481,non-attack
9001,63482,non-attack
9002,63483,non-attack
9003,63484,non-attack
9004,63485,non-attack
9005,63486,Impact
9006,63487,non-attack
9007,63488,non-attack
9008,63489,non-attack
9009,63490,non-attack
9010,63491,non-attack
9011,63492,Impact
9012,63493,non-attack
9013,63494,non-attack
9014,63495,non-attack
9015,63496,non-attack
9016,63497,non-attack
9017,63498,non-attack
9018,63499,Impact
9019,63500,non-attack
9020,63501,non-attack
9021,63502,non-attack
9022,63503,non-attack
9023,63504,non-attack
9024,63505,non-attack
9025,63506,non-attack
9026,63507,non-attack
9027,63508,non-attack
9028,63509,non-attack
9029,63510,non-attack
9030,63511,non-attack
9031,63512,non-attack
9032,63513,non-attack
9033,63514,non-attack
9034,63515,non-attack
9035,63516,non-attack
9036,63517,non-attack
9037,63518,Impact
9038,63519,non-attack
9039,63520,non-attack
9040,63521,non-attack
9041,63522,non-attack
9042,63523,Impact
9043,63524,non-attack
9044,63525,non-attack
9045,63526,non-attack
9046,63527,non-attack
9047,63528,non-attack
9048,63529,non-attack
9049,63530,non-attack
9050,63531,non-attack
9051,63532,non-attack
9052,63533,non-attack
9053,63534,non-attack
9054,63535,non-attack
9055,63536,non-attack
9056,63537,non-attack
9057,63538,non-attack
9058,63539,non-attack
9059,63540,non-attack
9060,63541,non-attack
9061,63542,non-attack
9062,63543,non-attack
9063,63544,non-attack
9064,63545,non-attack
9065,63546,non-attack
9066,63547,non-attack
9067,63548,non-attack
9068,63549,non-attack
9069,63550,non-attack
9070,63551,non-attack
9071,63552,non-attack
9072,63553,Impact
9073,63554,non-attack
9074,63555,non-attack
9075,63556,non-attack
9076,63557,non-attack
9077,63558,non-attack
9078,63559,non-attack
9079,63560,non-attack
9080,63561,non-attack
9081,63562,non-attack
9082,63563,non-attack
9083,63564,non-attack
9084,63565,non-attack
9085,63566,non-attack
9086,63567,non-attack
9087,63568,non-attack
9088,63569,non-attack
9089,63570,non-attack
9090,63571,non-attack
9091,63572,non-attack
9092,63573,non-attack
9093,63574,non-attack
9094,63575,non-attack
9095,63576,non-attack
9096,63577,non-attack
9097,63578,non-attack
9098,63579,non-attack
9099,63580,non-attack
9100,63581,non-attack
9101,63582,non-attack
9102,63583,non-attack
9103,63584,non-attack
9104,63585,non-attack
9105,63586,non-attack
9106,63587,non-attack
9107,63588,Impact
9108,63589,non-attack
9109,63590,non-attack
9110,63591,non-attack
9111,63592,non-attack
9112,63593,non-attack
9113,63594,non-attack
9114,63595,non-attack
9115,63596,non-attack
9116,63597,non-attack
9117,63598,non-attack
9118,63599,Impact
9119,63600,non-attack
9120,63601,non-attack
9121,63602,non-attack
9122,63603,non-attack
9123,63604,non-attack
9124,63605,non-attack
9125,63606,non-attack
9126,63607,non-attack
9127,63608,non-attack
9128,63609,non-attack
9129,63610,non-attack
9130,63611,non-attack
9131,63612,non-attack
9132,63613,non-attack
9133,63614,non-attack
9134,63615,non-attack
9135,63616,non-attack
9136,63617,non-attack
9137,63618,non-attack
9138,63619,non-attack
9139,63620,non-attack
9140,63621,non-attack
9141,63622,non-attack
9142,63623,non-attack
9143,63624,non-attack
9144,63625,non-attack
9145,63626,non-attack
9146,63627,non-attack
9147,63628,Impact
9148,63629,non-attack
9149,63630,non-attack
9150,63631,non-attack
9151,63632,non-attack
9152,63633,non-attack
9153,63634,non-attack
9154,63635,non-attack
9155,63636,non-attack
9156,63637,non-attack
9157,63638,non-attack
9158,63639,non-attack
9159,63640,non-attack
9160,63641,non-attack
9161,63642,non-attack
9162,63643,non-attack
9163,63644,non-attack
9164,63645,non-attack
9165,63646,non-attack
9166,63647,non-attack
9167,63648,non-attack
9168,63649,non-attack
9169,63650,non-attack
9170,63651,non-attack
9171,63652,non-attack
9172,63653,non-attack
9173,63654,non-attack
9174,63655,non-attack
9175,63656,non-attack
9176,63657,non-attack
9177,63658,non-attack
9178,63659,non-attack
9179,63660,non-attack
9180,63661,non-attack
9181,63662,non-attack
9182,63663,non-attack
9183,63664,non-attack
9184,63665,non-attack
9185,63666,non-attack
9186,63667,non-attack
9187,63668,non-attack
9188,63669,non-attack
9189,63670,non-attack
9190,63671,non-attack
9191,63672,non-attack
9192,63673,non-attack
9193,63674,non-attack
9194,63675,non-attack
9195,63676,non-attack
9196,63677,non-attack
9197,63678,non-attack
9198,63679,non-attack
9199,63680,non-attack
9200,63681,non-attack
9201,63682,non-attack
9202,63683,non-attack
9203,63684,non-attack
9204,63685,non-attack
9205,63686,non-attack
9206,63687,non-attack
9207,63688,non-attack
9208,63689,non-attack
9209,63690,non-attack
9210,63691,non-attack
9211,63692,Impact
9212,63693,non-attack
9213,63694,non-attack
9214,63695,non-attack
9215,63696,non-attack
9216,63697,non-attack
9217,63698,non-attack
9218,63699,non-attack
9219,63700,non-attack
9220,63701,non-attack
9221,63702,non-attack
9222,63703,non-attack
9223,63704,non-attack
9224,63705,non-attack
9225,63706,non-attack
9226,63707,non-attack
9227,63708,non-attack
9228,63709,non-attack
9229,63710,non-attack
9230,63711,non-attack
9231,63712,non-attack
9232,63713,non-attack
9233,63714,non-attack
9234,63715,non-attack
9235,63716,non-attack
9236,63717,non-attack
9237,63718,non-attack
9238,63719,Impact
9239,63720,non-attack
9240,63721,non-attack
9241,63722,non-attack
9242,63723,non-attack
9243,63724,non-attack
9244,63725,non-attack
9245,63726,Impact
9246,63727,non-attack
9247,63728,non-attack
9248,63729,non-attack
9249,63730,non-attack
9250,63731,non-attack
9251,63732,non-attack
9252,63733,Impact
9253,63734,non-attack
9254,63735,non-attack
9255,63736,non-attack
9256,63737,non-attack
9257,63738,non-attack
9258,63739,non-attack
9259,63740,non-attack
9260,63741,non-attack
9261,63742,non-attack
9262,63743,non-attack
9263,63744,non-attack
9264,63745,non-attack
9265,63746,non-attack
9266,63747,non-attack
9267,63748,non-attack
9268,63749,non-attack
9269,63750,non-attack
9270,63751,non-attack
9271,63752,non-attack
9272,63753,non-attack
9273,63754,Impact
9274,63755,non-attack
9275,63756,Impact
9276,63757,non-attack
9277,63758,non-attack
9278,63759,non-attack
9279,63760,non-attack
9280,63761,non-attack
9281,63762,non-attack
9282,63763,non-attack
9283,63764,non-attack
9284,63765,non-attack
9285,63766,non-attack
9286,63767,non-attack
9287,63768,Impact
9288,63769,non-attack
9289,63770,non-attack
9290,63771,Impact
9291,63772,non-attack
9292,63773,non-attack
9293,63774,non-attack
9294,63775,Impact
9295,63776,non-attack
9296,63777,Impact
9297,63778,non-attack
9298,63779,non-attack
9299,63780,non-attack
9300,63781,non-attack
9301,63782,non-attack
9302,63783,non-attack
9303,63784,Impact
9304,63785,non-attack
9305,63786,non-attack
9306,63787,non-attack
9307,63788,non-attack
9308,63789,non-attack
9309,63790,non-attack
9310,63791,non-attack
9311,63792,non-attack
9312,63793,non-attack
9313,63794,non-attack
9314,63795,non-attack
9315,63796,non-attack
9316,63797,non-attack
9317,63798,Impact
9318,63799,Impact
9319,63800,non-attack
9320,63801,non-attack
9321,63802,non-attack
9322,63803,non-attack
9323,63804,non-attack
9324,63805,non-attack
9325,63806,non-attack
9326,63807,non-attack
9327,63808,non-attack
9328,63809,non-attack
9329,63810,Impact
9330,63811,non-attack
9331,63812,non-attack
9332,63813,non-attack
9333,63814,Impact
9334,63815,non-attack
9335,63816,non-attack
9336,63817,non-attack
9337,63818,non-attack
9338,63819,non-attack
9339,63820,non-attack
9340,63821,non-attack
9341,63822,non-attack
9342,63823,non-attack
9343,63824,non-attack
9344,63825,non-attack
9345,63826,non-attack
9346,63827,non-attack
9347,63828,non-attack
9348,63829,non-attack
9349,63830,non-attack
9350,63831,non-attack
9351,63832,non-attack
9352,63833,non-attack
9353,63834,non-attack
9354,63835,non-attack
9355,63836,non-attack
9356,63837,non-attack
9357,63838,non-attack
9358,63839,non-attack
9359,63840,non-attack
9360,63841,non-attack
9361,63842,non-attack
9362,63843,non-attack
9363,63844,non-attack
9364,63845,non-attack
9365,63846,non-attack
9366,63847,non-attack
9367,63848,non-attack
9368,63849,non-attack
9369,63850,non-attack
9370,63851,non-attack
9371,63852,non-attack
9372,63853,non-attack
9373,63854,non-attack
9374,63855,non-attack
9375,63856,non-attack
9376,63857,non-attack
9377,63858,non-attack
9378,63859,non-attack
9379,63860,non-attack
9380,63861,non-attack
9381,63862,non-attack
9382,63863,non-attack
9383,63864,non-attack
9384,63865,non-attack
9385,63866,non-attack
9386,63867,non-attack
9387,63868,non-attack
9388,63869,non-attack
9389,63870,non-attack
9390,63871,non-attack
9391,63872,non-attack
9392,63873,non-attack
9393,63874,non-attack
9394,63875,non-attack
9395,63876,non-attack
9396,63877,non-attack
9397,63878,non-attack
9398,63879,non-attack
9399,63880,non-attack
9400,63881,non-attack
9401,63882,non-attack
9402,63883,non-attack
9403,63884,non-attack
9404,63885,non-attack
9405,63886,non-attack
9406,63887,non-attack
9407,63888,non-attack
9408,63889,non-attack
9409,63890,non-attack
9410,63891,non-attack
9411,63892,non-attack
9412,63893,non-attack
9413,63894,non-attack
9414,63895,non-attack
9415,63896,non-attack
9416,63897,non-attack
9417,63898,non-attack
9418,63899,non-attack
9419,63900,non-attack
9420,63901,non-attack
9421,63902,non-attack
9422,63903,non-attack
9423,63904,non-attack
9424,63905,non-attack
9425,63906,non-attack
9426,63907,Impact
9427,63908,non-attack
9428,63909,non-attack
9429,63910,non-attack
9430,63911,non-attack
9431,63912,non-attack
9432,63913,non-attack
9433,63914,non-attack
9434,63915,non-attack
9435,63916,non-attack
9436,63917,non-attack
9437,63918,non-attack
9438,63919,non-attack
9439,63920,non-attack
9440,63921,non-attack
9441,63922,non-attack
9442,63923,non-attack
9443,63924,non-attack
9444,63925,non-attack
9445,63926,non-attack
9446,63927,non-attack
9447,63928,non-attack
9448,63929,non-attack
9449,63930,non-attack
9450,63931,non-attack
9451,63932,non-attack
9452,63933,non-attack
9453,63934,non-attack
9454,63935,non-attack
9455,63936,non-attack
9456,63937,non-attack
9457,63938,non-attack
9458,63939,non-attack
9459,63940,non-attack
9460,63941,non-attack
9461,63942,non-attack
9462,63943,non-attack
9463,63944,non-attack
9464,63945,non-attack
9465,63946,non-attack
9466,63947,non-attack
9467,63948,Impact
9468,63949,non-attack
9469,63950,non-attack
9470,63951,non-attack
9471,63952,non-attack
9472,63953,non-attack
9473,63954,non-attack
9474,63955,non-attack
9475,63956,non-attack
9476,63957,Impact
9477,63958,non-attack
9478,63959,non-attack
9479,63960,Impact
9480,63961,non-attack
9481,63962,non-attack
9482,63963,non-attack
9483,63964,non-attack
9484,63965,non-attack
9485,63966,non-attack
9486,63967,Impact
9487,63968,non-attack
9488,63969,non-attack
9489,63970,non-attack
9490,63971,non-attack
9491,63972,non-attack
9492,63973,non-attack
9493,63974,non-attack
9494,63975,non-attack
9495,63976,non-attack
9496,63977,non-attack
9497,63978,non-attack
9498,63979,non-attack
9499,63980,non-attack
9500,63981,non-attack
9501,63982,non-attack
9502,63983,non-attack
9503,63984,non-attack
9504,63985,non-attack
9505,63986,non-attack
9506,63987,non-attack
9507,63988,non-attack
9508,63989,non-attack
9509,63990,non-attack
9510,63991,non-attack
9511,63992,non-attack
9512,63993,non-attack
9513,63994,non-attack
9514,63995,non-attack
9515,63996,non-attack
9516,63997,non-attack
9517,63998,non-attack
9518,63999,non-attack
9519,64000,Impact
9520,64001,non-attack
9521,64002,Impact
9522,64003,non-attack
9523,64004,non-attack
9524,64005,non-attack
9525,64006,non-attack
9526,64007,non-attack
9527,64008,non-attack
9528,64009,non-attack
9529,64010,non-attack
9530,64011,non-attack
9531,64012,non-attack
9532,64013,non-attack
9533,64014,non-attack
9534,64015,Impact
9535,64016,non-attack
9536,64017,non-attack
9537,64018,Impact
9538,64019,non-attack
9539,64020,non-attack
9540,64021,non-attack
9541,64022,non-attack
9542,64023,non-attack
9543,64024,non-attack
9544,64025,non-attack
9545,64026,non-attack
9546,64027,non-attack
9547,64028,non-attack
9548,64029,non-attack
9549,64030,non-attack
9550,64031,non-attack
9551,64032,non-attack
9552,64033,non-attack
9553,64034,non-attack
9554,64035,non-attack
9555,64036,non-attack
9556,64037,non-attack
9557,64038,non-attack
9558,64039,non-attack
9559,64040,non-attack
9560,64041,Impact
9561,64042,non-attack
9562,64043,non-attack
9563,64044,non-attack
9564,64045,Impact
9565,64046,non-attack
9566,64047,Impact
9567,64048,non-attack
9568,64049,non-attack
9569,64050,Impact
9570,64051,non-attack
9571,64052,non-attack
9572,64053,non-attack
9573,64054,non-attack
9574,64055,non-attack
9575,64056,non-attack
9576,64057,non-attack
9577,64058,non-attack
9578,64059,non-attack
9579,64060,non-attack
9580,64061,non-attack
9581,64062,non-attack
9582,64063,non-attack
9583,64064,non-attack
9584,64065,non-attack
9585,64066,non-attack
9586,64067,non-attack
9587,64068,non-attack
9588,64069,non-attack
9589,64070,non-attack
9590,64071,non-attack
9591,64072,non-attack
9592,64073,non-attack
9593,64074,non-attack
9594,64075,non-attack
9595,64076,non-attack
9596,64077,non-attack
9597,64078,non-attack
9598,64079,non-attack
9599,64080,non-attack
9600,64081,non-attack
9601,64082,non-attack
9602,64083,non-attack
9603,64084,non-attack
9604,64085,non-attack
9605,64086,non-attack
9606,64087,non-attack
9607,64088,non-attack
9608,64089,non-attack
9609,64090,non-attack
9610,64091,non-attack
9611,64092,non-attack
9612,64093,non-attack
9613,64094,non-attack
9614,64095,non-attack
9615,64096,non-attack
9616,64097,non-attack
9617,64098,non-attack
9618,64099,non-attack
9619,64100,non-attack
9620,64101,non-attack
9621,64102,non-attack
9622,64103,non-attack
9623,64104,non-attack
9624,64105,non-attack
9625,64106,non-attack
9626,64107,non-attack
9627,64108,non-attack
9628,64109,non-attack
9629,64110,non-attack
9630,64111,non-attack
9631,64112,non-attack
9632,64113,non-attack
9633,64114,non-attack
9634,64115,non-attack
9635,64116,non-attack
9636,64117,non-attack
9637,64118,non-attack
9638,64119,non-attack
9639,64120,non-attack
9640,64121,non-attack
9641,64122,non-attack
9642,64123,non-attack
9643,64124,Impact
9644,64125,non-attack
9645,64126,non-attack
9646,64127,non-attack
9647,64128,non-attack
9648,64129,non-attack
9649,64130,non-attack
9650,64131,non-attack
9651,64132,non-attack
9652,64133,non-attack
9653,64134,non-attack
9654,64135,non-attack
9655,64136,non-attack
9656,64137,non-attack
9657,64138,non-attack
9658,64139,non-attack
9659,64140,non-attack
9660,64141,non-attack
9661,64142,non-attack
9662,64143,non-attack
9663,64144,non-attack
9664,64145,non-attack
9665,64146,non-attack
9666,64147,non-attack
9667,64148,non-attack
9668,64149,non-attack
9669,64150,non-attack
9670,64151,non-attack
9671,64152,non-attack
9672,64153,non-attack
9673,64154,non-attack
9674,64155,non-attack
9675,64156,non-attack
9676,64157,non-attack
9677,64158,non-attack
9678,64159,non-attack
9679,64160,non-attack
9680,64161,non-attack
9681,64162,non-attack
9682,64163,non-attack
9683,64164,non-attack
9684,64165,non-attack
9685,64166,Impact
9686,64167,non-attack
9687,64168,non-attack
9688,64169,non-attack
9689,64170,non-attack
9690,64171,non-attack
9691,64172,non-attack
9692,64173,non-attack
9693,64174,non-attack
9694,64175,non-attack
9695,64176,non-attack
9696,64177,non-attack
9697,64178,non-attack
9698,64179,non-attack
9699,64180,non-attack
9700,64181,non-attack
9701,64182,non-attack
9702,64183,non-attack
9703,64184,non-attack
9704,64185,non-attack
9705,64186,non-attack
9706,64187,non-attack
9707,64188,non-attack
9708,64189,non-attack
9709,64190,non-attack
9710,64191,Impact
9711,64192,non-attack
9712,64193,non-attack
9713,64194,non-attack
9714,64195,non-attack
9715,64196,Impact
9716,64197,non-attack
9717,64198,non-attack
9718,64199,non-attack
9719,64200,non-attack
9720,64201,non-attack
9721,64202,Impact
9722,64203,non-attack
9723,64204,non-attack
9724,64205,non-attack
9725,64206,non-attack
9726,64207,non-attack
9727,64208,non-attack
9728,64209,non-attack
9729,64210,non-attack
9730,64211,non-attack
9731,64212,non-attack
9732,64213,non-attack
9733,64214,non-attack
9734,64215,Impact
9735,64216,non-attack
9736,64217,non-attack
9737,64218,Impact
9738,64219,non-attack
9739,64220,non-attack
9740,64221,non-attack
9741,64222,non-attack
9742,64223,non-attack
9743,64224,non-attack
9744,64225,non-attack
9745,64226,non-attack
9746,64227,non-attack
9747,64228,non-attack
9748,64229,non-attack
9749,64230,non-attack
9750,64231,non-attack
9751,64232,non-attack
9752,64233,non-attack
9753,64234,non-attack
9754,64235,non-attack
9755,64236,non-attack
9756,64237,non-attack
9757,64238,non-attack
9758,64239,non-attack
9759,64240,non-attack
9760,64241,non-attack
9761,64242,non-attack
9762,64243,non-attack
9763,64244,non-attack
9764,64245,non-attack
9765,64246,non-attack
9766,64247,non-attack
9767,64248,non-attack
9768,64249,non-attack
9769,64250,non-attack
9770,64251,non-attack
9771,64252,non-attack
9772,64253,non-attack
9773,64254,non-attack
9774,64255,non-attack
9775,64256,Impact
9776,64257,Impact
9777,64258,non-attack
9778,64259,non-attack
9779,64260,non-attack
9780,64261,Impact
9781,64262,non-attack
9782,64263,non-attack
9783,64264,non-attack
9784,64265,non-attack
9785,64266,non-attack
9786,64267,Impact
9787,64268,non-attack
9788,64269,non-attack
9789,64270,non-attack
9790,64271,non-attack
9791,64272,non-attack
9792,64273,non-attack
9793,64274,non-attack
9794,64275,non-attack
9795,64276,non-attack
9796,64277,non-attack
9797,64278,non-attack
9798,64279,non-attack
9799,64280,non-attack
9800,64281,non-attack
9801,64282,non-attack
9802,64283,non-attack
9803,64284,non-attack
9804,64285,Impact
9805,64286,non-attack
9806,64287,non-attack
9807,64288,non-attack
9808,64289,non-attack
9809,64290,non-attack
9810,64291,non-attack
9811,64292,non-attack
9812,64293,non-attack
9813,64294,non-attack
9814,64295,non-attack
9815,64296,non-attack
9816,64297,non-attack
9817,64298,non-attack
9818,64299,non-attack
9819,64300,non-attack
9820,64301,non-attack
9821,64302,non-attack
9822,64303,non-attack
9823,64304,non-attack
9824,64305,non-attack
9825,64306,non-attack
9826,64307,Impact
9827,64308,non-attack
9828,64309,non-attack
9829,64310,non-attack
9830,64311,non-attack
9831,64312,non-attack
9832,64313,non-attack
9833,64314,non-attack
9834,64315,non-attack
9835,64316,non-attack
9836,64317,non-attack
9837,64318,non-attack
9838,64319,non-attack
9839,64320,non-attack
9840,64321,non-attack
9841,64322,non-attack
9842,64323,non-attack
9843,64324,non-attack
9844,64325,non-attack
9845,64326,non-attack
9846,64327,non-attack
9847,64328,non-attack
9848,64329,non-attack
9849,64330,non-attack
9850,64331,non-attack
9851,64332,non-attack
9852,64333,non-attack
9853,64334,non-attack
9854,64335,non-attack
9855,64336,non-attack
9856,64337,non-attack
9857,64338,non-attack
9858,64339,non-attack
9859,64340,non-attack
9860,64341,non-attack
9861,64342,non-attack
9862,64343,non-attack
9863,64344,non-attack
9864,64345,non-attack
9865,64346,non-attack
9866,64347,non-attack
9867,64348,non-attack
9868,64349,non-attack
9869,64350,non-attack
9870,64351,non-attack
9871,64352,non-attack
9872,64353,non-attack
9873,64354,non-attack
9874,64355,non-attack
9875,64356,non-attack
9876,64357,non-attack
9877,64358,non-attack
9878,64359,non-attack
9879,64360,non-attack
9880,64361,non-attack
9881,64362,non-attack
9882,64363,non-attack
9883,64364,non-attack
9884,64365,non-attack
9885,64366,non-attack
9886,64367,non-attack
9887,64368,non-attack
9888,64369,non-attack
9889,64370,non-attack
9890,64371,non-attack
9891,64372,non-attack
9892,64373,non-attack
9893,64374,non-attack
9894,64375,non-attack
9895,64376,non-attack
9896,64377,non-attack
9897,64378,non-attack
9898,64379,non-attack
9899,64380,non-attack
9900,64381,non-attack
9901,64382,non-attack
9902,64383,non-attack
9903,64384,non-attack
9904,64385,non-attack
9905,64386,non-attack
9906,64387,non-attack
9907,64388,non-attack
9908,64389,non-attack
9909,64390,non-attack
9910,64391,non-attack
9911,64392,non-attack
9912,64393,non-attack
9913,64394,non-attack
9914,64395,non-attack
9915,64396,non-attack
9916,64397,non-attack
9917,64398,non-attack
9918,64399,non-attack
9919,64400,non-attack
9920,64401,non-attack
9921,64402,Impact
9922,64403,non-attack
9923,64404,non-attack
9924,64405,non-attack
9925,64406,non-attack
9926,64407,non-attack
9927,64408,non-attack
9928,64409,non-attack
9929,64410,non-attack
9930,64411,non-attack
9931,64412,non-attack
9932,64413,non-attack
9933,64414,non-attack
9934,64415,non-attack
9935,64416,non-attack
9936,64417,non-attack
9937,64418,non-attack
9938,64419,non-attack
9939,64420,non-attack
9940,64421,non-attack
9941,64422,non-attack
9942,64423,non-attack
9943,64424,non-attack
9944,64425,non-attack
9945,64426,non-attack
9946,64427,non-attack
9947,64428,non-attack
9948,64429,non-attack
9949,64430,non-attack
9950,64431,non-attack
9951,64432,non-attack
9952,64433,non-attack
9953,64434,non-attack
9954,64435,non-attack
9955,64436,non-attack
9956,64437,non-attack
9957,64438,non-attack
9958,64439,non-attack
9959,64440,non-attack
9960,64441,non-attack
9961,64442,non-attack
9962,64443,non-attack
9963,64444,non-attack
9964,64445,non-attack
9965,64446,non-attack
9966,64447,non-attack
9967,64448,non-attack
9968,64449,non-attack
9969,64450,non-attack
9970,64451,non-attack
9971,64452,non-attack
9972,64453,non-attack
9973,64454,non-attack
9974,64455,non-attack
9975,64456,non-attack
9976,64457,non-attack
9977,64458,non-attack
9978,64459,non-attack
9979,64460,non-attack
9980,64461,non-attack
9981,64462,non-attack
9982,64463,non-attack
9983,64464,non-attack
9984,64465,non-attack
9985,64466,non-attack
9986,64467,non-attack
9987,64468,non-attack
9988,64469,non-attack
9989,64470,non-attack
9990,64471,non-attack
9991,64472,non-attack
9992,64473,non-attack
9993,64474,non-attack
9994,64475,non-attack
9995,64476,non-attack
9996,64477,non-attack
9997,64478,non-attack
9998,64479,non-attack
9999,64480,non-attack
10000,64481,non-attack
10001,64482,non-attack
10002,64483,non-attack
10003,64484,non-attack
10004,64485,non-attack
10005,64486,non-attack
10006,64487,non-attack
10007,64488,non-attack
10008,64489,Impact
10009,64490,non-attack
10010,64491,non-attack
10011,64492,non-attack
10012,64493,non-attack
10013,64494,non-attack
10014,64495,non-attack
10015,64496,Impact
10016,64497,non-attack
10017,64498,non-attack
10018,64499,non-attack
10019,64500,non-attack
10020,64501,non-attack
10021,64502,Impact
10022,64503,non-attack
10023,64504,non-attack
10024,64505,non-attack
10025,64506,non-attack
10026,64507,non-attack
10027,64508,non-attack
10028,64509,non-attack
10029,64510,non-attack
10030,64511,non-attack
10031,64512,non-attack
10032,64513,non-attack
10033,64514,Impact
10034,64515,non-attack
10035,64516,non-attack
10036,64517,non-attack
10037,64518,non-attack
10038,64519,non-attack
10039,64520,non-attack
10040,64521,non-attack
10041,64522,non-attack
10042,64523,non-attack
10043,64524,non-attack
10044,64525,non-attack
10045,64526,non-attack
10046,64527,non-attack
10047,64528,non-attack
10048,64529,non-attack
10049,64530,non-attack
10050,64531,non-attack
10051,64532,non-attack
10052,64533,non-attack
10053,64534,non-attack
10054,64535,non-attack
10055,64536,non-attack
10056,64537,non-attack
10057,64538,non-attack
10058,64539,non-attack
10059,64540,non-attack
10060,64541,non-attack
10061,64542,non-attack
10062,64543,non-attack
10063,64544,non-attack
10064,64545,non-attack
10065,64546,non-attack
10066,64547,non-attack
10067,64548,non-attack
10068,64549,Impact
10069,64550,non-attack
10070,64551,non-attack
10071,64552,Impact
10072,64553,non-attack
10073,64554,non-attack
10074,64555,non-attack
10075,64556,non-attack
10076,64557,non-attack
10077,64558,non-attack
10078,64559,non-attack
10079,64560,non-attack
10080,64561,non-attack
10081,64562,non-attack
10082,64563,non-attack
10083,64564,non-attack
10084,64565,non-attack
10085,64566,non-attack
10086,64567,non-attack
10087,64568,non-attack
10088,64569,non-attack
10089,64570,non-attack
10090,64571,Reconnaissance
10091,64572,non-attack
10092,64573,non-attack
10093,64574,non-attack
10094,64575,non-attack
10095,64576,non-attack
10096,64577,non-attack
10097,64578,non-attack
10098,64579,non-attack
10099,64580,non-attack
10100,64581,non-attack
10101,64582,non-attack
10102,64583,non-attack
10103,64584,non-attack
10104,64585,non-attack
10105,64586,non-attack
10106,64587,non-attack
10107,64588,non-attack
10108,64589,non-attack
10109,64590,non-attack
10110,64591,non-attack
10111,64592,non-attack
10112,64593,non-attack
10113,64594,non-attack
10114,64595,non-attack
10115,64596,non-attack
10116,64597,non-attack
10117,64598,non-attack
10118,64599,non-attack
10119,64600,non-attack
10120,64601,non-attack
10121,64602,non-attack
10122,64603,non-attack
10123,64604,non-attack
10124,64605,non-attack
10125,64606,non-attack
10126,64607,non-attack
10127,64608,non-attack
10128,64609,Reconnaissance
10129,64610,non-attack
10130,64611,non-attack
10131,64612,non-attack
10132,64613,non-attack
10133,64614,non-attack
10134,64615,non-attack
10135,64616,non-attack
10136,64617,non-attack
10137,64618,non-attack
10138,64619,non-attack
10139,64620,non-attack
10140,64621,non-attack
10141,64622,non-attack
10142,64623,non-attack
10143,64624,non-attack
10144,64625,non-attack
10145,64626,non-attack
10146,64627,non-attack
10147,64628,non-attack
10148,64629,non-attack
10149,64630,non-attack
10150,64631,non-attack
10151,64632,non-attack
10152,64633,non-attack
10153,64634,non-attack
10154,64635,non-attack
10155,64636,non-attack
10156,64637,non-attack
10157,64638,non-attack
10158,64639,non-attack
10159,64640,non-attack
10160,64641,non-attack
10161,64642,non-attack
10162,64643,Impact
10163,64644,non-attack
10164,64645,non-attack
10165,64646,non-attack
10166,64647,non-attack
10167,64648,non-attack
10168,64649,non-attack
10169,64650,non-attack
10170,64651,non-attack
10171,64652,non-attack
10172,64653,non-attack
10173,64654,non-attack
10174,64655,non-attack
10175,64656,non-attack
10176,64657,non-attack
10177,64658,non-attack
10178,64659,non-attack
10179,64660,non-attack
10180,64661,non-attack
10181,64662,non-attack
10182,64663,non-attack
10183,64664,non-attack
10184,64665,non-attack
10185,64666,Impact
10186,64667,non-attack
10187,64668,Impact
10188,64669,non-attack
10189,64670,non-attack
10190,64671,Impact
10191,64672,non-attack
10192,64673,non-attack
10193,64674,non-attack
10194,64675,non-attack
10195,64676,non-attack
10196,64677,non-attack
10197,64678,non-attack
10198,64679,non-attack
10199,64680,non-attack
10200,64681,non-attack
10201,64682,non-attack
10202,64683,non-attack
10203,64684,non-attack
10204,64685,non-attack
10205,64686,non-attack
10206,64687,non-attack
10207,64688,Impact
10208,64689,non-attack
10209,64690,non-attack
10210,64691,non-attack
10211,64692,non-attack
10212,64693,non-attack
10213,64694,non-attack
10214,64695,non-attack
10215,64696,non-attack
10216,64697,non-attack
10217,64698,non-attack
10218,64699,non-attack
10219,64700,non-attack
10220,64701,non-attack
10221,64702,non-attack
10222,64703,non-attack
10223,64704,non-attack
10224,64705,non-attack
10225,64706,non-attack
10226,64707,non-attack
10227,64708,non-attack
10228,64709,non-attack
10229,64710,non-attack
10230,64711,non-attack
10231,64712,non-attack
10232,64713,non-attack
10233,64714,non-attack
10234,64715,non-attack
10235,64716,non-attack
10236,64717,non-attack
10237,64718,non-attack
10238,64719,Impact
10239,64720,non-attack
10240,64721,non-attack
10241,64722,non-attack
10242,64723,non-attack
10243,64724,non-attack
10244,64725,non-attack
10245,64726,non-attack
10246,64727,non-attack
10247,64728,non-attack
10248,64729,non-attack
10249,64730,non-attack
10250,64731,non-attack
10251,64732,non-attack
10252,64733,non-attack
10253,64734,non-attack
10254,64735,non-attack
10255,64736,non-attack
10256,64737,non-attack
10257,64738,non-attack
10258,64739,non-attack
10259,64740,non-attack
10260,64741,non-attack
10261,64742,non-attack
10262,64743,non-attack
10263,64744,Reconnaissance
10264,64745,non-attack
10265,64746,non-attack
10266,64747,non-attack
10267,64748,non-attack
10268,64749,non-attack
10269,64750,non-attack
10270,64751,non-attack
10271,64752,non-attack
10272,64753,non-attack
10273,64754,non-attack
10274,64755,non-attack
10275,64756,non-attack
10276,64757,non-attack
10277,64758,non-attack
10278,64759,non-attack
10279,64760,Impact
10280,64761,non-attack
10281,64762,non-attack
10282,64763,Impact
10283,64764,non-attack
10284,64765,non-attack
10285,64766,Impact
10286,64767,non-attack
10287,64768,non-attack
10288,64769,non-attack
10289,64770,non-attack
10290,64771,non-attack
10291,64772,non-attack
10292,64773,non-attack
10293,64774,Impact
10294,64775,non-attack
10295,64776,non-attack
10296,64777,non-attack
10297,64778,non-attack
10298,64779,non-attack
10299,64780,non-attack
10300,64781,non-attack
10301,64782,non-attack
10302,64783,non-attack
10303,64784,non-attack
10304,64785,non-attack
10305,64786,non-attack
10306,64787,non-attack
10307,64788,non-attack
10308,64789,non-attack
10309,64790,non-attack
10310,64791,non-attack
10311,64792,non-attack
10312,64793,Impact
10313,64794,non-attack
10314,64795,non-attack
10315,64796,non-attack
10316,64797,non-attack
10317,64798,non-attack
10318,64799,non-attack
10319,64800,non-attack
10320,64801,non-attack
10321,64802,non-attack
10322,64803,non-attack
10323,64804,non-attack
10324,64805,non-attack
10325,64806,non-attack
10326,64807,non-attack
10327,64808,non-attack
10328,64809,non-attack
10329,64810,non-attack
10330,64811,non-attack
10331,64812,non-attack
10332,64813,non-attack
10333,64814,Impact
10334,64815,non-attack
10335,64816,non-attack
10336,64817,non-attack
10337,64818,non-attack
10338,64819,Impact
10339,64820,Impact
10340,64821,non-attack
10341,64822,non-attack
10342,64823,non-attack
10343,64824,non-attack
10344,64825,Impact
10345,64826,non-attack
10346,64827,Impact
10347,64828,non-attack
10348,64829,non-attack
10349,64830,non-attack
10350,64831,non-attack
10351,64832,non-attack
10352,64833,non-attack
10353,64834,non-attack
10354,64835,non-attack
10355,64836,non-attack
10356,64837,non-attack
10357,64838,non-attack
10358,64839,non-attack
10359,64840,non-attack
10360,64841,non-attack
10361,64842,non-attack
10362,64843,non-attack
10363,64844,non-attack
10364,64845,non-attack
10365,64846,non-attack
10366,64847,non-attack
10367,64848,non-attack
10368,64849,non-attack
10369,64850,non-attack
10370,64851,non-attack
10371,64852,non-attack
10372,64853,non-attack
10373,64854,non-attack
10374,64855,non-attack
10375,64856,non-attack
10376,64857,Impact
10377,64858,non-attack
10378,64859,non-attack
10379,64860,non-attack
10380,64861,Impact
10381,64862,non-attack
10382,64863,non-attack
10383,64864,non-attack
10384,64865,non-attack
10385,64866,non-attack
10386,64867,non-attack
10387,64868,non-attack
10388,64869,non-attack
10389,64870,non-attack
10390,64871,non-attack
10391,64872,non-attack
10392,64873,non-attack
10393,64874,non-attack
10394,64875,non-attack
10395,64876,non-attack
10396,64877,Reconnaissance
10397,64878,non-attack
10398,64879,non-attack
10399,64880,non-attack
10400,64881,non-attack
10401,64882,non-attack
10402,64883,non-attack
10403,64884,non-attack
10404,64885,non-attack
10405,64886,non-attack
10406,64887,non-attack
10407,64888,non-attack
10408,64889,non-attack
10409,64890,non-attack
10410,64891,non-attack
10411,64892,non-attack
10412,64893,Impact
10413,64894,Impact
10414,64895,Impact
10415,64896,non-attack
10416,64897,Impact
10417,64898,non-attack
10418,64899,non-attack
10419,64900,non-attack
10420,64901,non-attack
10421,64902,Impact
10422,64903,non-attack
10423,64904,non-attack
10424,64905,non-attack
10425,64906,non-attack
10426,64907,non-attack
10427,64908,non-attack
10428,64909,non-attack
10429,64910,non-attack
10430,64911,non-attack
10431,64912,non-attack
10432,64913,non-attack
10433,64914,non-attack
10434,64915,non-attack
10435,64916,Impact
10436,64917,non-attack
10437,64918,non-attack
10438,64919,non-attack
10439,64920,Impact
10440,64921,Impact
10441,64922,non-attack
10442,64923,non-attack
10443,64924,non-attack
10444,64925,non-attack
10445,64926,non-attack
10446,64927,non-attack
10447,64928,non-attack
10448,64929,non-attack
10449,64930,non-attack
10450,64931,non-attack
10451,64932,non-attack
10452,64933,non-attack
10453,64934,non-attack
10454,64935,non-attack
10455,64936,non-attack
10456,64937,non-attack
10457,64938,non-attack
10458,64939,non-attack
10459,64940,Impact
10460,64941,non-attack
10461,64942,non-attack
10462,64943,non-attack
10463,64944,non-attack
10464,64945,non-attack
10465,64946,non-attack
10466,64947,non-attack
10467,64948,non-attack
10468,64949,non-attack
10469,64950,non-attack
10470,64951,non-attack
10471,64952,non-attack
10472,64953,Impact
10473,64954,non-attack
10474,64955,non-attack
10475,64956,non-attack
10476,64957,non-attack
10477,64958,non-attack
10478,64959,non-attack
10479,64960,non-attack
10480,64961,non-attack
10481,64962,Impact
10482,64963,non-attack
10483,64964,non-attack
10484,64965,non-attack
10485,64966,non-attack
10486,64967,non-attack
10487,64968,non-attack
10488,64969,non-attack
10489,64970,non-attack
10490,64971,non-attack
10491,64972,non-attack
10492,64973,non-attack
10493,64974,non-attack
10494,64975,non-attack
10495,64976,non-attack
10496,64977,non-attack
10497,64978,non-attack
10498,64979,non-attack
10499,64980,non-attack
10500,64981,Impact
10501,64982,non-attack
10502,64983,non-attack
10503,64984,non-attack
10504,64985,non-attack
10505,64986,non-attack
10506,64987,non-attack
10507,64988,non-attack
10508,64989,non-attack
10509,64990,non-attack
10510,64991,non-attack
10511,64992,non-attack
10512,64993,non-attack
10513,64994,non-attack
10514,64995,non-attack
10515,64996,non-attack
10516,64997,non-attack
10517,64998,non-attack
10518,64999,non-attack
10519,65000,non-attack
10520,65001,non-attack
10521,65002,Reconnaissance
10522,65003,Impact
10523,65004,non-attack
10524,65005,non-attack
10525,65006,non-attack
10526,65007,non-attack
10527,65008,non-attack
10528,65009,non-attack
10529,65010,non-attack
10530,65011,non-attack
10531,65012,non-attack
10532,65013,non-attack
10533,65014,non-attack
10534,65015,non-attack
10535,65016,non-attack
10536,65017,non-attack
10537,65018,non-attack
10538,65019,non-attack
10539,65020,non-attack
10540,65021,non-attack
10541,65022,non-attack
10542,65023,non-attack
10543,65024,non-attack
10544,65025,non-attack
10545,65026,non-attack
10546,65027,non-attack
10547,65028,non-attack
10548,65029,non-attack
10549,65030,non-attack
10550,65031,non-attack
10551,65032,non-attack
10552,65033,non-attack
10553,65034,non-attack
10554,65035,non-attack
10555,65036,non-attack
10556,65037,non-attack
10557,65038,non-attack
10558,65039,non-attack
10559,65040,non-attack
10560,65041,non-attack
10561,65042,Impact
10562,65043,non-attack
10563,65044,non-attack
10564,65045,non-attack
10565,65046,non-attack
10566,65047,Impact
10567,65048,non-attack
10568,65049,non-attack
10569,65050,non-attack
10570,65051,non-attack
10571,65052,non-attack
10572,65053,non-attack
10573,65054,non-attack
10574,65055,non-attack
10575,65056,non-attack
10576,65057,non-attack
10577,65058,non-attack
10578,65059,non-attack
10579,65060,non-attack
10580,65061,non-attack
10581,65062,non-attack
10582,65063,non-attack
10583,65064,non-attack
10584,65065,non-attack
10585,65066,non-attack
10586,65067,non-attack
10587,65068,non-attack
10588,65069,non-attack
10589,65070,non-attack
10590,65071,non-attack
10591,65072,non-attack
10592,65073,non-attack
10593,65074,non-attack
10594,65075,non-attack
10595,65076,non-attack
10596,65077,non-attack
10597,65078,non-attack
10598,65079,non-attack
10599,65080,non-attack
10600,65081,non-attack
10601,65082,non-attack
10602,65083,non-attack
10603,65084,non-attack
10604,65085,non-attack
10605,65086,non-attack
10606,65087,non-attack
10607,65088,non-attack
10608,65089,non-attack
10609,65090,non-attack
10610,65091,non-attack
10611,65092,non-attack
10612,65093,non-attack
10613,65094,non-attack
10614,65095,non-attack
10615,65096,non-attack
10616,65097,non-attack
10617,65098,non-attack
10618,65099,non-attack
10619,65100,non-attack
10620,65101,non-attack
10621,65102,non-attack
10622,65103,non-attack
10623,65104,non-attack
10624,65105,non-attack
10625,65106,non-attack
10626,65107,non-attack
10627,65108,non-attack
10628,65109,non-attack
10629,65110,non-attack
10630,65111,non-attack
10631,65112,non-attack
10632,65113,non-attack
10633,65114,Impact
10634,65115,non-attack
10635,65116,non-attack
10636,65117,non-attack
10637,65118,non-attack
10638,65119,non-attack
10639,65120,non-attack
10640,65121,non-attack
10641,65122,non-attack
10642,65123,non-attack
10643,65124,non-attack
10644,65125,non-attack
10645,65126,non-attack
10646,65127,non-attack
10647,65128,non-attack
10648,65129,non-attack
10649,65130,non-attack
10650,65131,non-attack
10651,65132,non-attack
10652,65133,non-attack
10653,65134,non-attack
10654,65135,non-attack
10655,65136,non-attack
10656,65137,non-attack
10657,65138,non-attack
10658,65139,non-attack
10659,65140,non-attack
10660,65141,non-attack
10661,65142,non-attack
10662,65143,non-attack
10663,65144,non-attack
10664,65145,non-attack
10665,65146,non-attack
10666,65147,non-attack
10667,65148,non-attack
10668,65149,non-attack
10669,65150,non-attack
10670,65151,non-attack
10671,65152,non-attack
10672,65153,non-attack
10673,65154,non-attack
10674,65155,non-attack
10675,65156,non-attack
10676,65157,non-attack
10677,65158,non-attack
10678,65159,non-attack
10679,65160,non-attack
10680,65161,non-attack
10681,65162,non-attack
10682,65163,non-attack
10683,65164,non-attack
10684,65165,non-attack
10685,65166,non-attack
10686,65167,non-attack
10687,65168,non-attack
10688,65169,non-attack
10689,65170,non-attack
10690,65171,non-attack
10691,65172,non-attack
10692,65173,Impact
10693,65174,non-attack
10694,65175,Impact
10695,65176,non-attack
10696,65177,non-attack
10697,65178,non-attack
10698,65179,non-attack
10699,65180,non-attack
10700,65181,non-attack
10701,65182,non-attack
10702,65183,non-attack
10703,65184,non-attack
10704,65185,non-attack
10705,65186,non-attack
10706,65187,non-attack
10707,65188,non-attack
10708,65189,non-attack
10709,65190,non-attack
10710,65191,non-attack
10711,65192,non-attack
10712,65193,non-attack
10713,65194,non-attack
10714,65195,non-attack
10715,65196,non-attack
10716,65197,non-attack
10717,65198,non-attack
10718,65199,non-attack
10719,65200,non-attack
10720,65201,non-attack
10721,65202,non-attack
10722,65203,non-attack
10723,65204,non-attack
10724,65205,non-attack
10725,65206,non-attack
10726,65207,non-attack
10727,65208,non-attack
10728,65209,non-attack
10729,65210,non-attack
10730,65211,non-attack
10731,65212,non-attack
10732,65213,non-attack
10733,65214,non-attack
10734,65215,non-attack
10735,65216,non-attack
10736,65217,non-attack
10737,65218,Impact
10738,65219,non-attack
10739,65220,non-attack
10740,65221,non-attack
10741,65222,non-attack
10742,65223,non-attack
10743,65224,non-attack
10744,65225,non-attack
10745,65226,non-attack
10746,65227,non-attack
10747,65228,non-attack
10748,65229,non-attack
10749,65230,non-attack
10750,65231,non-attack
10751,65232,non-attack
10752,65233,non-attack
10753,65234,non-attack
10754,65235,non-attack
10755,65236,non-attack
10756,65237,non-attack
10757,65238,non-attack
10758,65239,non-attack
10759,65240,non-attack
10760,65241,non-attack
10761,65242,non-attack
10762,65243,non-attack
10763,65244,non-attack
10764,65245,non-attack
10765,65246,non-attack
10766,65247,non-attack
10767,65248,Impact
10768,65249,non-attack
10769,65250,non-attack
10770,65251,non-attack
10771,65252,non-attack
10772,65253,non-attack
10773,65254,non-attack
10774,65255,non-attack
10775,65256,non-attack
10776,65257,Impact
10777,65258,non-attack
10778,65259,non-attack
10779,65260,non-attack
10780,65261,non-attack
10781,65262,non-attack
10782,65263,non-attack
10783,65264,non-attack
10784,65265,non-attack
10785,65266,non-attack
10786,65267,non-attack
10787,65268,non-attack
10788,65269,non-attack
10789,65270,non-attack
10790,65271,non-attack
10791,65272,non-attack
10792,65273,non-attack
10793,65274,non-attack
10794,65275,Impact
10795,65276,non-attack
10796,65277,non-attack
10797,65278,non-attack
10798,65279,non-attack
10799,65280,non-attack
10800,65281,non-attack
10801,65282,non-attack
10802,65283,non-attack
10803,65284,non-attack
10804,65285,non-attack
10805,65286,non-attack
10806,65287,non-attack
10807,65288,non-attack
10808,65289,non-attack
10809,65290,non-attack
10810,65291,non-attack
10811,65292,non-attack
10812,65293,non-attack
10813,65294,non-attack
10814,65295,Impact
10815,65296,non-attack
10816,65297,non-attack
10817,65298,non-attack
10818,65299,non-attack
10819,65300,non-attack
10820,65301,non-attack
10821,65302,non-attack
10822,65303,non-attack
10823,65304,non-attack
10824,65305,non-attack
10825,65306,non-attack
10826,65307,non-attack
10827,65308,non-attack
10828,65309,non-attack
10829,65310,non-attack
10830,65311,non-attack
10831,65312,non-attack
10832,65313,non-attack
10833,65314,non-attack
10834,65315,non-attack
10835,65316,non-attack
10836,65317,non-attack
10837,65318,non-attack
10838,65319,non-attack
10839,65320,non-attack
10840,65321,Impact
10841,65322,non-attack
10842,65323,non-attack
10843,65324,non-attack
10844,65325,non-attack
10845,65326,non-attack
10846,65327,non-attack
10847,65328,non-attack
10848,65329,non-attack
10849,65330,non-attack
10850,65331,non-attack
10851,65332,non-attack
10852,65333,non-attack
10853,65334,non-attack
10854,65335,non-attack
10855,65336,non-attack
10856,65337,non-attack
10857,65338,Impact
10858,65339,non-attack
10859,65340,non-attack
10860,65341,non-attack
10861,65342,non-attack
10862,65343,Impact
10863,65344,non-attack
10864,65345,non-attack
10865,65346,non-attack
10866,65347,non-attack
10867,65348,non-attack
10868,65349,non-attack
10869,65350,non-attack
10870,65351,non-attack
10871,65352,non-attack
10872,65353,non-attack
10873,65354,non-attack
10874,65355,non-attack
10875,65356,non-attack
10876,65357,non-attack
10877,65358,non-attack
10878,65359,non-attack
10879,65360,non-attack
10880,65361,non-attack
10881,65362,non-attack
10882,65363,non-attack
10883,65364,non-attack
10884,65365,non-attack
10885,65366,non-attack
10886,65367,non-attack
10887,65368,non-attack
10888,65369,non-attack
10889,65370,non-attack
10890,65371,non-attack
10891,65372,non-attack
10892,65373,non-attack
10893,65374,non-attack
10894,65375,non-attack
10895,65376,non-attack
10896,65377,non-attack
10897,65378,non-attack
10898,65379,non-attack
10899,65380,non-attack
10900,65381,non-attack
10901,65382,non-attack
10902,65383,non-attack
10903,65384,non-attack
10904,65385,non-attack
10905,65386,non-attack
10906,65387,non-attack
10907,65388,non-attack
10908,65389,non-attack
10909,65390,non-attack
10910,65391,non-attack
10911,65392,non-attack
10912,65393,non-attack
10913,65394,non-attack
10914,65395,non-attack
10915,65396,non-attack
10916,65397,non-attack
10917,65398,non-attack
10918,65399,non-attack
10919,65400,non-attack
10920,65401,non-attack
10921,65402,Impact
10922,65403,non-attack
10923,65404,non-attack
10924,65405,non-attack
10925,65406,non-attack
10926,65407,Impact
10927,65408,non-attack
10928,65409,non-attack
10929,65410,non-attack
10930,65411,non-attack
10931,65412,non-attack
10932,65413,non-attack
10933,65414,non-attack
10934,65415,non-attack
10935,65416,non-attack
10936,65417,non-attack
10937,65418,non-attack
10938,65419,non-attack
10939,65420,non-attack
10940,65421,non-attack
10941,65422,non-attack
10942,65423,non-attack
10943,65424,non-attack
10944,65425,non-attack
10945,65426,non-attack
10946,65427,non-attack
10947,65428,non-attack
10948,65429,non-attack
10949,65430,non-attack
10950,65431,non-attack
10951,65432,non-attack
10952,65433,non-attack
10953,65434,non-attack
10954,65435,non-attack
10955,65436,non-attack
10956,65437,non-attack
10957,65438,non-attack
10958,65439,non-attack
10959,65440,non-attack
10960,65441,non-attack
10961,65442,non-attack
10962,65443,non-attack
10963,65444,Impact
10964,65445,non-attack
10965,65446,non-attack
10966,65447,non-attack
10967,65448,non-attack
10968,65449,non-attack
10969,65450,non-attack
10970,65451,non-attack
10971,65452,non-attack
10972,65453,non-attack
10973,65454,non-attack
10974,65455,non-attack
10975,65456,non-attack
10976,65457,non-attack
10977,65458,non-attack
10978,65459,non-attack
10979,65460,non-attack
10980,65461,non-attack
10981,65462,Reconnaissance
10982,65463,non-attack
10983,65464,non-attack
10984,65465,non-attack
10985,65466,Impact
10986,65467,non-attack
10987,65468,non-attack
10988,65469,non-attack
10989,65470,non-attack
10990,65471,non-attack
10991,65472,non-attack
10992,65473,non-attack
10993,65474,non-attack
10994,65475,non-attack
10995,65476,non-attack
10996,65477,non-attack
10997,65478,non-attack
10998,65479,non-attack
10999,65480,non-attack
11000,65481,non-attack
11001,65482,non-attack
11002,65483,non-attack
11003,65484,non-attack
11004,65485,non-attack
11005,65486,non-attack
11006,65487,non-attack
11007,65488,non-attack
11008,65489,non-attack
11009,65490,non-attack
11010,65491,non-attack
11011,65492,non-attack
11012,65493,non-attack
11013,65494,non-attack
11014,65495,non-attack
11015,65496,non-attack
11016,65497,non-attack
11017,65498,non-attack
11018,65499,non-attack
11019,65500,non-attack
11020,65501,non-attack
11021,65502,non-attack
11022,65503,non-attack
11023,65504,non-attack
11024,65505,non-attack
11025,65506,non-attack
11026,65507,non-attack
11027,65508,non-attack
11028,65509,non-attack
11029,65510,non-attack
11030,65511,non-attack
11031,65512,non-attack
11032,65513,non-attack
11033,65514,non-attack
11034,65515,non-attack
11035,65516,non-attack
11036,65517,non-attack
11037,65518,non-attack
11038,65519,non-attack
11039,65520,non-attack
11040,65521,non-attack
11041,65522,non-attack
11042,65523,non-attack
11043,65524,non-attack
11044,65525,Reconnaissance
11045,65526,Reconnaissance
11046,65527,non-attack
11047,65528,non-attack
11048,65529,non-attack
11049,65530,non-attack
11050,65531,non-attack
11051,65532,non-attack
11052,65533,non-attack
11053,65534,non-attack
11054,65535,non-attack
11055,65536,non-attack
11056,65537,non-attack
11057,65538,Impact
11058,65539,non-attack
11059,65540,non-attack
11060,65541,non-attack
11061,65542,non-attack
11062,65543,non-attack
11063,65544,non-attack
11064,65545,non-attack
11065,65546,non-attack
11066,65547,non-attack
11067,65548,non-attack
11068,65549,non-attack
11069,65550,non-attack
11070,65551,non-attack
11071,65552,non-attack
11072,65553,non-attack
11073,65554,non-attack
11074,65555,non-attack
11075,65556,non-attack
11076,65557,non-attack
11077,65558,non-attack
11078,65559,non-attack
11079,65560,non-attack
11080,65561,non-attack
11081,65562,non-attack
11082,65563,non-attack
11083,65564,non-attack
11084,65565,non-attack
11085,65566,non-attack
11086,65567,non-attack
11087,65568,non-attack
11088,65569,non-attack
11089,65570,non-attack
11090,65571,non-attack
11091,65572,non-attack
11092,65573,non-attack
11093,65574,non-attack
11094,65575,non-attack
11095,65576,non-attack
11096,65577,non-attack
11097,65578,non-attack
11098,65579,non-attack
11099,65580,non-attack
11100,65581,non-attack
11101,65582,non-attack
11102,65583,non-attack
11103,65584,non-attack
11104,65585,non-attack
11105,65586,non-attack
11106,65587,non-attack
11107,65588,non-attack
11108,65589,Impact
11109,65590,non-attack
11110,65591,non-attack
11111,65592,non-attack
11112,65593,non-attack
11113,65594,non-attack
11114,65595,non-attack
11115,65596,non-attack
11116,65597,non-attack
11117,65598,Reconnaissance
11118,65599,non-attack
11119,65600,non-attack
11120,65601,non-attack
11121,65602,non-attack
11122,65603,non-attack
11123,65604,non-attack
11124,65605,non-attack
11125,65606,non-attack
11126,65607,non-attack
11127,65608,non-attack
11128,65609,non-attack
11129,65610,Impact
11130,65611,non-attack
11131,65612,non-attack
11132,65613,non-attack
11133,65614,non-attack
11134,65615,non-attack
11135,65616,non-attack
11136,65617,non-attack
11137,65618,non-attack
11138,65619,non-attack
11139,65620,non-attack
11140,65621,non-attack
11141,65622,non-attack
11142,65623,non-attack
11143,65624,non-attack
11144,65625,non-attack
11145,65626,non-attack
11146,65627,non-attack
11147,65628,non-attack
11148,65629,non-attack
11149,65630,non-attack
11150,65631,non-attack
11151,65632,non-attack
11152,65633,non-attack
11153,65634,non-attack
11154,65635,non-attack
11155,65636,non-attack
11156,65637,non-attack
11157,65638,non-attack
11158,65639,non-attack
11159,65640,non-attack
11160,65641,non-attack
11161,65642,non-attack
11162,65643,non-attack
11163,65644,non-attack
11164,65645,non-attack
11165,65646,non-attack
11166,65647,non-attack
11167,65648,non-attack
11168,65649,Impact
11169,65650,non-attack
11170,65651,non-attack
11171,65652,non-attack
11172,65653,non-attack
11173,65654,non-attack
11174,65655,non-attack
11175,65656,non-attack
11176,65657,non-attack
11177,65658,non-attack
11178,65659,non-attack
11179,65660,non-attack
11180,65661,non-attack
11181,65662,non-attack
11182,65663,non-attack
11183,65664,non-attack
11184,65665,non-attack
11185,65666,Impact
11186,65667,non-attack
11187,65668,non-attack
11188,65669,non-attack
11189,65670,non-attack
11190,65671,non-attack
11191,65672,non-attack
11192,65673,non-attack
11193,65674,non-attack
11194,65675,non-attack
11195,65676,non-attack
11196,65677,non-attack
11197,65678,non-attack
11198,65679,non-attack
11199,65680,non-attack
11200,65681,non-attack
11201,65682,Impact
11202,65683,non-attack
11203,65684,non-attack
11204,65685,non-attack
11205,65686,non-attack
11206,65687,non-attack
11207,65688,non-attack
11208,65689,Initial Access
11209,65690,non-attack
11210,65691,non-attack
11211,65692,non-attack
11212,65693,non-attack
11213,65694,non-attack
11214,65695,non-attack
11215,65696,non-attack
11216,65697,non-attack
11217,65698,non-attack
11218,65699,non-attack
11219,65700,non-attack
11220,65701,non-attack
11221,65702,non-attack
11222,65703,non-attack
11223,65704,non-attack
11224,65705,non-attack
11225,65706,non-attack
11226,65707,non-attack
11227,65708,non-attack
11228,65709,non-attack
11229,65710,non-attack
11230,65711,non-attack
11231,65712,non-attack
11232,65713,non-attack
11233,65714,non-attack
11234,65715,non-attack
11235,65716,non-attack
11236,65717,non-attack
11237,65718,non-attack
11238,65719,non-attack
11239,65720,non-attack
11240,65721,non-attack
11241,65722,non-attack
11242,65723,non-attack
11243,65724,Impact
11244,65725,non-attack
11245,65726,non-attack
11246,65727,Impact
11247,65728,non-attack
11248,65729,Impact
11249,65730,non-attack
11250,65731,non-attack
11251,65732,non-attack
11252,65733,non-attack
11253,65734,non-attack
11254,65735,non-attack
11255,65736,non-attack
11256,65737,non-attack
11257,65738,non-attack
11258,65739,non-attack
11259,65740,non-attack
11260,65741,non-attack
11261,65742,non-attack
11262,65743,non-attack
11263,65744,non-attack
11264,65745,non-attack
11265,65746,non-attack
11266,65747,non-attack
11267,65748,non-attack
11268,65749,non-attack
11269,65750,Impact
11270,65751,non-attack
11271,65752,non-attack
11272,65753,non-attack
11273,65754,non-attack
11274,65755,non-attack
11275,65756,non-attack
11276,65757,non-attack
11277,65758,non-attack
11278,65759,non-attack
11279,65760,non-attack
11280,65761,non-attack
11281,65762,non-attack
11282,65763,non-attack
11283,65764,non-attack
11284,65765,non-attack
11285,65766,non-attack
11286,65767,non-attack
11287,65768,non-attack
11288,65769,non-attack
11289,65770,non-attack
11290,65771,non-attack
11291,65772,non-attack
11292,65773,non-attack
11293,65774,non-attack
11294,65775,non-attack
11295,65776,non-attack
11296,65777,non-attack
11297,65778,Impact
11298,65779,Impact
11299,65780,non-attack
11300,65781,Impact
11301,65782,non-attack
11302,65783,non-attack
11303,65784,non-attack
11304,65785,non-attack
11305,65786,non-attack
11306,65787,non-attack
11307,65788,non-attack
11308,65789,non-attack
11309,65790,non-attack
11310,65791,non-attack
11311,65792,non-attack
11312,65793,non-attack
11313,65794,non-attack
11314,65795,non-attack
11315,65796,non-attack
11316,65797,non-attack
11317,65798,non-attack
11318,65799,non-attack
11319,65800,non-attack
11320,65801,non-attack
11321,65802,non-attack
11322,65803,non-attack
11323,65804,non-attack
11324,65805,non-attack
11325,65806,Impact
11326,65807,non-attack
11327,65808,non-attack
11328,65809,non-attack
11329,65810,non-attack
11330,65811,non-attack
11331,65812,non-attack
11332,65813,non-attack
11333,65814,non-attack
11334,65815,non-attack
11335,65816,non-attack
11336,65817,non-attack
11337,65818,non-attack
11338,65819,non-attack
11339,65820,non-attack
11340,65821,non-attack
11341,65822,non-attack
11342,65823,non-attack
11343,65824,non-attack
11344,65825,non-attack
11345,65826,non-attack
11346,65827,non-attack
11347,65828,non-attack
11348,65829,Impact
11349,65830,non-attack
11350,65831,non-attack
11351,65832,non-attack
11352,65833,non-attack
11353,65834,non-attack
11354,65835,non-attack
11355,65836,non-attack
11356,65837,non-attack
11357,65838,non-attack
11358,65839,non-attack
11359,65840,non-attack
11360,65841,non-attack
11361,65842,non-attack
11362,65843,non-attack
11363,65844,non-attack
11364,65845,non-attack
11365,65846,non-attack
11366,65847,non-attack
11367,65848,non-attack
11368,65849,non-attack
11369,65850,non-attack
11370,65851,non-attack
11371,65852,non-attack
11372,65853,Impact
11373,65854,non-attack
11374,65855,Impact
11375,65856,non-attack
11376,65857,non-attack
11377,65858,non-attack
11378,65859,non-attack
11379,65860,non-attack
11380,65861,non-attack
11381,65862,non-attack
11382,65863,non-attack
11383,65864,non-attack
11384,65865,non-attack
11385,65866,non-attack
11386,65867,non-attack
11387,65868,non-attack
11388,65869,non-attack
11389,65870,non-attack
11390,65871,non-attack
11391,65872,non-attack
11392,65873,non-attack
11393,65874,non-attack
11394,65875,non-attack
11395,65876,non-attack
11396,65877,Impact
11397,65878,Impact
11398,65879,non-attack
11399,65880,non-attack
11400,65881,Impact
11401,65882,non-attack
11402,65883,non-attack
11403,65884,non-attack
11404,65885,non-attack
11405,65886,non-attack
11406,65887,non-attack
11407,65888,non-attack
11408,65889,non-attack
11409,65890,non-attack
11410,65891,non-attack
11411,65892,non-attack
11412,65893,non-attack
11413,65894,non-attack
11414,65895,non-attack
11415,65896,non-attack
11416,65897,non-attack
11417,65898,Impact
11418,65899,non-attack
11419,65900,non-attack
11420,65901,non-attack
11421,65902,non-attack
11422,65903,non-attack
11423,65904,non-attack
11424,65905,non-attack
11425,65906,non-attack
11426,65907,non-attack
11427,65908,non-attack
11428,65909,non-attack
11429,65910,non-attack
11430,65911,non-attack
11431,65912,non-attack
11432,65913,non-attack
11433,65914,non-attack
11434,65915,non-attack
11435,65916,non-attack
11436,65917,non-attack
11437,65918,non-attack
11438,65919,non-attack
11439,65920,non-attack
11440,65921,non-attack
11441,65922,non-attack
11442,65923,non-attack
11443,65924,Impact
11444,65925,non-attack
11445,65926,non-attack
11446,65927,non-attack
11447,65928,non-attack
11448,65929,non-attack
11449,65930,non-attack
11450,65931,non-attack
11451,65932,non-attack
11452,65933,non-attack
11453,65934,non-attack
11454,65935,non-attack
11455,65936,non-attack
11456,65937,non-attack
11457,65938,non-attack
11458,65939,non-attack
11459,65940,non-attack
11460,65941,non-attack
11461,65942,non-attack
11462,65943,non-attack
11463,65944,non-attack
11464,65945,non-attack
11465,65946,non-attack
11466,65947,non-attack
11467,65948,non-attack
11468,65949,non-attack
11469,65950,non-attack
11470,65951,non-attack
11471,65952,non-attack
11472,65953,non-attack
11473,65954,non-attack
11474,65955,non-attack
11475,65956,non-attack
11476,65957,non-attack
11477,65958,non-attack
11478,65959,non-attack
11479,65960,non-attack
11480,65961,non-attack
11481,65962,non-attack
11482,65963,non-attack
11483,65964,non-attack
11484,65965,non-attack
11485,65966,non-attack
11486,65967,non-attack
11487,65968,non-attack
11488,65969,non-attack
11489,65970,non-attack
11490,65971,non-attack
11491,65972,non-attack
11492,65973,non-attack
11493,65974,non-attack
11494,65975,non-attack
11495,65976,non-attack
11496,65977,non-attack
11497,65978,non-attack
11498,65979,non-attack
11499,65980,non-attack
11500,65981,non-attack
11501,65982,non-attack
11502,65983,non-attack
11503,65984,non-attack
11504,65985,non-attack
11505,65986,non-attack
11506,65987,non-attack
11507,65988,non-attack
11508,65989,non-attack
11509,65990,non-attack
11510,65991,non-attack
11511,65992,non-attack
11512,65993,non-attack
11513,65994,non-attack
11514,65995,non-attack
11515,65996,non-attack
11516,65997,non-attack
11517,65998,non-attack
11518,65999,non-attack
11519,66000,Impact
11520,66001,non-attack
11521,66002,Impact
11522,66003,non-attack
11523,66004,non-attack
11524,66005,non-attack
11525,66006,non-attack
11526,66007,Impact
11527,66008,non-attack
11528,66009,non-attack
11529,66010,non-attack
11530,66011,non-attack
11531,66012,non-attack
11532,66013,non-attack
11533,66014,non-attack
11534,66015,non-attack
11535,66016,non-attack
11536,66017,non-attack
11537,66018,non-attack
11538,66019,non-attack
11539,66020,non-attack
11540,66021,non-attack
11541,66022,non-attack
11542,66023,non-attack
11543,66024,non-attack
11544,66025,non-attack
11545,66026,non-attack
11546,66027,non-attack
11547,66028,non-attack
11548,66029,non-attack
11549,66030,non-attack
11550,66031,non-attack
11551,66032,non-attack
11552,66033,non-attack
11553,66034,non-attack
11554,66035,non-attack
11555,66036,non-attack
11556,66037,non-attack
11557,66038,non-attack
11558,66039,non-attack
11559,66040,non-attack
11560,66041,non-attack
11561,66042,non-attack
11562,66043,non-attack
11563,66044,non-attack
11564,66045,non-attack
11565,66046,Impact
11566,66047,non-attack
11567,66048,non-attack
11568,66049,non-attack
11569,66050,non-attack
11570,66051,non-attack
11571,66052,non-attack
11572,66053,non-attack
11573,66054,non-attack
11574,66055,non-attack
11575,66056,non-attack
11576,66057,non-attack
11577,66058,non-attack
11578,66059,non-attack
11579,66060,non-attack
11580,66061,non-attack
11581,66062,non-attack
11582,66063,non-attack
11583,66064,non-attack
11584,66065,non-attack
11585,66066,non-attack
11586,66067,non-attack
11587,66068,non-attack
11588,66069,non-attack
11589,66070,non-attack
11590,66071,non-attack
11591,66072,non-attack
11592,66073,non-attack
11593,66074,non-attack
11594,66075,non-attack
11595,66076,non-attack
11596,66077,non-attack
11597,66078,non-attack
11598,66079,non-attack
11599,66080,non-attack
11600,66081,non-attack
11601,66082,non-attack
11602,66083,non-attack
11603,66084,non-attack
11604,66085,non-attack
11605,66086,non-attack
11606,66087,non-attack
11607,66088,non-attack
11608,66089,non-attack
11609,66090,non-attack
11610,66091,non-attack
11611,66092,non-attack
11612,66093,non-attack
11613,66094,non-attack
11614,66095,non-attack
11615,66096,non-attack
11616,66097,non-attack
11617,66098,non-attack
11618,66099,non-attack
11619,66100,non-attack
11620,66101,non-attack
11621,66102,non-attack
11622,66103,non-attack
11623,66104,non-attack
11624,66105,non-attack
11625,66106,non-attack
11626,66107,non-attack
11627,66108,non-attack
11628,66109,non-attack
11629,66110,Impact
11630,66111,non-attack
11631,66112,Impact
11632,66113,non-attack
11633,66114,non-attack
11634,66115,non-attack
11635,66116,non-attack
11636,66117,non-attack
11637,66118,non-attack
11638,66119,non-attack
11639,66120,non-attack
11640,66121,non-attack
11641,66122,non-attack
11642,66123,non-attack
11643,66124,non-attack
11644,66125,non-attack
11645,66126,non-attack
11646,66127,non-attack
11647,66128,non-attack
11648,66129,non-attack
11649,66130,non-attack
11650,66131,non-attack
11651,66132,non-attack
11652,66133,non-attack
11653,66134,non-attack
11654,66135,non-attack
11655,66136,non-attack
11656,66137,non-attack
11657,66138,non-attack
11658,66139,non-attack
11659,66140,non-attack
11660,66141,non-attack
11661,66142,non-attack
11662,66143,non-attack
11663,66144,non-attack
11664,66145,non-attack
11665,66146,non-attack
11666,66147,non-attack
11667,66148,non-attack
11668,66149,non-attack
11669,66150,non-attack
11670,66151,non-attack
11671,66152,non-attack
11672,66153,non-attack
11673,66154,non-attack
11674,66155,non-attack
11675,66156,non-attack
11676,66157,non-attack
11677,66158,non-attack
11678,66159,non-attack
11679,66160,non-attack
11680,66161,non-attack
11681,66162,non-attack
11682,66163,non-attack
11683,66164,non-attack
11684,66165,non-attack
11685,66166,Impact
11686,66167,non-attack
11687,66168,non-attack
11688,66169,non-attack
11689,66170,non-attack
11690,66171,non-attack
11691,66172,non-attack
11692,66173,non-attack
11693,66174,non-attack
11694,66175,non-attack
11695,66176,non-attack
11696,66177,non-attack
11697,66178,non-attack
11698,66179,non-attack
11699,66180,non-attack
11700,66181,non-attack
11701,66182,non-attack
11702,66183,non-attack
11703,66184,non-attack
11704,66185,non-attack
11705,66186,non-attack
11706,66187,non-attack
11707,66188,non-attack
11708,66189,non-attack
11709,66190,non-attack
11710,66191,non-attack
11711,66192,non-attack
11712,66193,non-attack
11713,66194,non-attack
11714,66195,non-attack
11715,66196,non-attack
11716,66197,non-attack
11717,66198,non-attack
11718,66199,non-attack
11719,66200,non-attack
11720,66201,non-attack
11721,66202,non-attack
11722,66203,non-attack
11723,66204,non-attack
11724,66205,non-attack
11725,66206,non-attack
11726,66207,non-attack
11727,66208,non-attack
11728,66209,non-attack
11729,66210,non-attack
11730,66211,non-attack
11731,66212,non-attack
11732,66213,non-attack
11733,66214,non-attack
11734,66215,non-attack
11735,66216,non-attack
11736,66217,non-attack
11737,66218,non-attack
11738,66219,non-attack
11739,66220,non-attack
11740,66221,non-attack
11741,66222,non-attack
11742,66223,non-attack
11743,66224,non-attack
11744,66225,non-attack
11745,66226,non-attack
11746,66227,non-attack
11747,66228,non-attack
11748,66229,non-attack
11749,66230,non-attack
11750,66231,non-attack
11751,66232,non-attack
11752,66233,non-attack
11753,66234,non-attack
11754,66235,non-attack
11755,66236,non-attack
11756,66237,non-attack
11757,66238,non-attack
11758,66239,non-attack
11759,66240,non-attack
11760,66241,non-attack
11761,66242,non-attack
11762,66243,non-attack
11763,66244,non-attack
11764,66245,non-attack
11765,66246,non-attack
11766,66247,non-attack
11767,66248,non-attack
11768,66249,non-attack
11769,66250,non-attack
11770,66251,non-attack
11771,66252,non-attack
11772,66253,non-attack
11773,66254,non-attack
11774,66255,non-attack
11775,66256,non-attack
11776,66257,non-attack
11777,66258,non-attack
11778,66259,non-attack
11779,66260,non-attack
11780,66261,non-attack
11781,66262,non-attack
11782,66263,non-attack
11783,66264,non-attack
11784,66265,non-attack
11785,66266,non-attack
11786,66267,non-attack
11787,66268,non-attack
11788,66269,non-attack
11789,66270,non-attack
11790,66271,non-attack
11791,66272,non-attack
11792,66273,non-attack
11793,66274,non-attack
11794,66275,non-attack
11795,66276,non-attack
11796,66277,non-attack
11797,66278,non-attack
11798,66279,non-attack
11799,66280,non-attack
11800,66281,non-attack
11801,66282,non-attack
11802,66283,non-attack
11803,66284,non-attack
11804,66285,non-attack
11805,66286,non-attack
11806,66287,non-attack
11807,66288,non-attack
11808,66289,non-attack
11809,66290,non-attack
11810,66291,non-attack
11811,66292,non-attack
11812,66293,non-attack
11813,66294,non-attack
11814,66295,non-attack
11815,66296,Impact
11816,66297,non-attack
11817,66298,non-attack
11818,66299,non-attack
11819,66300,non-attack
11820,66301,non-attack
11821,66302,non-attack
11822,66303,non-attack
11823,66304,non-attack
11824,66305,non-attack
11825,66306,non-attack
11826,66307,non-attack
11827,66308,non-attack
11828,66309,non-attack
11829,66310,non-attack
11830,66311,non-attack
11831,66312,non-attack
11832,66313,non-attack
11833,66314,non-attack
11834,66315,non-attack
11835,66316,non-attack
11836,66317,non-attack
11837,66318,non-attack
11838,66319,non-attack
11839,66320,non-attack
11840,66321,non-attack
11841,66322,non-attack
11842,66323,non-attack
11843,66324,non-attack
11844,66325,non-attack
11845,66326,non-attack
11846,66327,non-attack
11847,66328,non-attack
11848,66329,non-attack
11849,66330,non-attack
11850,66331,non-attack
11851,66332,non-attack
11852,66333,non-attack
11853,66334,non-attack
11854,66335,non-attack
11855,66336,non-attack
11856,66337,non-attack
11857,66338,non-attack
11858,66339,non-attack
11859,66340,non-attack
11860,66341,non-attack
11861,66342,non-attack
11862,66343,non-attack
11863,66344,non-attack
11864,66345,non-attack
11865,66346,non-attack
11866,66347,non-attack
11867,66348,non-attack
11868,66349,non-attack
11869,66350,non-attack
11870,66351,non-attack
11871,66352,non-attack
11872,66353,non-attack
11873,66354,non-attack
11874,66355,non-attack
11875,66356,non-attack
11876,66357,non-attack
11877,66358,non-attack
11878,66359,non-attack
11879,66360,non-attack
11880,66361,non-attack
11881,66362,non-attack
11882,66363,non-attack
11883,66364,non-attack
11884,66365,non-attack
11885,66366,non-attack
11886,66367,non-attack
11887,66368,non-attack
11888,66369,non-attack
11889,66370,non-attack
11890,66371,non-attack
11891,66372,non-attack
11892,66373,non-attack
11893,66374,non-attack
11894,66375,non-attack
11895,66376,non-attack
11896,66377,non-attack
11897,66378,non-attack
11898,66379,Initial Access
11899,66380,non-attack
11900,66381,non-attack
11901,66382,non-attack
11902,66383,non-attack
11903,66384,non-attack
11904,66385,non-attack
11905,66386,non-attack
11906,66387,non-attack
11907,66388,non-attack
11908,66389,non-attack
11909,66390,non-attack
11910,66391,non-attack
11911,66392,non-attack
11912,66393,non-attack
11913,66394,non-attack
11914,66395,non-attack
11915,66396,non-attack
11916,66397,non-attack
11917,66398,non-attack
11918,66399,non-attack
11919,66400,non-attack
11920,66401,non-attack
11921,66402,non-attack
11922,66403,non-attack
11923,66404,non-attack
11924,66405,non-attack
11925,66406,non-attack
11926,66407,non-attack
11927,66408,non-attack
11928,66409,non-attack
11929,66410,non-attack
11930,66411,non-attack
11931,66412,non-attack
11932,66413,Impact
11933,66414,non-attack
11934,66415,non-attack
11935,66416,non-attack
11936,66417,non-attack
11937,66418,non-attack
11938,66419,non-attack
11939,66420,non-attack
11940,66421,non-attack
11941,66422,non-attack
11942,66423,non-attack
11943,66424,non-attack
11944,66425,non-attack
11945,66426,non-attack
11946,66427,non-attack
11947,66428,non-attack
11948,66429,non-attack
11949,66430,non-attack
11950,66431,non-attack
11951,66432,non-attack
11952,66433,non-attack
11953,66434,non-attack
11954,66435,non-attack
11955,66436,non-attack
11956,66437,non-attack
11957,66438,non-attack
11958,66439,non-attack
11959,66440,non-attack
11960,66441,non-attack
11961,66442,non-attack
11962,66443,non-attack
11963,66444,non-attack
11964,66445,non-attack
11965,66446,non-attack
11966,66447,non-attack
11967,66448,non-attack
11968,66449,non-attack
11969,66450,non-attack
11970,66451,non-attack
11971,66452,non-attack
11972,66453,non-attack
11973,66454,non-attack
11974,66455,non-attack
11975,66456,non-attack
11976,66457,non-attack
11977,66458,non-attack
11978,66459,non-attack
11979,66460,non-attack
11980,66461,non-attack
11981,66462,non-attack
11982,66463,non-attack
11983,66464,non-attack
11984,66465,non-attack
11985,66466,non-attack
11986,66467,non-attack
11987,66468,non-attack
11988,66469,non-attack
11989,66470,Impact
11990,66471,non-attack
11991,66472,non-attack
11992,66473,non-attack
11993,66474,non-attack
11994,66475,non-attack
11995,66476,non-attack
11996,66477,non-attack
11997,66478,non-attack
11998,66479,non-attack
11999,66480,non-attack
12000,66481,Impact
12001,66482,non-attack
12002,66483,non-attack
12003,66484,non-attack
12004,66485,non-attack
12005,66486,non-attack
12006,66487,non-attack
12007,66488,non-attack
12008,66489,non-attack
12009,66490,non-attack
12010,66491,non-attack
12011,66492,non-attack
12012,66493,non-attack
12013,66494,non-attack
12014,66495,non-attack
12015,66496,non-attack
12016,66497,non-attack
12017,66498,non-attack
12018,66499,non-attack
12019,66500,non-attack
12020,66501,non-attack
12021,66502,non-attack
12022,66503,non-attack
12023,66504,non-attack
12024,66505,non-attack
12025,66506,non-attack
12026,66507,non-attack
12027,66508,non-attack
12028,66509,non-attack
12029,66510,non-attack
12030,66511,non-attack
12031,66512,non-attack
12032,66513,non-attack
12033,66514,non-attack
12034,66515,non-attack
12035,66516,non-attack
12036,66517,non-attack
12037,66518,non-attack
12038,66519,non-attack
12039,66520,non-attack
12040,66521,non-attack
12041,66522,non-attack
12042,66523,non-attack
12043,66524,non-attack
12044,66525,non-attack
12045,66526,non-attack
12046,66527,non-attack
12047,66528,non-attack
12048,66529,non-attack
12049,66530,non-attack
12050,66531,non-attack
12051,66532,non-attack
12052,66533,non-attack
12053,66534,non-attack
12054,66535,non-attack
12055,66536,non-attack
12056,66537,non-attack
12057,66538,non-attack
12058,66539,non-attack
12059,66540,non-attack
12060,66541,non-attack
12061,66542,non-attack
12062,66543,non-attack
12063,66544,non-attack
12064,66545,non-attack
12065,66546,non-attack
12066,66547,non-attack
12067,66548,non-attack
12068,66549,non-attack
12069,66550,non-attack
12070,66551,non-attack
12071,66552,non-attack
12072,66553,non-attack
12073,66554,non-attack
12074,66555,non-attack
12075,66556,non-attack
12076,66557,non-attack
12077,66558,non-attack
12078,66559,non-attack
12079,66560,non-attack
12080,66561,non-attack
12081,66562,non-attack
12082,66563,non-attack
12083,66564,non-attack
12084,66565,non-attack
12085,66566,non-attack
12086,66567,non-attack
12087,66568,non-attack
12088,66569,non-attack
12089,66570,non-attack
12090,66571,non-attack
12091,66572,non-attack
12092,66573,non-attack
12093,66574,non-attack
12094,66575,non-attack
12095,66576,non-attack
12096,66577,non-attack
12097,66578,non-attack
12098,66579,non-attack
12099,66580,non-attack
12100,66581,non-attack
12101,66582,non-attack
12102,66583,non-attack
12103,66584,non-attack
12104,66585,non-attack
12105,66586,non-attack
12106,66587,non-attack
12107,66588,non-attack
12108,66589,non-attack
12109,66590,non-attack
12110,66591,non-attack
12111,66592,non-attack
12112,66593,non-attack
12113,66594,non-attack
12114,66595,non-attack
12115,66596,non-attack
12116,66597,non-attack
12117,66598,non-attack
12118,66599,non-attack
12119,66600,non-attack
12120,66601,non-attack
12121,66602,non-attack
12122,66603,non-attack
12123,66604,non-attack
12124,66605,non-attack
12125,66606,non-attack
12126,66607,non-attack
12127,66608,non-attack
12128,66609,non-attack
12129,66610,non-attack
12130,66611,non-attack
12131,66612,non-attack
12132,66613,non-attack
12133,66614,non-attack
12134,66615,non-attack
12135,66616,Reconnaissance
12136,66617,non-attack
12137,66618,non-attack
12138,66619,non-attack
12139,66620,non-attack
12140,66621,non-attack
12141,66622,non-attack
12142,66623,non-attack
12143,66624,non-attack
12144,66625,non-attack
12145,66626,non-attack
12146,66627,non-attack
12147,66628,non-attack
12148,66629,non-attack
12149,66630,non-attack
12150,66631,non-attack
12151,66632,non-attack
12152,66633,non-attack
12153,66634,non-attack
12154,66635,non-attack
12155,66636,non-attack
12156,66637,non-attack
12157,66638,non-attack
12158,66639,non-attack
12159,66640,non-attack
12160,66641,non-attack
12161,66642,non-attack
12162,66643,non-attack
12163,66644,non-attack
12164,66645,non-attack
12165,66646,non-attack
12166,66647,non-attack
12167,66648,non-attack
12168,66649,Impact
12169,66650,non-attack
12170,66651,non-attack
12171,66652,non-attack
12172,66653,non-attack
12173,66654,non-attack
12174,66655,non-attack
12175,66656,Impact
12176,66657,non-attack
12177,66658,non-attack
12178,66659,non-attack
12179,66660,non-attack
12180,66661,non-attack
12181,66662,non-attack
12182,66663,non-attack
12183,66664,non-attack
12184,66665,non-attack
12185,66666,non-attack
12186,66667,non-attack
12187,66668,non-attack
12188,66669,non-attack
12189,66670,Impact
12190,66671,non-attack
12191,66672,non-attack
12192,66673,Impact
12193,66674,non-attack
12194,66675,non-attack
12195,66676,non-attack
12196,66677,non-attack
12197,66678,non-attack
12198,66679,non-attack
12199,66680,non-attack
12200,66681,non-attack
12201,66682,non-attack
12202,66683,non-attack
12203,66684,non-attack
12204,66685,non-attack
12205,66686,non-attack
12206,66687,non-attack
12207,66688,Impact
12208,66689,non-attack
12209,66690,non-attack
12210,66691,non-attack
12211,66692,non-attack
12212,66693,non-attack
12213,66694,non-attack
12214,66695,non-attack
12215,66696,non-attack
12216,66697,non-attack
12217,66698,non-attack
12218,66699,non-attack
12219,66700,non-attack
12220,66701,non-attack
12221,66702,non-attack
12222,66703,non-attack
12223,66704,non-attack
12224,66705,non-attack
12225,66706,non-attack
12226,66707,non-attack
12227,66708,non-attack
12228,66709,non-attack
12229,66710,non-attack
12230,66711,non-attack
12231,66712,non-attack
12232,66713,non-attack
12233,66714,non-attack
12234,66715,non-attack
12235,66716,non-attack
12236,66717,non-attack
12237,66718,Initial Access
12238,66719,non-attack
12239,66720,non-attack
12240,66721,non-attack
12241,66722,non-attack
12242,66723,non-attack
12243,66724,non-attack
12244,66725,non-attack
12245,66726,non-attack
12246,66727,non-attack
12247,66728,non-attack
12248,66729,non-attack
12249,66730,non-attack
12250,66731,non-attack
12251,66732,non-attack
12252,66733,non-attack
12253,66734,non-attack
12254,66735,non-attack
12255,66736,non-attack
12256,66737,non-attack
12257,66738,non-attack
12258,66739,non-attack
12259,66740,non-attack
12260,66741,non-attack
12261,66742,non-attack
12262,66743,non-attack
12263,66744,non-attack
12264,66745,non-attack
12265,66746,Impact
12266,66747,non-attack
12267,66748,non-attack
12268,66749,non-attack
12269,66750,non-attack
12270,66751,non-attack
12271,66752,non-attack
12272,66753,non-attack
12273,66754,Impact
12274,66755,non-attack
12275,66756,non-attack
12276,66757,non-attack
12277,66758,non-attack
12278,66759,non-attack
12279,66760,non-attack
12280,66761,non-attack
12281,66762,non-attack
12282,66763,non-attack
12283,66764,non-attack
12284,66765,non-attack
12285,66766,non-attack
12286,66767,non-attack
12287,66768,non-attack
12288,66769,non-attack
12289,66770,non-attack
12290,66771,non-attack
12291,66772,non-attack
12292,66773,non-attack
12293,66774,Impact
12294,66775,non-attack
12295,66776,non-attack
12296,66777,non-attack
12297,66778,non-attack
12298,66779,non-attack
12299,66780,non-attack
12300,66781,non-attack
12301,66782,non-attack
12302,66783,non-attack
12303,66784,non-attack
12304,66785,non-attack
12305,66786,non-attack
12306,66787,non-attack
12307,66788,non-attack
12308,66789,non-attack
12309,66790,non-attack
12310,66791,non-attack
12311,66792,non-attack
12312,66793,non-attack
12313,66794,non-attack
12314,66795,non-attack
12315,66796,non-attack
12316,66797,non-attack
12317,66798,non-attack
12318,66799,non-attack
12319,66800,non-attack
12320,66801,non-attack
12321,66802,non-attack
12322,66803,non-attack
12323,66804,non-attack
12324,66805,non-attack
12325,66806,non-attack
12326,66807,non-attack
12327,66808,Impact
12328,66809,Impact
12329,66810,non-attack
12330,66811,non-attack
12331,66812,non-attack
12332,66813,non-attack
12333,66814,non-attack
12334,66815,non-attack
12335,66816,non-attack
12336,66817,non-attack
12337,66818,non-attack
12338,66819,non-attack
12339,66820,non-attack
12340,66821,non-attack
12341,66822,non-attack
12342,66823,non-attack
12343,66824,non-attack
12344,66825,non-attack
12345,66826,non-attack
12346,66827,non-attack
12347,66828,non-attack
12348,66829,non-attack
12349,66830,non-attack
12350,66831,non-attack
12351,66832,non-attack
12352,66833,non-attack
12353,66834,non-attack
12354,66835,non-attack
12355,66836,non-attack
12356,66837,non-attack
12357,66838,non-attack
12358,66839,non-attack
12359,66840,non-attack
12360,66841,non-attack
12361,66842,non-attack
12362,66843,non-attack
12363,66844,Impact
12364,66845,non-attack
12365,66846,Impact
12366,66847,non-attack
12367,66848,non-attack
12368,66849,non-attack
12369,66850,non-attack
12370,66851,non-attack
12371,66852,non-attack
12372,66853,non-attack
12373,66854,non-attack
12374,66855,non-attack
12375,66856,non-attack
12376,66857,non-attack
12377,66858,non-attack
12378,66859,non-attack
12379,66860,non-attack
12380,66861,non-attack
12381,66862,non-attack
12382,66863,non-attack
12383,66864,non-attack
12384,66865,non-attack
12385,66866,non-attack
12386,66867,non-attack
12387,66868,non-attack
12388,66869,non-attack
12389,66870,non-attack
12390,66871,non-attack
12391,66872,non-attack
12392,66873,non-attack
12393,66874,non-attack
12394,66875,non-attack
12395,66876,non-attack
12396,66877,non-attack
12397,66878,non-attack
12398,66879,non-attack
12399,66880,non-attack
12400,66881,non-attack
12401,66882,non-attack
12402,66883,non-attack
12403,66884,non-attack
12404,66885,non-attack
12405,66886,non-attack
12406,66887,non-attack
12407,66888,non-attack
12408,66889,non-attack
12409,66890,non-attack
12410,66891,non-attack
12411,66892,non-attack
12412,66893,non-attack
12413,66894,Impact
12414,66895,non-attack
12415,66896,non-attack
12416,66897,non-attack
12417,66898,non-attack
12418,66899,non-attack
12419,66900,non-attack
12420,66901,non-attack
12421,66902,non-attack
12422,66903,non-attack
12423,66904,non-attack
12424,66905,non-attack
12425,66906,non-attack
12426,66907,non-attack
12427,66908,non-attack
12428,66909,non-attack
12429,66910,non-attack
12430,66911,non-attack
12431,66912,non-attack
12432,66913,non-attack
12433,66914,non-attack
12434,66915,non-attack
12435,66916,non-attack
12436,66917,non-attack
12437,66918,non-attack
12438,66919,Impact
12439,66920,non-attack
12440,66921,non-attack
12441,66922,non-attack
12442,66923,non-attack
12443,66924,non-attack
12444,66925,non-attack
12445,66926,Impact
12446,66927,non-attack
12447,66928,non-attack
12448,66929,non-attack
12449,66930,Impact
12450,66931,non-attack
12451,66932,non-attack
12452,66933,non-attack
12453,66934,non-attack
12454,66935,non-attack
12455,66936,non-attack
12456,66937,non-attack
12457,66938,non-attack
12458,66939,non-attack
12459,66940,non-attack
12460,66941,non-attack
12461,66942,non-attack
12462,66943,non-attack
12463,66944,non-attack
12464,66945,non-attack
12465,66946,non-attack
12466,66947,non-attack
12467,66948,non-attack
12468,66949,non-attack
12469,66950,non-attack
12470,66951,non-attack
12471,66952,non-attack
12472,66953,non-attack
12473,66954,non-attack
12474,66955,non-attack
12475,66956,non-attack
12476,66957,Impact
12477,66958,non-attack
12478,66959,non-attack
12479,66960,non-attack
12480,66961,non-attack
12481,66962,non-attack
12482,66963,non-attack
12483,66964,non-attack
12484,66965,non-attack
12485,66966,non-attack
12486,66967,non-attack
12487,66968,non-attack
12488,66969,non-attack
12489,66970,non-attack
12490,66971,non-attack
12491,66972,non-attack
12492,66973,non-attack
12493,66974,non-attack
12494,66975,non-attack
12495,66976,non-attack
12496,66977,non-attack
12497,66978,non-attack
12498,66979,Impact
12499,66980,non-attack
12500,66981,non-attack
12501,66982,non-attack
12502,66983,non-attack
12503,66984,non-attack
12504,66985,non-attack
12505,66986,non-attack
12506,66987,Impact
12507,66988,non-attack
12508,66989,non-attack
12509,66990,non-attack
12510,66991,non-attack
12511,66992,non-attack
12512,66993,non-attack
12513,66994,non-attack
12514,66995,non-attack
12515,66996,Impact
12516,66997,non-attack
12517,66998,non-attack
12518,66999,non-attack
12519,67000,Impact
12520,67001,non-attack
12521,67002,non-attack
12522,67003,non-attack
12523,67004,Impact
12524,67005,non-attack
12525,67006,non-attack
12526,67007,non-attack
12527,67008,non-attack
12528,67009,non-attack
12529,67010,non-attack
12530,67011,non-attack
12531,67012,non-attack
12532,67013,non-attack
12533,67014,non-attack
12534,67015,non-attack
12535,67016,non-attack
12536,67017,non-attack
12537,67018,non-attack
12538,67019,non-attack
12539,67020,non-attack
12540,67021,non-attack
12541,67022,non-attack
12542,67023,non-attack
12543,67024,non-attack
12544,67025,non-attack
12545,67026,non-attack
12546,67027,non-attack
12547,67028,non-attack
12548,67029,non-attack
12549,67030,non-attack
12550,67031,non-attack
12551,67032,Impact
12552,67033,non-attack
12553,67034,non-attack
12554,67035,non-attack
12555,67036,non-attack
12556,67037,non-attack
12557,67038,non-attack
12558,67039,non-attack
12559,67040,Impact
12560,67041,non-attack
12561,67042,non-attack
12562,67043,non-attack
12563,67044,non-attack
12564,67045,non-attack
12565,67046,non-attack
12566,67047,non-attack
12567,67048,non-attack
12568,67049,non-attack
12569,67050,non-attack
12570,67051,non-attack
12571,67052,non-attack
12572,67053,non-attack
12573,67054,non-attack
12574,67055,non-attack
12575,67056,non-attack
12576,67057,non-attack
12577,67058,non-attack
12578,67059,non-attack
12579,67060,non-attack
12580,67061,non-attack
12581,67062,non-attack
12582,67063,non-attack
12583,67064,non-attack
12584,67065,non-attack
12585,67066,non-attack
12586,67067,non-attack
12587,67068,non-attack
12588,67069,non-attack
12589,67070,non-attack
12590,67071,non-attack
12591,67072,non-attack
12592,67073,non-attack
12593,67074,non-attack
12594,67075,non-attack
12595,67076,non-attack
12596,67077,non-attack
12597,67078,non-attack
12598,67079,non-attack
12599,67080,non-attack
12600,67081,non-attack
12601,67082,non-attack
12602,67083,non-attack
12603,67084,non-attack
12604,67085,non-attack
12605,67086,non-attack
12606,67087,non-attack
12607,67088,non-attack
12608,67089,non-attack
12609,67090,non-attack
12610,67091,non-attack
12611,67092,non-attack
12612,67093,non-attack
12613,67094,non-attack
12614,67095,non-attack
12615,67096,non-attack
12616,67097,non-attack
12617,67098,non-attack
12618,67099,non-attack
12619,67100,non-attack
12620,67101,Impact
12621,67102,non-attack
12622,67103,non-attack
12623,67104,non-attack
12624,67105,non-attack
12625,67106,non-attack
12626,67107,non-attack
12627,67108,non-attack
12628,67109,non-attack
12629,67110,non-attack
12630,67111,non-attack
12631,67112,non-attack
12632,67113,non-attack
12633,67114,non-attack
12634,67115,non-attack
12635,67116,non-attack
12636,67117,non-attack
12637,67118,non-attack
12638,67119,non-attack
12639,67120,non-attack
12640,67121,non-attack
12641,67122,non-attack
12642,67123,non-attack
12643,67124,non-attack
12644,67125,non-attack
12645,67126,non-attack
12646,67127,non-attack
12647,67128,non-attack
12648,67129,non-attack
12649,67130,non-attack
12650,67131,non-attack
12651,67132,non-attack
12652,67133,non-attack
12653,67134,non-attack
12654,67135,non-attack
12655,67136,non-attack
12656,67137,non-attack
12657,67138,non-attack
12658,67139,non-attack
12659,67140,non-attack
12660,67141,non-attack
12661,67142,non-attack
12662,67143,non-attack
12663,67144,non-attack
12664,67145,non-attack
12665,67146,non-attack
12666,67147,non-attack
12667,67148,non-attack
12668,67149,non-attack
12669,67150,non-attack
12670,67151,non-attack
12671,67152,non-attack
12672,67153,non-attack
12673,67154,non-attack
12674,67155,non-attack
12675,67156,non-attack
12676,67157,non-attack
12677,67158,non-attack
12678,67159,non-attack
12679,67160,non-attack
12680,67161,non-attack
12681,67162,non-attack
12682,67163,non-attack
12683,67164,non-attack
12684,67165,non-attack
12685,67166,non-attack
12686,67167,non-attack
12687,67168,non-attack
12688,67169,non-attack
12689,67170,non-attack
12690,67171,non-attack
12691,67172,non-attack
12692,67173,non-attack
12693,67174,non-attack
12694,67175,non-attack
12695,67176,non-attack
12696,67177,non-attack
12697,67178,non-attack
12698,67179,non-attack
12699,67180,non-attack
12700,67181,non-attack
12701,67182,non-attack
12702,67183,non-attack
12703,67184,non-attack
12704,67185,non-attack
12705,67186,non-attack
12706,67187,non-attack
12707,67188,non-attack
12708,67189,non-attack
12709,67190,non-attack
12710,67191,non-attack
12711,67192,non-attack
12712,67193,non-attack
12713,67194,non-attack
12714,67195,non-attack
12715,67196,non-attack
12716,67197,non-attack
12717,67198,non-attack
12718,67199,non-attack
12719,67200,non-attack
12720,67201,non-attack
12721,67202,non-attack
12722,67203,non-attack
12723,67204,non-attack
12724,67205,non-attack
12725,67206,non-attack
12726,67207,non-attack
12727,67208,non-attack
12728,67209,non-attack
12729,67210,Impact
12730,67211,non-attack
12731,67212,non-attack
12732,67213,non-attack
12733,67214,non-attack
12734,67215,non-attack
12735,67216,non-attack
12736,67217,non-attack
12737,67218,non-attack
12738,67219,non-attack
12739,67220,non-attack
12740,67221,non-attack
12741,67222,non-attack
12742,67223,non-attack
12743,67224,non-attack
12744,67225,non-attack
12745,67226,non-attack
12746,67227,non-attack
12747,67228,non-attack
12748,67229,non-attack
12749,67230,non-attack
12750,67231,non-attack
12751,67232,non-attack
12752,67233,non-attack
12753,67234,non-attack
12754,67235,non-attack
12755,67236,non-attack
12756,67237,non-attack
12757,67238,non-attack
12758,67239,non-attack
12759,67240,non-attack
12760,67241,non-attack
12761,67242,non-attack
12762,67243,non-attack
12763,67244,Impact
12764,67245,non-attack
12765,67246,non-attack
12766,67247,non-attack
12767,67248,non-attack
12768,67249,Impact
12769,67250,non-attack
12770,67251,non-attack
12771,67252,non-attack
12772,67253,non-attack
12773,67254,non-attack
12774,67255,non-attack
12775,67256,non-attack
12776,67257,non-attack
12777,67258,non-attack
12778,67259,non-attack
12779,67260,non-attack
12780,67261,non-attack
12781,67262,non-attack
12782,67263,non-attack
12783,67264,non-attack
12784,67265,non-attack
12785,67266,non-attack
12786,67267,non-attack
12787,67268,non-attack
12788,67269,non-attack
12789,67270,non-attack
12790,67271,non-attack
12791,67272,non-attack
12792,67273,non-attack
12793,67274,non-attack
12794,67275,non-attack
12795,67276,non-attack
12796,67277,non-attack
12797,67278,non-attack
12798,67279,non-attack
12799,67280,non-attack
12800,67281,non-attack
12801,67282,Impact
12802,67283,non-attack
12803,67284,non-attack
12804,67285,non-attack
12805,67286,Impact
12806,67287,non-attack
12807,67288,non-attack
12808,67289,non-attack
12809,67290,Impact
12810,67291,non-attack
12811,67292,non-attack
12812,67293,non-attack
12813,67294,non-attack
12814,67295,non-attack
12815,67296,non-attack
12816,67297,non-attack
12817,67298,non-attack
12818,67299,non-attack
12819,67300,non-attack
12820,67301,non-attack
12821,67302,non-attack
12822,67303,non-attack
12823,67304,non-attack
12824,67305,non-attack
12825,67306,Impact
12826,67307,non-attack
12827,67308,non-attack
12828,67309,non-attack
12829,67310,Impact
12830,67311,non-attack
12831,67312,non-attack
12832,67313,non-attack
12833,67314,non-attack
12834,67315,non-attack
12835,67316,non-attack
12836,67317,non-attack
12837,67318,non-attack
12838,67319,non-attack
12839,67320,non-attack
12840,67321,non-attack
12841,67322,non-attack
12842,67323,non-attack
12843,67324,non-attack
12844,67325,non-attack
12845,67326,non-attack
12846,67327,non-attack
12847,67328,non-attack
12848,67329,non-attack
12849,67330,non-attack
12850,67331,non-attack
12851,67332,non-attack
12852,67333,non-attack
12853,67334,non-attack
12854,67335,non-attack
12855,67336,non-attack
12856,67337,non-attack
12857,67338,non-attack
12858,67339,Impact
12859,67340,non-attack
12860,67341,non-attack
12861,67342,non-attack
12862,67343,non-attack
12863,67344,non-attack
12864,67345,non-attack
12865,67346,non-attack
12866,67347,non-attack
12867,67348,Impact
12868,67349,non-attack
12869,67350,non-attack
12870,67351,non-attack
12871,67352,non-attack
12872,67353,non-attack
12873,67354,non-attack
12874,67355,non-attack
12875,67356,non-attack
12876,67357,non-attack
12877,67358,non-attack
12878,67359,non-attack
12879,67360,non-attack
12880,67361,non-attack
12881,67362,non-attack
12882,67363,non-attack
12883,67364,non-attack
12884,67365,non-attack
12885,67366,non-attack
12886,67367,non-attack
12887,67368,non-attack
12888,67369,non-attack
12889,67370,non-attack
12890,67371,non-attack
12891,67372,non-attack
12892,67373,non-attack
12893,67374,non-attack
12894,67375,non-attack
12895,67376,non-attack
12896,67377,non-attack
12897,67378,non-attack
12898,67379,non-attack
12899,67380,non-attack
12900,67381,non-attack
12901,67382,non-attack
12902,67383,non-attack
12903,67384,non-attack
12904,67385,non-attack
12905,67386,non-attack
12906,67387,non-attack
12907,67388,non-attack
12908,67389,Impact
12909,67390,non-attack
12910,67391,non-attack
12911,67392,non-attack
12912,67393,non-attack
12913,67394,non-attack
12914,67395,non-attack
12915,67396,non-attack
12916,67397,non-attack
12917,67398,non-attack
12918,67399,non-attack
12919,67400,non-attack
12920,67401,non-attack
12921,67402,non-attack
12922,67403,non-attack
12923,67404,non-attack
12924,67405,non-attack
12925,67406,non-attack
12926,67407,non-attack
12927,67408,non-attack
12928,67409,non-attack
12929,67410,non-attack
12930,67411,non-attack
12931,67412,non-attack
12932,67413,non-attack
12933,67414,non-attack
12934,67415,non-attack
12935,67416,non-attack
12936,67417,non-attack
12937,67418,non-attack
12938,67419,non-attack
12939,67420,non-attack
12940,67421,non-attack
12941,67422,non-attack
12942,67423,non-attack
12943,67424,non-attack
12944,67425,non-attack
12945,67426,non-attack
12946,67427,non-attack
12947,67428,non-attack
12948,67429,non-attack
12949,67430,non-attack
12950,67431,non-attack
12951,67432,non-attack
12952,67433,non-attack
12953,67434,non-attack
12954,67435,non-attack
12955,67436,non-attack
12956,67437,non-attack
12957,67438,non-attack
12958,67439,non-attack
12959,67440,non-attack
12960,67441,non-attack
12961,67442,non-attack
12962,67443,non-attack
12963,67444,non-attack
12964,67445,non-attack
12965,67446,non-attack
12966,67447,non-attack
12967,67448,non-attack
12968,67449,non-attack
12969,67450,non-attack
12970,67451,non-attack
12971,67452,non-attack
12972,67453,non-attack
12973,67454,non-attack
12974,67455,non-attack
12975,67456,non-attack
12976,67457,non-attack
12977,67458,non-attack
12978,67459,non-attack
12979,67460,non-attack
12980,67461,non-attack
12981,67462,non-attack
12982,67463,non-attack
12983,67464,non-attack
12984,67465,non-attack
12985,67466,non-attack
12986,67467,non-attack
12987,67468,non-attack
12988,67469,non-attack
12989,67470,non-attack
12990,67471,Impact
12991,67472,non-attack
12992,67473,non-attack
12993,67474,non-attack
12994,67475,non-attack
12995,67476,non-attack
12996,67477,non-attack
12997,67478,non-attack
12998,67479,non-attack
12999,67480,non-attack
13000,67481,non-attack
13001,67482,non-attack
13002,67483,non-attack
13003,67484,non-attack
13004,67485,non-attack
13005,67486,non-attack
13006,67487,non-attack
13007,67488,non-attack
13008,67489,non-attack
13009,67490,non-attack
13010,67491,non-attack
13011,67492,non-attack
13012,67493,non-attack
13013,67494,non-attack
13014,67495,non-attack
13015,67496,non-attack
13016,67497,non-attack
13017,67498,non-attack
13018,67499,non-attack
13019,67500,non-attack
13020,67501,non-attack
13021,67502,non-attack
13022,67503,non-attack
13023,67504,non-attack
13024,67505,Impact
13025,67506,non-attack
13026,67507,non-attack
13027,67508,non-attack
13028,67509,Reconnaissance
13029,67510,Reconnaissance
13030,67511,non-attack
13031,67512,non-attack
13032,67513,non-attack
13033,67514,non-attack
13034,67515,non-attack
13035,67516,non-attack
13036,67517,non-attack
13037,67518,non-attack
13038,67519,non-attack
13039,67520,non-attack
13040,67521,non-attack
13041,67522,non-attack
13042,67523,non-attack
13043,67524,non-attack
13044,67525,non-attack
13045,67526,non-attack
13046,67527,non-attack
13047,67528,non-attack
13048,67529,non-attack
13049,67530,non-attack
13050,67531,non-attack
13051,67532,non-attack
13052,67533,non-attack
13053,67534,non-attack
13054,67535,non-attack
13055,67536,non-attack
13056,67537,non-attack
13057,67538,non-attack
13058,67539,non-attack
13059,67540,non-attack
13060,67541,non-attack
13061,67542,non-attack
13062,67543,non-attack
13063,67544,non-attack
13064,67545,non-attack
13065,67546,non-attack
13066,67547,Impact
13067,67548,non-attack
13068,67549,non-attack
13069,67550,non-attack
13070,67551,non-attack
13071,67552,non-attack
13072,67553,non-attack
13073,67554,non-attack
13074,67555,non-attack
13075,67556,non-attack
13076,67557,non-attack
13077,67558,non-attack
13078,67559,non-attack
13079,67560,non-attack
13080,67561,non-attack
13081,67562,non-attack
13082,67563,non-attack
13083,67564,non-attack
13084,67565,non-attack
13085,67566,non-attack
13086,67567,non-attack
13087,67568,non-attack
13088,67569,non-attack
13089,67570,non-attack
13090,67571,non-attack
13091,67572,non-attack
13092,67573,non-attack
13093,67574,non-attack
13094,67575,non-attack
13095,67576,non-attack
13096,67577,non-attack
13097,67578,non-attack
13098,67579,non-attack
13099,67580,non-attack
13100,67581,non-attack
13101,67582,non-attack
13102,67583,non-attack
13103,67584,non-attack
13104,67585,non-attack
13105,67586,non-attack
13106,67587,non-attack
13107,67588,non-attack
13108,67589,non-attack
13109,67590,non-attack
13110,67591,non-attack
13111,67592,non-attack
13112,67593,non-attack
13113,67594,non-attack
13114,67595,non-attack
13115,67596,non-attack
13116,67597,non-attack
13117,67598,non-attack
13118,67599,non-attack
13119,67600,non-attack
13120,67601,non-attack
13121,67602,non-attack
13122,67603,non-attack
13123,67604,non-attack
13124,67605,non-attack
13125,67606,non-attack
13126,67607,non-attack
13127,67608,non-attack
13128,67609,non-attack
13129,67610,non-attack
13130,67611,non-attack
13131,67612,non-attack
13132,67613,non-attack
13133,67614,non-attack
13134,67615,non-attack
13135,67616,non-attack
13136,67617,non-attack
13137,67618,non-attack
13138,67619,non-attack
13139,67620,non-attack
13140,67621,non-attack
13141,67622,non-attack
13142,67623,Impact
13143,67624,non-attack
13144,67625,non-attack
13145,67626,non-attack
13146,67627,non-attack
13147,67628,non-attack
13148,67629,non-attack
13149,67630,non-attack
13150,67631,non-attack
13151,67632,Impact
13152,67633,non-attack
13153,67634,non-attack
13154,67635,non-attack
13155,67636,non-attack
13156,67637,non-attack
13157,67638,non-attack
13158,67639,non-attack
13159,67640,non-attack
13160,67641,non-attack
13161,67642,non-attack
13162,67643,non-attack
13163,67644,non-attack
13164,67645,non-attack
13165,67646,non-attack
13166,67647,non-attack
13167,67648,non-attack
13168,67649,non-attack
13169,67650,non-attack
13170,67651,non-attack
13171,67652,non-attack
13172,67653,non-attack
13173,67654,non-attack
13174,67655,non-attack
13175,67656,non-attack
13176,67657,non-attack
13177,67658,non-attack
13178,67659,non-attack
13179,67660,non-attack
13180,67661,non-attack
13181,67662,non-attack
13182,67663,non-attack
13183,67664,non-attack
13184,67665,non-attack
13185,67666,non-attack
13186,67667,non-attack
13187,67668,non-attack
13188,67669,non-attack
13189,67670,non-attack
13190,67671,non-attack
13191,67672,non-attack
13192,67673,non-attack
13193,67674,non-attack
13194,67675,non-attack
13195,67676,non-attack
13196,67677,non-attack
13197,67678,non-attack
13198,67679,non-attack
13199,67680,non-attack
13200,67681,non-attack
13201,67682,non-attack
13202,67683,non-attack
13203,67684,non-attack
13204,67685,Impact
13205,67686,non-attack
13206,67687,non-attack
13207,67688,non-attack
13208,67689,non-attack
13209,67690,non-attack
13210,67691,non-attack
13211,67692,non-attack
13212,67693,non-attack
13213,67694,non-attack
13214,67695,non-attack
13215,67696,non-attack
13216,67697,non-attack
13217,67698,non-attack
13218,67699,non-attack
13219,67700,non-attack
13220,67701,non-attack
13221,67702,non-attack
13222,67703,non-attack
13223,67704,non-attack
13224,67705,non-attack
13225,67706,non-attack
13226,67707,non-attack
13227,67708,non-attack
13228,67709,non-attack
13229,67710,non-attack
13230,67711,non-attack
13231,67712,Impact
13232,67713,non-attack
13233,67714,non-attack
13234,67715,non-attack
13235,67716,non-attack
13236,67717,non-attack
13237,67718,non-attack
13238,67719,non-attack
13239,67720,non-attack
13240,67721,non-attack
13241,67722,non-attack
13242,67723,non-attack
13243,67724,non-attack
13244,67725,non-attack
13245,67726,non-attack
13246,67727,non-attack
13247,67728,non-attack
13248,67729,non-attack
13249,67730,non-attack
13250,67731,non-attack
13251,67732,non-attack
13252,67733,non-attack
13253,67734,non-attack
13254,67735,non-attack
13255,67736,non-attack
13256,67737,non-attack
13257,67738,non-attack
13258,67739,non-attack
13259,67740,non-attack
13260,67741,non-attack
13261,67742,non-attack
13262,67743,non-attack
13263,67744,non-attack
13264,67745,non-attack
13265,67746,non-attack
13266,67747,non-attack
13267,67748,non-attack
13268,67749,non-attack
13269,67750,non-attack
13270,67751,Impact
13271,67752,non-attack
13272,67753,non-attack
13273,67754,non-attack
13274,67755,non-attack
13275,67756,non-attack
13276,67757,non-attack
13277,67758,non-attack
13278,67759,non-attack
13279,67760,non-attack
13280,67761,non-attack
13281,67762,non-attack
13282,67763,non-attack
13283,67764,non-attack
13284,67765,non-attack
13285,67766,non-attack
13286,67767,non-attack
13287,67768,non-attack
13288,67769,non-attack
13289,67770,non-attack
13290,67771,non-attack
13291,67772,non-attack
13292,67773,non-attack
13293,67774,non-attack
13294,67775,non-attack
13295,67776,non-attack
13296,67777,non-attack
13297,67778,non-attack
13298,67779,non-attack
13299,67780,non-attack
13300,67781,non-attack
13301,67782,non-attack
13302,67783,non-attack
13303,67784,non-attack
13304,67785,non-attack
13305,67786,non-attack
13306,67787,non-attack
13307,67788,non-attack
13308,67789,non-attack
13309,67790,non-attack
13310,67791,non-attack
13311,67792,non-attack
13312,67793,non-attack
13313,67794,non-attack
13314,67795,non-attack
13315,67796,non-attack
13316,67797,non-attack
13317,67798,non-attack
13318,67799,non-attack
13319,67800,non-attack
13320,67801,non-attack
13321,67802,Impact
13322,67803,non-attack
13323,67804,Impact
13324,67805,non-attack
13325,67806,non-attack
13326,67807,non-attack
13327,67808,non-attack
13328,67809,non-attack
13329,67810,non-attack
13330,67811,non-attack
13331,67812,non-attack
13332,67813,non-attack
13333,67814,non-attack
13334,67815,non-attack
13335,67816,non-attack
13336,67817,non-attack
13337,67818,non-attack
13338,67819,non-attack
13339,67820,non-attack
13340,67821,non-attack
13341,67822,non-attack
13342,67823,non-attack
13343,67824,non-attack
13344,67825,non-attack
13345,67826,non-attack
13346,67827,non-attack
13347,67828,non-attack
13348,67829,non-attack
13349,67830,non-attack
13350,67831,non-attack
13351,67832,non-attack
13352,67833,non-attack
13353,67834,non-attack
13354,67835,non-attack
13355,67836,non-attack
13356,67837,non-attack
13357,67838,non-attack
13358,67839,non-attack
13359,67840,non-attack
13360,67841,non-attack
13361,67842,non-attack
13362,67843,non-attack
13363,67844,non-attack
13364,67845,non-attack
13365,67846,non-attack
13366,67847,non-attack
13367,67848,non-attack
13368,67849,non-attack
13369,67850,non-attack
13370,67851,non-attack
13371,67852,non-attack
13372,67853,non-attack
13373,67854,non-attack
13374,67855,non-attack
13375,67856,non-attack
13376,67857,non-attack
13377,67858,non-attack
13378,67859,non-attack
13379,67860,non-attack
13380,67861,Impact
13381,67862,non-attack
13382,67863,non-attack
13383,67864,non-attack
13384,67865,non-attack
13385,67866,non-attack
13386,67867,non-attack
13387,67868,non-attack
13388,67869,non-attack
13389,67870,non-attack
13390,67871,non-attack
13391,67872,non-attack
13392,67873,non-attack
13393,67874,non-attack
13394,67875,non-attack
13395,67876,non-attack
13396,67877,non-attack
13397,67878,non-attack
13398,67879,non-attack
13399,67880,non-attack
13400,67881,non-attack
13401,67882,non-attack
13402,67883,non-attack
13403,67884,non-attack
13404,67885,non-attack
13405,67886,non-attack
13406,67887,non-attack
13407,67888,non-attack
13408,67889,non-attack
13409,67890,non-attack
13410,67891,non-attack
13411,67892,non-attack
13412,67893,non-attack
13413,67894,non-attack
13414,67895,non-attack
13415,67896,non-attack
13416,67897,non-attack
13417,67898,non-attack
13418,67899,non-attack
13419,67900,non-attack
13420,67901,non-attack
13421,67902,non-attack
13422,67903,non-attack
13423,67904,Impact
13424,67905,non-attack
13425,67906,non-attack
13426,67907,non-attack
13427,67908,non-attack
13428,67909,non-attack
13429,67910,non-attack
13430,67911,non-attack
13431,67912,non-attack
13432,67913,Impact
13433,67914,non-attack
13434,67915,non-attack
13435,67916,non-attack
13436,67917,non-attack
13437,67918,non-attack
13438,67919,non-attack
13439,67920,non-attack
13440,67921,non-attack
13441,67922,non-attack
13442,67923,non-attack
13443,67924,Impact
13444,67925,non-attack
13445,67926,non-attack
13446,67927,non-attack
13447,67928,non-attack
13448,67929,non-attack
13449,67930,non-attack
13450,67931,non-attack
13451,67932,non-attack
13452,67933,non-attack
13453,67934,non-attack
13454,67935,non-attack
13455,67936,non-attack
13456,67937,non-attack
13457,67938,non-attack
13458,67939,non-attack
13459,67940,non-attack
13460,67941,non-attack
13461,67942,non-attack
13462,67943,non-attack
13463,67944,non-attack
13464,67945,non-attack
13465,67946,non-attack
13466,67947,non-attack
13467,67948,non-attack
13468,67949,non-attack
13469,67950,non-attack
13470,67951,non-attack
13471,67952,non-attack
13472,67953,non-attack
13473,67954,non-attack
13474,67955,non-attack
13475,67956,non-attack
13476,67957,non-attack
13477,67958,non-attack
13478,67959,non-attack
13479,67960,non-attack
13480,67961,non-attack
13481,67962,non-attack
13482,67963,non-attack
13483,67964,non-attack
13484,67965,Impact
13485,67966,non-attack
13486,67967,non-attack
13487,67968,non-attack
13488,67969,non-attack
13489,67970,non-attack
13490,67971,non-attack
13491,67972,non-attack
13492,67973,non-attack
13493,67974,non-attack
13494,67975,non-attack
13495,67976,non-attack
13496,67977,non-attack
13497,67978,Impact
13498,67979,non-attack
13499,67980,non-attack
13500,67981,non-attack
13501,67982,non-attack
13502,67983,non-attack
13503,67984,non-attack
13504,67985,non-attack
13505,67986,non-attack
13506,67987,non-attack
13507,67988,non-attack
13508,67989,non-attack
13509,67990,non-attack
13510,67991,non-attack
13511,67992,non-attack
13512,67993,non-attack
13513,67994,non-attack
13514,67995,non-attack
13515,67996,non-attack
13516,67997,non-attack
13517,67998,non-attack
13518,67999,non-attack
13519,68000,non-attack
13520,68001,non-attack
13521,68002,non-attack
13522,68003,non-attack
13523,68004,non-attack
13524,68005,non-attack
13525,68006,non-attack
13526,68007,non-attack
13527,68008,non-attack
13528,68009,non-attack
13529,68010,non-attack
13530,68011,non-attack
13531,68012,non-attack
13532,68013,Impact
13533,68014,non-attack
13534,68015,non-attack
13535,68016,non-attack
13536,68017,non-attack
13537,68018,non-attack
13538,68019,non-attack
13539,68020,non-attack
13540,68021,non-attack
13541,68022,non-attack
13542,68023,non-attack
13543,68024,non-attack
13544,68025,non-attack
13545,68026,non-attack
13546,68027,non-attack
13547,68028,non-attack
13548,68029,non-attack
13549,68030,non-attack
13550,68031,non-attack
13551,68032,non-attack
13552,68033,non-attack
13553,68034,non-attack
13554,68035,non-attack
13555,68036,Impact
13556,68037,Impact
13557,68038,non-attack
13558,68039,non-attack
13559,68040,non-attack
13560,68041,non-attack
13561,68042,non-attack
13562,68043,non-attack
13563,68044,non-attack
13564,68045,Impact
13565,68046,non-attack
13566,68047,non-attack
13567,68048,non-attack
13568,68049,non-attack
13569,68050,non-attack
13570,68051,non-attack
13571,68052,non-attack
13572,68053,non-attack
13573,68054,non-attack
13574,68055,non-attack
13575,68056,non-attack
13576,68057,non-attack
13577,68058,non-attack
13578,68059,non-attack
13579,68060,non-attack
13580,68061,non-attack
13581,68062,non-attack
13582,68063,non-attack
13583,68064,non-attack
13584,68065,non-attack
13585,68066,non-attack
13586,68067,non-attack
13587,68068,Impact
13588,68069,Impact
13589,68070,Impact
13590,68071,non-attack
13591,68072,non-attack
13592,68073,non-attack
13593,68074,non-attack
13594,68075,non-attack
13595,68076,non-attack
13596,68077,non-attack
13597,68078,non-attack
13598,68079,non-attack
