id,rule.mitre.tactic
54481,"[""Impact""]"
54482,"[""Impact""]"
54483,"[""Impact""]"
54484,"[""Impact""]"
54485,"[""Impact""]"
54486,"[""Impact""]"
54487,"[""Impact""]"
54488,"[""Impact""]"
54489,"[""Impact""]"
54490,"[""Impact""]"
54491,"[""Impact""]"
54492,"[""Impact""]"
54493,"[""Impact""]"
54494,"[""Impact""]"
54495,"[""Impact""]"
54496,"[""Impact""]"
54497,"[""Impact""]"
54498,"[""Impact""]"
54499,"[""Impact""]"
54500,"[""Impact""]"
54501,"[""Impact""]"
54502,"[""Impact""]"
54503,"[""Impact""]"
54504,"[""Impact""]"
54505,"[""Impact""]"
54506,"[""Impact""]"
54507,"[""Impact""]"
54508,"[""Impact""]"
54509,"[""Impact""]"
54510,"[""Impact""]"
54511,"[""Impact""]"
54512,"[""Impact""]"
54513,"[""Impact""]"
54514,"[""Impact""]"
54515,"[""Impact""]"
54516,"[""Impact""]"
54517,"[""Impact""]"
54518,"[""Impact""]"
54519,"[""Impact""]"
54520,"[""Impact""]"
54521,"[""Impact""]"
54522,"[""Impact""]"
54523,"[""Impact""]"
54524,"[""Impact""]"
54525,"[""Impact""]"
54526,"[""Impact""]"
54527,"[""Impact""]"
54528,"[""Impact""]"
54529,"[""Impact""]"
54530,"[""Impact""]"
54531,"[""Impact""]"
54532,"[""Impact""]"
54533,"[""Impact""]"
54534,"[""Impact""]"
54535,"[""Impact""]"
54536,"[""Impact""]"
54537,"[""Impact""]"
54538,"[""Impact""]"
54539,"[""Impact""]"
54540,"[""Impact""]"
54541,"[""Impact""]"
54542,"[""Impact""]"
54543,"[""Impact""]"
54544,"[""Impact""]"
54545,"[""Impact""]"
54546,"[""Impact""]"
54547,"[""Impact""]"
54548,"[""Impact""]"
54549,"[""Impact""]"
54550,"[""Impact""]"
54551,"[""Impact""]"
54552,"[""Impact""]"
54553,"[""Impact""]"
54554,"[""Impact""]"
54555,"[""Impact""]"
54556,"[""Impact""]"
54557,"[""Impact""]"
54558,"[""Impact""]"
54559,"[""Impact""]"
54560,"[""Impact""]"
54561,"[""Impact""]"
54562,"[""Impact""]"
54563,"[""Impact""]"
54564,"[""Impact""]"
54565,"[""Impact""]"
54566,"[""Impact""]"
54567,"[""Impact""]"
54568,"[""Impact""]"
54569,"[""Impact""]"
54570,"[""Impact""]"
54571,"[""Impact""]"
54572,"[""Impact""]"
54573,"[""Impact""]"
54574,"[""Impact""]"
54575,"[""Impact""]"
54576,"[""Impact""]"
54577,"[""Impact""]"
54578,"[""Impact""]"
54579,"[""Impact""]"
54580,"[""Impact""]"
54581,"[""Impact""]"
54582,"[""Impact""]"
54583,"[""Impact""]"
54584,"[""Impact""]"
54585,"[""Impact""]"
54586,"[""Impact""]"
54587,"[""Impact""]"
54588,"[""Impact""]"
54589,"[""Impact""]"
54590,"[""Impact""]"
54591,"[""Impact""]"
54592,"[""Impact""]"
54593,"[""Impact""]"
54594,"[""Impact""]"
54595,"[""Impact""]"
54596,"[""Impact""]"
54597,"[""Impact""]"
54598,"[""Impact""]"
54599,"[""Impact""]"
54600,"[""Impact""]"
54601,"[""Impact""]"
54602,"[""Impact""]"
54603,"[""Impact""]"
54604,"[""Impact""]"
54605,"[""Impact""]"
54606,"[""Impact""]"
54607,"[""Impact""]"
54608,"[""Impact""]"
54609,"[""Impact""]"
54610,"[""Impact""]"
54611,"[""Impact""]"
54612,"[""Impact""]"
54613,"[""Impact""]"
54614,"[""Impact""]"
54615,"[""Impact""]"
54616,"[""Impact""]"
54617,"[""Impact""]"
54618,"[""Impact""]"
54619,"[""Impact""]"
54620,"[""Impact""]"
54621,"[""Impact""]"
54622,"[""Impact""]"
54623,"[""Impact""]"
54624,"[""Impact""]"
54625,"[""Impact""]"
54626,"[""Impact""]"
54627,"[""Impact""]"
54628,"[""Impact""]"
54629,"[""Impact""]"
54630,"[""Impact""]"
54631,"[""Impact""]"
54632,"[""Impact""]"
54633,"[""Impact""]"
54634,"[""Impact""]"
54635,"[""Impact""]"
54636,"[""Impact""]"
54637,"[""Impact""]"
54638,"[""Impact""]"
54639,"[""Impact""]"
54640,"[""Impact""]"
54641,"[""Impact""]"
54642,"[""Impact""]"
54643,"[""Impact""]"
54644,"[""Impact""]"
54645,"[""Impact""]"
54646,"[""Impact""]"
54647,"[""Impact""]"
54648,"[""Impact""]"
54649,"[""Impact""]"
54650,"[""Impact""]"
54651,"[""Impact""]"
54652,"[""Impact""]"
54653,"[""Impact""]"
54654,"[""Impact""]"
54655,"[""Impact""]"
54656,"[""Impact""]"
54657,"[""Impact""]"
54658,"[""Impact""]"
54659,"[""Impact""]"
54660,"[""Impact""]"
54661,"[""Impact""]"
54662,"[""Impact""]"
54663,"[""Impact""]"
54664,"[""Impact""]"
54665,"[""Impact""]"
54666,"[""Impact""]"
54667,"[""Impact""]"
54668,"[""Impact""]"
54669,"[""Impact""]"
54670,"[""Impact""]"
54671,"[""Impact""]"
54672,"[""Impact""]"
54673,"[""Impact""]"
54674,"[""Impact""]"
54675,"[""Impact""]"
54676,"[""Impact""]"
54677,"[""Impact""]"
54678,"[""Impact""]"
54679,"[""Impact""]"
54680,"[""Impact""]"
54681,"[""Impact""]"
54682,"[""Impact""]"
54683,"[""Impact""]"
54684,"[""Impact""]"
54685,"[""Impact""]"
54686,"[""Impact""]"
54687,"[""Impact""]"
54688,"[""Impact""]"
54689,"[""Impact""]"
54690,"[""Impact""]"
54691,"[""Impact""]"
54692,"[""Impact""]"
54693,"[""Impact""]"
54694,"[""Impact""]"
54695,"[""Impact""]"
54696,"[""Impact""]"
54697,"[""Impact""]"
54698,"[""Impact""]"
54699,"[""Impact""]"
54700,"[""Impact""]"
54701,"[""Impact""]"
54702,"[""Impact""]"
54703,"[""Impact""]"
54704,"[""Impact""]"
54705,"[""Impact""]"
54706,"[""Impact""]"
54707,"[""Impact""]"
54708,"[""Impact""]"
54709,"[""Impact""]"
54710,"[""Impact""]"
54711,"[""Impact""]"
54712,"[""Impact""]"
54713,"[""Impact""]"
54714,"[""Impact""]"
54715,"[""Impact""]"
54716,"[""Impact""]"
54717,"[""Impact""]"
54718,"[""Impact""]"
54719,"[""Impact""]"
54720,"[""Impact""]"
54721,"[""Impact""]"
54722,"[""Impact""]"
54723,"[""Impact""]"
54724,"[""Impact""]"
54725,"[""Impact""]"
54726,"[""Impact""]"
54727,"[""Impact""]"
54728,"[""Impact""]"
54729,"[""Impact""]"
54730,"[""Impact""]"
54731,"[""Impact""]"
54732,"[""Impact""]"
54733,"[""Impact""]"
54734,"[""Impact""]"
54735,"[""Impact""]"
54736,"[""Impact""]"
54737,"[""Impact""]"
54738,"[""Impact""]"
54739,"[""Impact""]"
54740,"[""Impact""]"
54741,"[""Impact""]"
54742,"[""Impact""]"
54743,"[""Impact""]"
54744,"[""Impact""]"
54745,"[""Impact""]"
54746,"[""Impact""]"
54747,"[""Impact""]"
54748,"[""Impact""]"
54749,"[""Impact""]"
54750,"[""Impact""]"
54751,"[""Impact""]"
54752,"[""Impact""]"
54753,"[""Impact""]"
54754,"[""Impact""]"
54755,"[""Impact""]"
54756,"[""Impact""]"
54757,"[""Impact""]"
54758,"[""Impact""]"
54759,"[""Impact""]"
54760,"[""Impact""]"
54761,"[""Impact""]"
54762,"[""Impact""]"
54763,"[""Impact""]"
54764,"[""Impact""]"
54765,"[""Impact""]"
54766,"[""Impact""]"
54767,"[""Impact""]"
54768,"[""Impact""]"
54769,"[""Impact""]"
54770,"[""Impact""]"
54771,"[""Impact""]"
54772,"[""Impact""]"
54773,"[""Impact""]"
54774,"[""Impact""]"
54775,"[""Impact""]"
54776,"[""Impact""]"
54777,"[""Impact""]"
54778,"[""Impact""]"
54779,"[""Impact""]"
54780,"[""Impact""]"
54781,"[""Impact""]"
54782,"[""Impact""]"
54783,"[""Impact""]"
54784,"[""Impact""]"
54785,"[""Impact""]"
54786,"[""Impact""]"
54787,"[""Impact""]"
54788,"[""Impact""]"
54789,"[""Impact""]"
54790,"[""Impact""]"
54791,"[""Impact""]"
54792,"[""Impact""]"
54793,"[""Impact""]"
54794,"[""Impact""]"
54795,"[""Impact""]"
54796,"[""Impact""]"
54797,"[""Impact""]"
54798,"[""Impact""]"
54799,"[""Impact""]"
54800,"[""Impact""]"
54801,"[""Impact""]"
54802,"[""Impact""]"
54803,"[""Impact""]"
54804,"[""Impact""]"
54805,"[""Impact""]"
54806,"[""Impact""]"
54807,"[""Impact""]"
54808,"[""Impact""]"
54809,"[""Impact""]"
54810,"[""Impact""]"
54811,"[""Impact""]"
54812,"[""Impact""]"
54813,"[""Impact""]"
54814,"[""Impact""]"
54815,"[""Impact""]"
54816,"[""Impact""]"
54817,"[""Impact""]"
54818,"[""Impact""]"
54819,"[""Impact""]"
54820,"[""Impact""]"
54821,"[""Impact""]"
54822,"[""Impact""]"
54823,"[""Impact""]"
54824,"[""Impact""]"
54825,"[""Impact""]"
54826,"[""Impact""]"
54827,"[""Impact""]"
54828,"[""Impact""]"
54829,"[""Impact""]"
54830,"[""Impact""]"
54831,"[""Impact""]"
54832,"[""Impact""]"
54833,"[""Impact""]"
54834,"[""Impact""]"
54835,"[""Impact""]"
54836,"[""Impact""]"
54837,"[""Impact""]"
54838,"[""Impact""]"
54839,"[""Impact""]"
54840,"[""Impact""]"
54841,"[""Impact""]"
54842,"[""Impact""]"
54843,"[""Impact""]"
54844,"[""Impact""]"
54845,"[""Impact""]"
54846,"[""Impact""]"
54847,"[""Impact""]"
54848,"[""Impact""]"
54849,"[""Impact""]"
54850,"[""Impact""]"
54851,"[""Impact""]"
54852,"[""Impact""]"
54853,"[""Impact""]"
54854,"[""Impact""]"
54855,"[""Impact""]"
54856,"[""Impact""]"
54857,"[""Impact""]"
54858,"[""Impact""]"
54859,"[""Impact""]"
54860,"[""Impact""]"
54861,"[""Impact""]"
54862,"[""Impact""]"
54863,"[""Impact""]"
54864,"[""Impact""]"
54865,"[""Impact""]"
54866,"[""Impact""]"
54867,"[""Impact""]"
54868,"[""Impact""]"
54869,"[""Impact""]"
54870,"[""Impact""]"
54871,"[""Impact""]"
54872,"[""Impact""]"
54873,"[""Impact""]"
54874,"[""Impact""]"
54875,"[""Impact""]"
54876,"[""Impact""]"
54877,"[""Impact""]"
54878,"[""Impact""]"
54879,"[""Impact""]"
54880,"[""Impact""]"
54881,"[""Impact""]"
54882,"[""Impact""]"
54883,"[""Impact""]"
54884,"[""Impact""]"
54885,"[""Impact""]"
54886,"[""Impact""]"
54887,"[""Impact""]"
54888,"[""Impact""]"
54889,"[""Impact""]"
54890,"[""Impact""]"
54891,"[""Impact""]"
54892,"[""Impact""]"
54893,"[""Impact""]"
54894,"[""Impact""]"
54895,"[""Impact""]"
54896,"[""Impact""]"
54897,"[""Impact""]"
54898,"[""Impact""]"
54899,"[""Impact""]"
54900,"[""Impact""]"
54901,"[""Impact""]"
54902,"[""Impact""]"
54903,"[""Impact""]"
54904,"[""Impact""]"
54905,"[""Impact""]"
54906,"[""Impact""]"
54907,"[""Impact""]"
54908,"[""Impact""]"
54909,"[""Impact""]"
54910,"[""Impact""]"
54911,"[""Impact""]"
54912,"[""Impact""]"
54913,"[""Impact""]"
54914,"[""Impact""]"
54915,"[""Impact""]"
54916,"[""Impact""]"
54917,"[""Impact""]"
54918,"[""Impact""]"
54919,"[""Impact""]"
54920,"[""Impact""]"
54921,"[""Impact""]"
54922,"[""Impact""]"
54923,"[""Impact""]"
54924,"[""Impact""]"
54925,"[""Impact""]"
54926,"[""Impact""]"
54927,"[""Impact""]"
54928,"[""Impact""]"
54929,"[""Impact""]"
54930,"[""Impact""]"
54931,"[""Impact""]"
54932,"[""Impact""]"
54933,"[""Impact""]"
54934,"[""Impact""]"
54935,"[""Impact""]"
54936,"[""Impact""]"
54937,"[""Impact""]"
54938,"[""Impact""]"
54939,"[""Impact""]"
54940,"[""Impact""]"
54941,"[""Impact""]"
54942,"[""Impact""]"
54943,"[""Impact""]"
54944,"[""Impact""]"
54945,"[""Impact""]"
54946,"[""Impact""]"
54947,"[""Impact""]"
54948,"[""Impact""]"
54949,"[""Impact""]"
54950,"[""Impact""]"
54951,"[""Impact""]"
54952,"[""Impact""]"
54953,"[""Impact""]"
54954,"[""Impact""]"
54955,"[""Impact""]"
54956,"[""Impact""]"
54957,"[""Impact""]"
54958,"[""Impact""]"
54959,"[""Impact""]"
54960,"[""Impact""]"
54961,"[""Impact""]"
54962,"[""Impact""]"
54963,"[""Impact""]"
54964,"[""Impact""]"
54965,"[""Impact""]"
54966,"[""Impact""]"
54967,"[""Impact""]"
54968,"[""Impact""]"
54969,"[""Impact""]"
54970,"[""Impact""]"
54971,"[""Impact""]"
54972,"[""Impact""]"
54973,"[""Impact""]"
54974,"[""Impact""]"
54975,"[""Impact""]"
54976,"[""Impact""]"
54977,"[""Impact""]"
54978,"[""Impact""]"
54979,"[""Impact""]"
54980,"[""Impact""]"
54981,"[""Impact""]"
54982,"[""Impact""]"
54983,"[""Impact""]"
54984,"[""Impact""]"
54985,"[""Impact""]"
54986,"[""Impact""]"
54987,"[""Impact""]"
54988,"[""Impact""]"
54989,"[""Impact""]"
54990,"[""Impact""]"
54991,"[""Impact""]"
54992,"[""Impact""]"
54993,"[""Impact""]"
54994,"[""Impact""]"
54995,"[""Impact""]"
54996,"[""Impact""]"
54997,"[""Impact""]"
54998,"[""Impact""]"
54999,"[""Impact""]"
55000,"[""Impact""]"
55001,"[""Impact""]"
55002,"[""Impact""]"
55003,"[""Impact""]"
55004,"[""Impact""]"
55005,"[""Impact""]"
55006,"[""Impact""]"
55007,"[""Impact""]"
55008,"[""Impact""]"
55009,"[""Impact""]"
55010,"[""Impact""]"
55011,"[""Impact""]"
55012,"[""Impact""]"
55013,"[""Impact""]"
55014,"[""Impact""]"
55015,"[""Impact""]"
55016,"[""Impact""]"
55017,"[""Impact""]"
55018,"[""Impact""]"
55019,"[""Impact""]"
55020,"[""Impact""]"
55021,"[""Impact""]"
55022,"[""Impact""]"
55023,"[""Impact""]"
55024,"[""Impact""]"
55025,"[""Impact""]"
55026,"[""Impact""]"
55027,"[""Impact""]"
55028,"[""Impact""]"
55029,"[""Impact""]"
55030,"[""Impact""]"
55031,"[""Impact""]"
55032,"[""Impact""]"
55033,"[""Impact""]"
55034,"[""Impact""]"
55035,"[""Impact""]"
55036,"[""Impact""]"
55037,"[""Impact""]"
55038,"[""Impact""]"
55039,"[""Impact""]"
55040,"[""Impact""]"
55041,"[""Impact""]"
55042,"[""Impact""]"
55043,"[""Impact""]"
55044,"[""Impact""]"
55045,"[""Impact""]"
55046,"[""Impact""]"
55047,"[""Impact""]"
55048,"[""Impact""]"
55049,"[""Impact""]"
55050,"[""Impact""]"
55051,"[""Impact""]"
55052,"[""Impact""]"
55053,"[""Impact""]"
55054,"[""Impact""]"
55055,"[""Impact""]"
55056,"[""Impact""]"
55057,"[""Impact""]"
55058,"[""Impact""]"
55059,"[""Impact""]"
55060,"[""Impact""]"
55061,"[""Impact""]"
55062,"[""Impact""]"
55063,"[""Impact""]"
55064,"[""Impact""]"
55065,"[""Impact""]"
55066,"[""Impact""]"
55067,"[""Impact""]"
55068,"[""Impact""]"
55069,"[""Impact""]"
55070,"[""Impact""]"
55071,"[""Impact""]"
55072,"[""Impact""]"
55073,"[""Impact""]"
55074,"[""Impact""]"
55075,"[""Impact""]"
55076,"[""Impact""]"
55077,"[""Impact""]"
55078,"[""Impact""]"
55079,"[""Impact""]"
55080,"[""Impact""]"
55081,"[""Impact""]"
55082,"[""Impact""]"
55083,"[""Impact""]"
55084,"[""Impact""]"
55085,"[""Impact""]"
55086,"[""Impact""]"
55087,"[""Impact""]"
55088,"[""Impact""]"
55089,"[""Impact""]"
55090,"[""Impact""]"
55091,"[""Impact""]"
55092,"[""Impact""]"
55093,"[""Impact""]"
55094,"[""Impact""]"
55095,"[""Impact""]"
55096,"[""Impact""]"
55097,"[""Impact""]"
55098,"[""Impact""]"
55099,"[""Impact""]"
55100,"[""Impact""]"
55101,"[""Impact""]"
55102,"[""Impact""]"
55103,"[""Impact""]"
55104,"[""Impact""]"
55105,"[""Impact""]"
55106,"[""Impact""]"
55107,"[""Impact""]"
55108,"[""Impact""]"
55109,"[""Impact""]"
55110,"[""Impact""]"
55111,"[""Impact""]"
55112,"[""Impact""]"
55113,"[""Impact""]"
55114,"[""Impact""]"
55115,"[""Impact""]"
55116,"[""Impact""]"
55117,"[""Impact""]"
55118,"[""Impact""]"
55119,"[""Impact""]"
55120,"[""Impact""]"
55121,"[""Impact""]"
55122,"[""Impact""]"
55123,"[""Impact""]"
55124,"[""Impact""]"
55125,"[""Impact""]"
55126,"[""Impact""]"
55127,"[""Impact""]"
55128,"[""Impact""]"
55129,"[""Impact""]"
55130,"[""Impact""]"
55131,"[""Impact""]"
55132,"[""Impact""]"
55133,"[""Impact""]"
55134,"[""Impact""]"
55135,"[""Impact""]"
55136,"[""Impact""]"
55137,"[""Impact""]"
55138,"[""Impact""]"
55139,"[""Impact""]"
55140,"[""Impact""]"
55141,"[""Impact""]"
55142,"[""Impact""]"
55143,"[""Impact""]"
55144,"[""Impact""]"
55145,"[""Impact""]"
55146,"[""Impact""]"
55147,"[""Impact""]"
55148,"[""Impact""]"
55149,"[""Impact""]"
55150,"[""Impact""]"
55151,"[""Impact""]"
55152,"[""Impact""]"
55153,"[""Impact""]"
55154,"[""Impact""]"
55155,"[""Impact""]"
55156,"[""Impact""]"
55157,"[""Impact""]"
55158,"[""Impact""]"
55159,"[""Impact""]"
55160,"[""Impact""]"
55161,"[""Impact""]"
55162,"[""Impact""]"
55163,"[""Impact""]"
55164,"[""Impact""]"
55165,"[""Impact""]"
55166,"[""Impact""]"
55167,"[""Impact""]"
55168,"[""Impact""]"
55169,"[""Impact""]"
55170,"[""Impact""]"
55171,"[""Impact""]"
55172,"[""Impact""]"
55173,"[""Impact""]"
55174,"[""Impact""]"
55175,"[""Impact""]"
55176,"[""Impact""]"
55177,"[""Impact""]"
55178,"[""Impact""]"
55179,"[""Impact""]"
55180,"[""Impact""]"
55181,"[""Impact""]"
55182,"[""Impact""]"
55183,"[""Impact""]"
55184,"[""Impact""]"
55185,"[""Impact""]"
55186,"[""Impact""]"
55187,"[""Impact""]"
55188,"[""Impact""]"
55189,"[""Impact""]"
55190,"[""Impact""]"
55191,"[""Impact""]"
55192,"[""Impact""]"
55193,"[""Impact""]"
55194,"[""Impact""]"
55195,"[""Impact""]"
55196,"[""Impact""]"
55197,"[""Impact""]"
55198,"[""Impact""]"
55199,"[""Impact""]"
55200,"[""Impact""]"
55201,"[""Impact""]"
55202,"[""Impact""]"
55203,"[""Impact""]"
55204,"[""Impact""]"
55205,"[""Impact""]"
55206,"[""Impact""]"
55207,"[""Impact""]"
55208,"[""Impact""]"
55209,"[""Impact""]"
55210,"[""Impact""]"
55211,"[""Impact""]"
55212,"[""Impact""]"
55213,"[""Impact""]"
55214,"[""Impact""]"
55215,"[""Impact""]"
55216,"[""Impact""]"
55217,"[""Impact""]"
55218,"[""Impact""]"
55219,"[""Impact""]"
55220,"[""Impact""]"
55221,"[""Impact""]"
55222,"[""Impact""]"
55223,"[""Impact""]"
55224,"[""Impact""]"
55225,"[""Impact""]"
55226,"[""Impact""]"
55227,"[""Impact""]"
55228,"[""Impact""]"
55229,"[""Impact""]"
55230,"[""Impact""]"
55231,"[""Impact""]"
55232,"[""Impact""]"
55233,"[""Impact""]"
55234,"[""Impact""]"
55235,"[""Impact""]"
55236,"[""Impact""]"
55237,"[""Impact""]"
55238,"[""Impact""]"
55239,"[""Impact""]"
55240,"[""Impact""]"
55241,"[""Impact""]"
55242,"[""Impact""]"
55243,"[""Impact""]"
55244,"[""Impact""]"
55245,"[""Impact""]"
55246,"[""Impact""]"
55247,"[""Impact""]"
55248,"[""Impact""]"
55249,"[""Impact""]"
55250,"[""Impact""]"
55251,"[""Impact""]"
55252,"[""Impact""]"
55253,"[""Impact""]"
55254,"[""Impact""]"
55255,"[""Impact""]"
55256,"[""Impact""]"
55257,"[""Impact""]"
55258,"[""Impact""]"
55259,"[""Impact""]"
55260,"[""Impact""]"
55261,"[""Impact""]"
55262,"[""Impact""]"
55263,"[""Impact""]"
55264,"[""Impact""]"
55265,"[""Impact""]"
55266,"[""Impact""]"
55267,"[""Impact""]"
55268,"[""Impact""]"
55269,"[""Impact""]"
55270,"[""Impact""]"
55271,"[""Impact""]"
55272,"[""Impact""]"
55273,"[""Impact""]"
55274,"[""Impact""]"
55275,"[""Impact""]"
55276,"[""Impact""]"
55277,"[""Impact""]"
55278,"[""Impact""]"
55279,"[""Impact""]"
55280,"[""Impact""]"
55281,"[""Impact""]"
55282,"[""Impact""]"
55283,"[""Impact""]"
55284,"[""Impact""]"
55285,"[""Impact""]"
55286,"[""Impact""]"
55287,"[""Impact""]"
55288,"[""Impact""]"
55289,"[""Impact""]"
55290,"[""Impact""]"
55291,"[""Impact""]"
55292,"[""Impact""]"
55293,"[""Impact""]"
55294,"[""Impact""]"
55295,"[""Impact""]"
55296,"[""Impact""]"
55297,"[""Impact""]"
55298,"[""Impact""]"
55299,"[""Impact""]"
55300,"[""Impact""]"
55301,"[""Impact""]"
55302,"[""Impact""]"
55303,"[""Impact""]"
55304,"[""Impact""]"
55305,"[""Impact""]"
55306,"[""Impact""]"
55307,"[""Impact""]"
55308,"[""Impact""]"
55309,"[""Impact""]"
55310,"[""Impact""]"
55311,"[""Impact""]"
55312,"[""Impact""]"
55313,"[""Impact""]"
55314,"[""Impact""]"
55315,"[""Impact""]"
55316,"[""Impact""]"
55317,"[""Impact""]"
55318,"[""Impact""]"
55319,"[""Impact""]"
55320,"[""Impact""]"
55321,"[""Impact""]"
55322,"[""Impact""]"
55323,"[""Impact""]"
55324,"[""Impact""]"
55325,"[""Impact""]"
55326,"[""Impact""]"
55327,"[""Impact""]"
55328,"[""Impact""]"
55329,"[""Impact""]"
55330,"[""Impact""]"
55331,"[""Impact""]"
55332,"[""Impact""]"
55333,"[""Impact""]"
55334,"[""Impact""]"
55335,"[""Impact""]"
55336,"[""Impact""]"
55337,"[""Impact""]"
55338,"[""Impact""]"
55339,"[""Impact""]"
55340,"[""Impact""]"
55341,"[""Impact""]"
55342,"[""Impact""]"
55343,"[""Impact""]"
55344,"[""Impact""]"
55345,"[""Impact""]"
55346,"[""Impact""]"
55347,"[""Impact""]"
55348,"[""Impact""]"
55349,"[""Impact""]"
55350,"[""Impact""]"
55351,"[""Impact""]"
55352,"[""Impact""]"
55353,"[""Impact""]"
55354,"[""Impact""]"
55355,"[""Impact""]"
55356,"[""Impact""]"
55357,"[""Impact""]"
55358,"[""Impact""]"
55359,"[""Impact""]"
55360,"[""Impact""]"
55361,"[""Impact""]"
55362,"[""Impact""]"
55363,"[""Impact""]"
55364,"[""Impact""]"
55365,"[""Impact""]"
55366,"[""Impact""]"
55367,"[""Impact""]"
55368,"[""Impact""]"
55369,"[""Impact""]"
55370,"[""Impact""]"
55371,"[""Impact""]"
55372,"[""Impact""]"
55373,"[""Impact""]"
55374,"[""Impact""]"
55375,"[""Impact""]"
55376,"[""Impact""]"
55377,"[""Impact""]"
55378,"[""Impact""]"
55379,"[""Impact""]"
55380,"[""Impact""]"
55381,"[""Impact""]"
55382,"[""Impact""]"
55383,"[""Impact""]"
55384,"[""Impact""]"
55385,"[""Impact""]"
55386,"[""Impact""]"
55387,"[""Impact""]"
55388,"[""Impact""]"
55389,"[""Impact""]"
55390,"[""Impact""]"
55391,"[""Impact""]"
55392,"[""Impact""]"
55393,"[""Impact""]"
55394,"[""Impact""]"
55395,"[""Impact""]"
55396,"[""Impact""]"
55397,"[""Impact""]"
55398,"[""Impact""]"
55399,"[""Impact""]"
55400,"[""Impact""]"
55401,"[""Impact""]"
55402,"[""Impact""]"
55403,"[""Impact""]"
55404,"[""Impact""]"
55405,"[""Impact""]"
55406,"[""Impact""]"
55407,"[""Impact""]"
55408,"[""Impact""]"
55409,"[""Impact""]"
55410,"[""Impact""]"
55411,"[""Impact""]"
55412,"[""Impact""]"
55413,"[""Impact""]"
55414,"[""Impact""]"
55415,"[""Impact""]"
55416,"[""Impact""]"
55417,"[""Impact""]"
55418,"[""Impact""]"
55419,"[""Impact""]"
55420,"[""Impact""]"
55421,"[""Impact""]"
55422,"[""Impact""]"
55423,"[""Impact""]"
55424,"[""Impact""]"
55425,"[""Impact""]"
55426,"[""Impact""]"
55427,"[""Impact""]"
55428,"[""Impact""]"
55429,"[""Impact""]"
55430,"[""Impact""]"
55431,"[""Impact""]"
55432,"[""Impact""]"
55433,"[""Impact""]"
55434,"[""Impact""]"
55435,"[""Impact""]"
55436,"[""Impact""]"
55437,"[""Impact""]"
55438,"[""Impact""]"
55439,"[""Impact""]"
55440,"[""Impact""]"
55441,"[""Impact""]"
55442,"[""Impact""]"
55443,"[""Impact""]"
55444,"[""Impact""]"
55445,"[""Impact""]"
55446,"[""Impact""]"
55447,"[""Impact""]"
55448,"[""Impact""]"
55449,"[""Impact""]"
55450,"[""Impact""]"
55451,"[""Impact""]"
55452,"[""Impact""]"
55453,"[""Impact""]"
55454,"[""Impact""]"
55455,"[""Impact""]"
55456,"[""Impact""]"
55457,"[""Impact""]"
55458,"[""Impact""]"
55459,"[""Impact""]"
55460,"[""Impact""]"
55461,"[""Impact""]"
55462,"[""Impact""]"
55463,"[""Impact""]"
55464,"[""Impact""]"
55465,"[""Impact""]"
55466,"[""Impact""]"
55467,"[""Impact""]"
55468,"[""Impact""]"
55469,"[""Impact""]"
55470,"[""Impact""]"
55471,"[""Impact""]"
55472,"[""Impact""]"
55473,"[""Impact""]"
55474,"[""Impact""]"
55475,"[""Impact""]"
55476,"[""Impact""]"
55477,"[""Impact""]"
55478,"[""Impact""]"
55479,"[""Impact""]"
55480,"[""Impact""]"
55481,"[""Impact""]"
55482,"[""Impact""]"
55483,"[""Impact""]"
55484,"[""Impact""]"
55485,"[""Impact""]"
55486,"[""Impact""]"
55487,"[""Impact""]"
55488,"[""Impact""]"
55489,"[""Impact""]"
55490,"[""Impact""]"
55491,"[""Impact""]"
55492,"[""Impact""]"
55493,"[""Impact""]"
55494,"[""Impact""]"
55495,"[""Impact""]"
55496,"[""Impact""]"
55497,"[""Impact""]"
55498,"[""Impact""]"
55499,"[""Impact""]"
55500,"[""Impact""]"
55501,"[""Impact""]"
55502,"[""Impact""]"
55503,"[""Impact""]"
55504,"[""Impact""]"
55505,"[""Impact""]"
55506,"[""Impact""]"
55507,"[""Impact""]"
55508,"[""Impact""]"
55509,"[""Impact""]"
55510,"[""Impact""]"
55511,"[""Impact""]"
55512,"[""Impact""]"
55513,"[""Impact""]"
55514,"[""Impact""]"
55515,"[""Impact""]"
55516,"[""Impact""]"
55517,"[""Impact""]"
55518,"[""Impact""]"
55519,"[""Impact""]"
55520,"[""Impact""]"
55521,"[""Impact""]"
55522,"[""Impact""]"
55523,"[""Impact""]"
55524,"[""Impact""]"
55525,"[""Impact""]"
55526,"[""Impact""]"
55527,"[""Impact""]"
55528,"[""Impact""]"
55529,"[""Impact""]"
55530,"[""Impact""]"
55531,"[""Impact""]"
55532,"[""Impact""]"
55533,"[""Impact""]"
55534,"[""Impact""]"
55535,"[""Impact""]"
55536,"[""Impact""]"
55537,"[""Impact""]"
55538,"[""Impact""]"
55539,"[""Impact""]"
55540,"[""Impact""]"
55541,"[""Impact""]"
55542,"[""Impact""]"
55543,"[""Impact""]"
55544,"[""Impact""]"
55545,"[""Impact""]"
55546,"[""Impact""]"
55547,"[""Impact""]"
55548,"[""Impact""]"
55549,"[""Impact""]"
55550,"[""Impact""]"
55551,"[""Impact""]"
55552,"[""Impact""]"
55553,"[""Impact""]"
55554,"[""Impact""]"
55555,"[""Impact""]"
55556,"[""Impact""]"
55557,"[""Impact""]"
55558,"[""Impact""]"
55559,"[""Impact""]"
55560,"[""Impact""]"
55561,"[""Impact""]"
55562,"[""Impact""]"
55563,"[""Impact""]"
55564,"[""Impact""]"
55565,"[""Impact""]"
55566,"[""Impact""]"
55567,"[""Impact""]"
55568,"[""Impact""]"
55569,"[""Impact""]"
55570,"[""Impact""]"
55571,"[""Impact""]"
55572,"[""Impact""]"
55573,"[""Impact""]"
55574,"[""Impact""]"
55575,"[""Impact""]"
55576,"[""Impact""]"
55577,"[""Impact""]"
55578,"[""Impact""]"
55579,"[""Impact""]"
55580,"[""Impact""]"
55581,"[""Impact""]"
55582,"[""Impact""]"
55583,"[""Impact""]"
55584,"[""Impact""]"
55585,"[""Impact""]"
55586,"[""Impact""]"
55587,"[""Impact""]"
55588,"[""Impact""]"
55589,"[""Impact""]"
55590,"[""Impact""]"
55591,"[""Impact""]"
55592,"[""Impact""]"
55593,"[""Impact""]"
55594,"[""Impact""]"
55595,"[""Impact""]"
55596,"[""Impact""]"
55597,"[""Impact""]"
55598,"[""Impact""]"
55599,"[""Impact""]"
55600,"[""Impact""]"
55601,"[""Impact""]"
55602,"[""Impact""]"
55603,"[""Impact""]"
55604,"[""Impact""]"
55605,"[""Impact""]"
55606,"[""Impact""]"
55607,"[""Impact""]"
55608,"[""Impact""]"
55609,"[""Impact""]"
55610,"[""Impact""]"
55611,"[""Impact""]"
55612,"[""Impact""]"
55613,"[""Impact""]"
55614,"[""Impact""]"
55615,"[""Impact""]"
55616,"[""Impact""]"
55617,"[""Impact""]"
55618,"[""Impact""]"
55619,"[""Impact""]"
55620,"[""Impact""]"
55621,"[""Impact""]"
55622,"[""Impact""]"
55623,"[""Impact""]"
55624,"[""Impact""]"
55625,"[""Impact""]"
55626,"[""Impact""]"
55627,"[""Impact""]"
55628,"[""Impact""]"
55629,"[""Impact""]"
55630,"[""Impact""]"
55631,"[""Impact""]"
55632,"[""Impact""]"
55633,"[""Impact""]"
55634,"[""Impact""]"
55635,"[""Impact""]"
55636,"[""Impact""]"
55637,"[""Impact""]"
55638,"[""Impact""]"
55639,"[""Impact""]"
55640,"[""Impact""]"
55641,"[""Impact""]"
55642,"[""Impact""]"
55643,"[""Impact""]"
55644,"[""Impact""]"
55645,"[""Impact""]"
55646,"[""Impact""]"
55647,"[""Impact""]"
55648,"[""Impact""]"
55649,"[""Impact""]"
55650,"[""Impact""]"
55651,"[""Impact""]"
55652,"[""Impact""]"
55653,"[""Impact""]"
55654,"[""Impact""]"
55655,"[""Impact""]"
55656,"[""Impact""]"
55657,"[""Impact""]"
55658,"[""Impact""]"
55659,"[""Impact""]"
55660,"[""Impact""]"
55661,"[""Impact""]"
55662,"[""Impact""]"
55663,"[""Impact""]"
55664,"[""Impact""]"
55665,"[""Impact""]"
55666,"[""Impact""]"
55667,"[""Impact""]"
55668,"[""Impact""]"
55669,"[""Impact""]"
55670,"[""Impact""]"
55671,"[""Impact""]"
55672,"[""Impact""]"
55673,"[""Impact""]"
55674,"[""Impact""]"
55675,"[""Impact""]"
55676,"[""Impact""]"
55677,"[""Impact""]"
55678,"[""Impact""]"
55679,"[""Impact""]"
55680,"[""Impact""]"
55681,"[""Impact""]"
55682,"[""Impact""]"
55683,"[""Impact""]"
55684,"[""Impact""]"
55685,"[""Impact""]"
55686,"[""Impact""]"
55687,"[""Impact""]"
55688,"[""Impact""]"
55689,"[""Impact""]"
55690,"[""Impact""]"
55691,"[""Impact""]"
55692,"[""Impact""]"
55693,"[""Impact""]"
55694,"[""Impact""]"
55695,"[""Impact""]"
55696,"[""Impact""]"
55697,"[""Impact""]"
55698,"[""Impact""]"
55699,"[""Impact""]"
55700,"[""Impact""]"
55701,"[""Impact""]"
55702,"[""Impact""]"
55703,"[""Impact""]"
55704,"[""Impact""]"
55705,"[""Impact""]"
55706,"[""Impact""]"
55707,"[""Impact""]"
55708,"[""Impact""]"
55709,"[""Impact""]"
55710,"[""Impact""]"
55711,"[""Impact""]"
55712,"[""Impact""]"
55713,"[""Impact""]"
55714,"[""Impact""]"
55715,"[""Impact""]"
55716,"[""Impact""]"
55717,"[""Impact""]"
55718,"[""Impact""]"
55719,"[""Impact""]"
55720,"[""Impact""]"
55721,"[""Impact""]"
55722,"[""Impact""]"
55723,"[""Impact""]"
55724,"[""Impact""]"
55725,"[""Impact""]"
55726,"[""Impact""]"
55727,"[""Impact""]"
55728,"[""Impact""]"
55729,"[""Impact""]"
55730,"[""Impact""]"
55731,"[""Impact""]"
55732,"[""Impact""]"
55733,"[""Impact""]"
55734,"[""Impact""]"
55735,"[""Impact""]"
55736,"[""Impact""]"
55737,"[""Impact""]"
55738,"[""Impact""]"
55739,"[""Impact""]"
55740,"[""Impact""]"
55741,"[""Impact""]"
55742,"[""Impact""]"
55743,"[""Impact""]"
55744,"[""Impact""]"
55745,"[""Impact""]"
55746,"[""Impact""]"
55747,"[""Impact""]"
55748,"[""Impact""]"
55749,"[""Impact""]"
55750,"[""Impact""]"
55751,"[""Impact""]"
55752,"[""Impact""]"
55753,"[""Impact""]"
55754,"[""Impact""]"
55755,"[""Impact""]"
55756,"[""Impact""]"
55757,"[""Impact""]"
55758,"[""Impact""]"
55759,"[""Impact""]"
55760,"[""Impact""]"
55761,"[""Impact""]"
55762,"[""Impact""]"
55763,"[""Impact""]"
55764,"[""Impact""]"
55765,"[""Impact""]"
55766,"[""Impact""]"
55767,"[""Impact""]"
55768,"[""Impact""]"
55769,"[""Impact""]"
55770,"[""Impact""]"
55771,"[""Impact""]"
55772,"[""Impact""]"
55773,"[""Impact""]"
55774,"[""Impact""]"
55775,"[""Impact""]"
55776,"[""Impact""]"
55777,"[""Impact""]"
55778,"[""Impact""]"
55779,"[""Impact""]"
55780,"[""Impact""]"
55781,"[""Impact""]"
55782,"[""Impact""]"
55783,"[""Impact""]"
55784,"[""Impact""]"
55785,"[""Impact""]"
55786,"[""Impact""]"
55787,"[""Impact""]"
55788,"[""Impact""]"
55789,"[""Impact""]"
55790,"[""Impact""]"
55791,"[""Impact""]"
55792,"[""Impact""]"
55793,"[""Impact""]"
55794,"[""Impact""]"
55795,"[""Impact""]"
55796,"[""Impact""]"
55797,"[""Impact""]"
55798,"[""Impact""]"
55799,"[""Impact""]"
55800,"[""Impact""]"
55801,"[""Impact""]"
55802,"[""Impact""]"
55803,"[""Impact""]"
55804,"[""Impact""]"
55805,"[""Impact""]"
55806,"[""Impact""]"
55807,"[""Impact""]"
55808,"[""Impact""]"
55809,"[""Impact""]"
55810,"[""Impact""]"
55811,"[""Impact""]"
55812,"[""Impact""]"
55813,"[""Impact""]"
55814,"[""Impact""]"
55815,"[""Impact""]"
55816,"[""Impact""]"
55817,"[""Impact""]"
55818,"[""Impact""]"
55819,"[""Impact""]"
55820,"[""Impact""]"
55821,"[""Impact""]"
55822,"[""Impact""]"
55823,"[""Impact""]"
55824,"[""Impact""]"
55825,"[""Impact""]"
55826,"[""Impact""]"
55827,"[""Impact""]"
55828,"[""Impact""]"
55829,"[""Impact""]"
55830,"[""Impact""]"
55831,"[""Impact""]"
55832,"[""Impact""]"
55833,"[""Impact""]"
55834,"[""Impact""]"
55835,"[""Impact""]"
55836,"[""Impact""]"
55837,"[""Impact""]"
55838,"[""Impact""]"
55839,"[""Impact""]"
55840,"[""Impact""]"
55841,"[""Impact""]"
55842,"[""Impact""]"
55843,"[""Impact""]"
55844,"[""Impact""]"
55845,"[""Impact""]"
55846,"[""Impact""]"
55847,"[""Impact""]"
55848,"[""Impact""]"
55849,"[""Impact""]"
55850,"[""Impact""]"
55851,"[""Impact""]"
55852,"[""Impact""]"
55853,"[""Impact""]"
55854,"[""Impact""]"
55855,"[""Impact""]"
55856,"[""Impact""]"
55857,"[""Impact""]"
55858,"[""Impact""]"
55859,"[""Impact""]"
55860,"[""Impact""]"
55861,"[""Impact""]"
55862,"[""Impact""]"
55863,"[""Impact""]"
55864,"[""Impact""]"
55865,"[""Impact""]"
55866,"[""Impact""]"
55867,"[""Impact""]"
55868,"[""Impact""]"
55869,"[""Impact""]"
55870,"[""Impact""]"
55871,"[""Impact""]"
55872,"[""Impact""]"
55873,"[""Impact""]"
55874,"[""Impact""]"
55875,"[""Impact""]"
55876,"[""Impact""]"
55877,"[""Impact""]"
55878,"[""Impact""]"
55879,"[""Impact""]"
55880,"[""Impact""]"
55881,"[""Impact""]"
55882,"[""Impact""]"
55883,"[""Impact""]"
55884,"[""Impact""]"
55885,"[""Impact""]"
55886,"[""Impact""]"
55887,"[""Impact""]"
55888,"[""Impact""]"
55889,"[""Impact""]"
55890,"[""Impact""]"
55891,"[""Impact""]"
55892,"[""Impact""]"
55893,"[""Impact""]"
55894,"[""Impact""]"
55895,"[""Impact""]"
55896,"[""Impact""]"
55897,"[""Impact""]"
55898,"[""Impact""]"
55899,"[""Impact""]"
55900,"[""Impact""]"
55901,"[""Impact""]"
55902,"[""Impact""]"
55903,"[""Impact""]"
55904,"[""Impact""]"
55905,"[""Impact""]"
55906,"[""Impact""]"
55907,"[""Impact""]"
55908,"[""Impact""]"
55909,"[""Impact""]"
55910,"[""Impact""]"
55911,"[""Impact""]"
55912,"[""Impact""]"
55913,"[""Impact""]"
55914,"[""Impact""]"
55915,"[""Impact""]"
55916,"[""Impact""]"
55917,"[""Impact""]"
55918,"[""Impact""]"
55919,"[""Impact""]"
55920,"[""Impact""]"
55921,"[""Impact""]"
55922,"[""Impact""]"
55923,"[""Impact""]"
55924,"[""Impact""]"
55925,"[""Impact""]"
55926,"[""Impact""]"
55927,"[""Impact""]"
55928,"[""Impact""]"
55929,"[""Impact""]"
55930,"[""Impact""]"
55931,"[""Impact""]"
55932,"[""Impact""]"
55933,"[""Impact""]"
55934,"[""Impact""]"
55935,"[""Impact""]"
55936,"[""Impact""]"
55937,"[""Impact""]"
55938,"[""Impact""]"
55939,"[""Impact""]"
55940,"[""Impact""]"
55941,"[""Impact""]"
55942,"[""Impact""]"
55943,"[""Impact""]"
55944,"[""Impact""]"
55945,"[""Impact""]"
55946,"[""Impact""]"
55947,"[""Impact""]"
55948,"[""Impact""]"
55949,"[""Impact""]"
55950,"[""Impact""]"
55951,"[""Impact""]"
55952,"[""Impact""]"
55953,"[""Impact""]"
55954,"[""Impact""]"
55955,"[""Impact""]"
55956,"[""Impact""]"
55957,"[""Impact""]"
55958,"[""Impact""]"
55959,"[""Impact""]"
55960,"[""Impact""]"
55961,"[""Impact""]"
55962,"[""Impact""]"
55963,"[""Impact""]"
55964,"[""Impact""]"
55965,"[""Impact""]"
55966,"[""Impact""]"
55967,"[""Impact""]"
55968,"[""Impact""]"
55969,"[""Impact""]"
55970,"[""Impact""]"
55971,"[""Impact""]"
55972,"[""Impact""]"
55973,"[""Impact""]"
55974,"[""Impact""]"
55975,"[""Impact""]"
55976,"[""Impact""]"
55977,"[""Impact""]"
55978,"[""Impact""]"
55979,"[""Impact""]"
55980,"[""Impact""]"
55981,"[""Impact""]"
55982,"[""Impact""]"
55983,"[""Impact""]"
55984,"[""Impact""]"
55985,"[""Impact""]"
55986,"[""Impact""]"
55987,"[""Impact""]"
55988,"[""Impact""]"
55989,"[""Impact""]"
55990,"[""Impact""]"
55991,"[""Impact""]"
55992,"[""Impact""]"
55993,"[""Impact""]"
55994,"[""Impact""]"
55995,"[""Impact""]"
55996,"[""Impact""]"
55997,"[""Impact""]"
55998,"[""Impact""]"
55999,"[""Impact""]"
56000,"[""Impact""]"
56001,"[""Impact""]"
56002,"[""Impact""]"
56003,"[""Impact""]"
56004,"[""Impact""]"
56005,"[""Impact""]"
56006,"[""Impact""]"
56007,"[""Impact""]"
56008,"[""Impact""]"
56009,"[""Impact""]"
56010,"[""Impact""]"
56011,"[""Impact""]"
56012,"[""Impact""]"
56013,"[""Impact""]"
56014,"[""Impact""]"
56015,"[""Impact""]"
56016,"[""Impact""]"
56017,"[""Impact""]"
56018,"[""Impact""]"
56019,"[""Impact""]"
56020,"[""Impact""]"
56021,"[""Impact""]"
56022,"[""Impact""]"
56023,"[""Impact""]"
56024,"[""Impact""]"
56025,"[""Impact""]"
56026,"[""Impact""]"
56027,"[""Impact""]"
56028,"[""Impact""]"
56029,"[""Impact""]"
56030,"[""Impact""]"
56031,"[""Impact""]"
56032,"[""Impact""]"
56033,"[""Impact""]"
56034,"[""Impact""]"
56035,"[""Impact""]"
56036,"[""Impact""]"
56037,"[""Impact""]"
56038,"[""Impact""]"
56039,"[""Impact""]"
56040,"[""Impact""]"
56041,"[""Impact""]"
56042,"[""Impact""]"
56043,"[""Impact""]"
56044,"[""Impact""]"
56045,"[""Impact""]"
56046,"[""Impact""]"
56047,"[""Impact""]"
56048,"[""Impact""]"
56049,"[""Impact""]"
56050,"[""Impact""]"
56051,"[""Impact""]"
56052,"[""Impact""]"
56053,"[""Impact""]"
56054,"[""Impact""]"
56055,"[""Impact""]"
56056,"[""Impact""]"
56057,"[""Impact""]"
56058,"[""Impact""]"
56059,"[""Impact""]"
56060,"[""Impact""]"
56061,"[""Impact""]"
56062,"[""Impact""]"
56063,"[""Impact""]"
56064,"[""Impact""]"
56065,"[""Impact""]"
56066,"[""Impact""]"
56067,"[""Impact""]"
56068,"[""Impact""]"
56069,"[""Impact""]"
56070,"[""Impact""]"
56071,"[""Impact""]"
56072,"[""Impact""]"
56073,"[""Impact""]"
56074,"[""Impact""]"
56075,"[""Impact""]"
56076,"[""Impact""]"
56077,"[""Impact""]"
56078,"[""Impact""]"
56079,"[""Impact""]"
56080,"[""Impact""]"
56081,"[""Impact""]"
56082,"[""Impact""]"
56083,"[""Impact""]"
56084,"[""Impact""]"
56085,"[""Impact""]"
56086,"[""Impact""]"
56087,"[""Impact""]"
56088,"[""Impact""]"
56089,"[""Impact""]"
56090,"[""Impact""]"
56091,"[""Impact""]"
56092,"[""Impact""]"
56093,"[""Impact""]"
56094,"[""Impact""]"
56095,"[""Impact""]"
56096,"[""Impact""]"
56097,"[""Impact""]"
56098,"[""Impact""]"
56099,"[""Impact""]"
56100,"[""Impact""]"
56101,"[""Impact""]"
56102,"[""Impact""]"
56103,"[""Impact""]"
56104,"[""Impact""]"
56105,"[""Impact""]"
56106,"[""Impact""]"
56107,"[""Impact""]"
56108,"[""Impact""]"
56109,"[""Impact""]"
56110,"[""Impact""]"
56111,"[""Impact""]"
56112,"[""Impact""]"
56113,"[""Impact""]"
56114,"[""Impact""]"
56115,"[""Impact""]"
56116,"[""Impact""]"
56117,"[""Impact""]"
56118,"[""Impact""]"
56119,"[""Impact""]"
56120,"[""Impact""]"
56121,"[""Impact""]"
56122,"[""Impact""]"
56123,"[""Impact""]"
56124,"[""Impact""]"
56125,"[""Impact""]"
56126,"[""Impact""]"
56127,"[""Impact""]"
56128,"[""Impact""]"
56129,"[""Impact""]"
56130,"[""Impact""]"
56131,"[""Impact""]"
56132,"[""Impact""]"
56133,"[""Impact""]"
56134,"[""Impact""]"
56135,"[""Impact""]"
56136,"[""Impact""]"
56137,"[""Impact""]"
56138,"[""Impact""]"
56139,"[""Impact""]"
56140,"[""Impact""]"
56141,"[""Impact""]"
56142,"[""Impact""]"
56143,"[""Impact""]"
56144,"[""Impact""]"
56145,"[""Impact""]"
56146,"[""Impact""]"
56147,"[""Impact""]"
56148,"[""Impact""]"
56149,"[""Impact""]"
56150,"[""Impact""]"
56151,"[""Impact""]"
56152,"[""Impact""]"
56153,"[""Impact""]"
56154,"[""Impact""]"
56155,"[""Impact""]"
56156,"[""Impact""]"
56157,"[""Impact""]"
56158,"[""Impact""]"
56159,"[""Impact""]"
56160,"[""Impact""]"
56161,"[""Impact""]"
56162,"[""Impact""]"
56163,"[""Impact""]"
56164,"[""Impact""]"
56165,"[""Impact""]"
56166,"[""Impact""]"
56167,"[""Impact""]"
56168,"[""Impact""]"
56169,"[""Impact""]"
56170,"[""Impact""]"
56171,"[""Impact""]"
56172,"[""Impact""]"
56173,"[""Impact""]"
56174,"[""Impact""]"
56175,"[""Impact""]"
56176,"[""Impact""]"
56177,"[""Impact""]"
56178,"[""Impact""]"
56179,"[""Impact""]"
56180,"[""Impact""]"
56181,"[""Impact""]"
56182,"[""Impact""]"
56183,"[""Impact""]"
56184,"[""Impact""]"
56185,"[""Impact""]"
56186,"[""Impact""]"
56187,"[""Impact""]"
56188,"[""Impact""]"
56189,"[""Impact""]"
56190,"[""Impact""]"
56191,"[""Impact""]"
56192,"[""Impact""]"
56193,"[""Impact""]"
56194,"[""Impact""]"
56195,"[""Impact""]"
56196,"[""Impact""]"
56197,"[""Impact""]"
56198,"[""Impact""]"
56199,"[""Impact""]"
56200,"[""Impact""]"
56201,"[""Impact""]"
56202,"[""Impact""]"
56203,"[""Impact""]"
56204,"[""Impact""]"
56205,"[""Impact""]"
56206,"[""Impact""]"
56207,"[""Impact""]"
56208,"[""Impact""]"
56209,"[""Impact""]"
56210,"[""Impact""]"
56211,"[""Impact""]"
56212,"[""Impact""]"
56213,"[""Impact""]"
56214,"[""Impact""]"
56215,"[""Impact""]"
56216,"[""Impact""]"
56217,"[""Impact""]"
56218,"[""Impact""]"
56219,"[""Impact""]"
56220,"[""Impact""]"
56221,"[""Impact""]"
56222,"[""Impact""]"
56223,"[""Impact""]"
56224,"[""Impact""]"
56225,"[""Impact""]"
56226,"[""Impact""]"
56227,"[""Impact""]"
56228,"[""Impact""]"
56229,"[""Impact""]"
56230,"[""Impact""]"
56231,"[""Impact""]"
56232,"[""Impact""]"
56233,"[""Impact""]"
56234,"[""Impact""]"
56235,"[""Impact""]"
56236,"[""Impact""]"
56237,"[""Impact""]"
56238,"[""Impact""]"
56239,"[""Impact""]"
56240,"[""Impact""]"
56241,"[""Impact""]"
56242,"[""Impact""]"
56243,"[""Impact""]"
56244,"[""Impact""]"
56245,"[""Impact""]"
56246,"[""Impact""]"
56247,"[""Impact""]"
56248,"[""Impact""]"
56249,"[""Impact""]"
56250,"[""Impact""]"
56251,"[""Impact""]"
56252,"[""Impact""]"
56253,"[""Impact""]"
56254,"[""Impact""]"
56255,"[""Impact""]"
56256,"[""Impact""]"
56257,"[""Impact""]"
56258,"[""Impact""]"
56259,"[""Impact""]"
56260,"[""Impact""]"
56261,"[""Impact""]"
56262,"[""Impact""]"
56263,"[""Impact""]"
56264,"[""Impact""]"
56265,"[""Impact""]"
56266,"[""Impact""]"
56267,"[""Impact""]"
56268,"[""Impact""]"
56269,"[""Impact""]"
56270,"[""Impact""]"
56271,"[""Impact""]"
56272,"[""Impact""]"
56273,"[""Impact""]"
56274,"[""Impact""]"
56275,"[""Impact""]"
56276,"[""Impact""]"
56277,"[""Impact""]"
56278,"[""Impact""]"
56279,"[""Impact""]"
56280,"[""Impact""]"
56281,"[""Impact""]"
56282,"[""Impact""]"
56283,"[""Impact""]"
56284,"[""Impact""]"
56285,"[""Impact""]"
56286,"[""Impact""]"
56287,"[""Impact""]"
56288,"[""Impact""]"
56289,"[""Impact""]"
56290,"[""Impact""]"
56291,"[""Impact""]"
56292,"[""Impact""]"
56293,"[""Impact""]"
56294,"[""Impact""]"
56295,"[""Impact""]"
56296,"[""Impact""]"
56297,"[""Impact""]"
56298,"[""Impact""]"
56299,"[""Impact""]"
56300,"[""Impact""]"
56301,"[""Impact""]"
56302,"[""Impact""]"
56303,"[""Impact""]"
56304,"[""Impact""]"
56305,"[""Impact""]"
56306,"[""Impact""]"
56307,"[""Impact""]"
56308,"[""Impact""]"
56309,"[""Impact""]"
56310,"[""Impact""]"
56311,"[""Impact""]"
56312,"[""Impact""]"
56313,"[""Impact""]"
56314,"[""Impact""]"
56315,"[""Impact""]"
56316,"[""Impact""]"
56317,"[""Impact""]"
56318,"[""Impact""]"
56319,"[""Impact""]"
56320,"[""Impact""]"
56321,"[""Impact""]"
56322,"[""Impact""]"
56323,"[""Impact""]"
56324,"[""Impact""]"
56325,"[""Impact""]"
56326,"[""Impact""]"
56327,"[""Impact""]"
56328,"[""Impact""]"
56329,"[""Impact""]"
56330,"[""Impact""]"
56331,"[""Impact""]"
56332,"[""Impact""]"
56333,"[""Impact""]"
56334,"[""Impact""]"
56335,"[""Impact""]"
56336,"[""Impact""]"
56337,"[""Impact""]"
56338,"[""Impact""]"
56339,"[""Impact""]"
56340,"[""Impact""]"
56341,"[""Impact""]"
56342,"[""Impact""]"
56343,"[""Impact""]"
56344,"[""Impact""]"
56345,"[""Impact""]"
56346,"[""Impact""]"
56347,"[""Impact""]"
56348,"[""Impact""]"
56349,"[""Impact""]"
56350,"[""Impact""]"
56351,"[""Impact""]"
56352,"[""Impact""]"
56353,"[""Impact""]"
56354,"[""Impact""]"
56355,"[""Impact""]"
56356,"[""Impact""]"
56357,"[""Impact""]"
56358,"[""Impact""]"
56359,"[""Impact""]"
56360,"[""Impact""]"
56361,"[""Impact""]"
56362,"[""Impact""]"
56363,"[""Impact""]"
56364,"[""Impact""]"
56365,"[""Impact""]"
56366,"[""Impact""]"
56367,"[""Impact""]"
56368,"[""Impact""]"
56369,"[""Impact""]"
56370,"[""Impact""]"
56371,"[""Impact""]"
56372,"[""Impact""]"
56373,"[""Impact""]"
56374,"[""Impact""]"
56375,"[""Impact""]"
56376,"[""Impact""]"
56377,"[""Impact""]"
56378,"[""Impact""]"
56379,"[""Impact""]"
56380,"[""Impact""]"
56381,"[""Impact""]"
56382,"[""Impact""]"
56383,"[""Impact""]"
56384,"[""Impact""]"
56385,"[""Impact""]"
56386,"[""Impact""]"
56387,"[""Impact""]"
56388,"[""Impact""]"
56389,"[""Impact""]"
56390,"[""Impact""]"
56391,"[""Impact""]"
56392,"[""Impact""]"
56393,"[""Impact""]"
56394,"[""Impact""]"
56395,"[""Impact""]"
56396,"[""Impact""]"
56397,"[""Impact""]"
56398,"[""Impact""]"
56399,"[""Impact""]"
56400,"[""Impact""]"
56401,"[""Impact""]"
56402,"[""Impact""]"
56403,"[""Impact""]"
56404,"[""Impact""]"
56405,"[""Impact""]"
56406,"[""Impact""]"
56407,"[""Impact""]"
56408,"[""Impact""]"
56409,"[""Impact""]"
56410,"[""Impact""]"
56411,"[""Impact""]"
56412,"[""Impact""]"
56413,"[""Impact""]"
56414,"[""Impact""]"
56415,"[""Impact""]"
56416,"[""Impact""]"
56417,"[""Impact""]"
56418,"[""Impact""]"
56419,"[""Impact""]"
56420,"[""Impact""]"
56421,"[""Impact""]"
56422,"[""Impact""]"
56423,"[""Impact""]"
56424,"[""Impact""]"
56425,"[""Impact""]"
56426,"[""Impact""]"
56427,"[""Impact""]"
56428,"[""Impact""]"
56429,"[""Impact""]"
56430,"[""Impact""]"
56431,"[""Impact""]"
56432,"[""Impact""]"
56433,"[""Impact""]"
56434,"[""Impact""]"
56435,"[""Impact""]"
56436,"[""Impact""]"
56437,"[""Impact""]"
56438,"[""Impact""]"
56439,"[""Impact""]"
56440,"[""Impact""]"
56441,"[""Impact""]"
56442,"[""Impact""]"
56443,"[""Impact""]"
56444,"[""Impact""]"
56445,"[""Impact""]"
56446,"[""Impact""]"
56447,"[""Impact""]"
56448,"[""Impact""]"
56449,"[""Impact""]"
56450,"[""Impact""]"
56451,"[""Impact""]"
56452,"[""Impact""]"
56453,"[""Impact""]"
56454,"[""Impact""]"
56455,"[""Impact""]"
56456,"[""Impact""]"
56457,"[""Impact""]"
56458,"[""Impact""]"
56459,"[""Impact""]"
56460,"[""Impact""]"
56461,"[""Impact""]"
56462,"[""Impact""]"
56463,"[""Impact""]"
56464,"[""Impact""]"
56465,"[""Impact""]"
56466,"[""Impact""]"
56467,"[""Impact""]"
56468,"[""Impact""]"
56469,"[""Impact""]"
56470,"[""Impact""]"
56471,"[""Impact""]"
56472,"[""Impact""]"
56473,"[""Impact""]"
56474,"[""Impact""]"
56475,"[""Impact""]"
56476,"[""Impact""]"
56477,"[""Impact""]"
56478,"[""Impact""]"
56479,"[""Impact""]"
56480,"[""Impact""]"
56481,"[""Impact""]"
56482,"[""Impact""]"
56483,"[""Impact""]"
56484,"[""Impact""]"
56485,"[""Impact""]"
56486,"[""Impact""]"
56487,"[""Impact""]"
56488,"[""Impact""]"
56489,"[""Impact""]"
56490,"[""Impact""]"
56491,"[""Impact""]"
56492,"[""Impact""]"
56493,"[""Impact""]"
56494,"[""Impact""]"
56495,"[""Impact""]"
56496,"[""Impact""]"
56497,"[""Impact""]"
56498,"[""Impact""]"
56499,"[""Impact""]"
56500,"[""Impact""]"
56501,"[""Impact""]"
56502,"[""Impact""]"
56503,"[""Impact""]"
56504,"[""Impact""]"
56505,"[""Impact""]"
56506,"[""Impact""]"
56507,"[""Impact""]"
56508,"[""Impact""]"
56509,"[""Impact""]"
56510,"[""Impact""]"
56511,"[""Impact""]"
56512,"[""Impact""]"
56513,"[""Impact""]"
56514,"[""Impact""]"
56515,"[""Impact""]"
56516,"[""Impact""]"
56517,"[""Impact""]"
56518,"[""Impact""]"
56519,"[""Impact""]"
56520,"[""Impact""]"
56521,"[""Impact""]"
56522,"[""Impact""]"
56523,"[""Impact""]"
56524,"[""Impact""]"
56525,"[""Impact""]"
56526,"[""Impact""]"
56527,"[""Impact""]"
56528,"[""Impact""]"
56529,"[""Impact""]"
56530,"[""Impact""]"
56531,"[""Impact""]"
56532,"[""Impact""]"
56533,"[""Impact""]"
56534,"[""Impact""]"
56535,"[""Impact""]"
56536,"[""Impact""]"
56537,"[""Impact""]"
56538,"[""Impact""]"
56539,"[""Impact""]"
56540,"[""Impact""]"
56541,"[""Impact""]"
56542,"[""Impact""]"
56543,"[""Impact""]"
56544,"[""Impact""]"
56545,"[""Impact""]"
56546,"[""Impact""]"
56547,"[""Impact""]"
56548,"[""Impact""]"
56549,"[""Impact""]"
56550,"[""Impact""]"
56551,"[""Impact""]"
56552,"[""Impact""]"
56553,"[""Impact""]"
56554,"[""Impact""]"
56555,"[""Impact""]"
56556,"[""Impact""]"
56557,"[""Impact""]"
56558,"[""Impact""]"
56559,"[""Impact""]"
56560,"[""Impact""]"
56561,"[""Impact""]"
56562,"[""Impact""]"
56563,"[""Impact""]"
56564,"[""Impact""]"
56565,"[""Impact""]"
56566,"[""Impact""]"
56567,"[""Impact""]"
56568,"[""Impact""]"
56569,"[""Impact""]"
56570,"[""Impact""]"
56571,"[""Impact""]"
56572,"[""Impact""]"
56573,"[""Impact""]"
56574,"[""Impact""]"
56575,"[""Impact""]"
56576,"[""Impact""]"
56577,"[""Impact""]"
56578,"[""Impact""]"
56579,"[""Impact""]"
56580,"[""Impact""]"
56581,"[""Impact""]"
56582,"[""Impact""]"
56583,"[""Impact""]"
56584,"[""Impact""]"
56585,"[""Impact""]"
56586,"[""Impact""]"
56587,"[""Impact""]"
56588,"[""Impact""]"
56589,"[""Impact""]"
56590,"[""Impact""]"
56591,"[""Impact""]"
56592,"[""Impact""]"
56593,"[""Impact""]"
56594,"[""Impact""]"
56595,"[""Impact""]"
56596,"[""Impact""]"
56597,"[""Impact""]"
56598,"[""Impact""]"
56599,"[""Impact""]"
56600,"[""Impact""]"
56601,"[""Impact""]"
56602,"[""Impact""]"
56603,"[""Impact""]"
56604,"[""Impact""]"
56605,"[""Impact""]"
56606,"[""Impact""]"
56607,"[""Impact""]"
56608,"[""Impact""]"
56609,"[""Impact""]"
56610,"[""Impact""]"
56611,"[""Impact""]"
56612,"[""Impact""]"
56613,"[""Impact""]"
56614,"[""Impact""]"
56615,"[""Impact""]"
56616,"[""Impact""]"
56617,"[""Impact""]"
56618,"[""Impact""]"
56619,"[""Impact""]"
56620,"[""Impact""]"
56621,"[""Impact""]"
56622,"[""Impact""]"
56623,"[""Impact""]"
56624,"[""Impact""]"
56625,"[""Impact""]"
56626,"[""Impact""]"
56627,"[""Impact""]"
56628,"[""Impact""]"
56629,"[""Impact""]"
56630,"[""Impact""]"
56631,"[""Impact""]"
56632,"[""Impact""]"
56633,"[""Impact""]"
56634,"[""Impact""]"
56635,"[""Impact""]"
56636,"[""Impact""]"
56637,"[""Impact""]"
56638,"[""Impact""]"
56639,"[""Impact""]"
56640,"[""Impact""]"
56641,"[""Impact""]"
56642,"[""Impact""]"
56643,"[""Impact""]"
56644,"[""Impact""]"
56645,"[""Impact""]"
56646,"[""Impact""]"
56647,"[""Impact""]"
56648,"[""Impact""]"
56649,"[""Impact""]"
56650,"[""Impact""]"
56651,"[""Impact""]"
56652,"[""Impact""]"
56653,"[""Impact""]"
56654,"[""Impact""]"
56655,"[""Impact""]"
56656,"[""Impact""]"
56657,"[""Impact""]"
56658,"[""Impact""]"
56659,"[""Impact""]"
56660,"[""Impact""]"
56661,"[""Impact""]"
56662,"[""Impact""]"
56663,"[""Impact""]"
56664,"[""Impact""]"
56665,"[""Impact""]"
56666,"[""Impact""]"
56667,"[""Impact""]"
56668,"[""Impact""]"
56669,"[""Impact""]"
56670,"[""Impact""]"
56671,"[""Impact""]"
56672,"[""Impact""]"
56673,"[""Impact""]"
56674,"[""Impact""]"
56675,"[""Impact""]"
56676,"[""Impact""]"
56677,"[""Impact""]"
56678,"[""Impact""]"
56679,"[""Impact""]"
56680,"[""Impact""]"
56681,"[""Impact""]"
56682,"[""Impact""]"
56683,"[""Impact""]"
56684,"[""Impact""]"
56685,"[""Impact""]"
56686,"[""Impact""]"
56687,"[""Impact""]"
56688,"[""Impact""]"
56689,"[""Impact""]"
56690,"[""Impact""]"
56691,"[""Impact""]"
56692,"[""Impact""]"
56693,"[""Impact""]"
56694,"[""Impact""]"
56695,"[""Impact""]"
56696,"[""Impact""]"
56697,"[""Impact""]"
56698,"[""Impact""]"
56699,"[""Impact""]"
56700,"[""Impact""]"
56701,"[""Impact""]"
56702,"[""Impact""]"
56703,"[""Impact""]"
56704,"[""Impact""]"
56705,"[""Impact""]"
56706,"[""Impact""]"
56707,"[""Impact""]"
56708,"[""Impact""]"
56709,"[""Impact""]"
56710,"[""Impact""]"
56711,"[""Impact""]"
56712,"[""Impact""]"
56713,"[""Impact""]"
56714,"[""Impact""]"
56715,"[""Impact""]"
56716,"[""Impact""]"
56717,"[""Impact""]"
56718,"[""Impact""]"
56719,"[""Impact""]"
56720,"[""Impact""]"
56721,"[""Impact""]"
56722,"[""Impact""]"
56723,"[""Impact""]"
56724,"[""Impact""]"
56725,"[""Impact""]"
56726,"[""Impact""]"
56727,"[""Impact""]"
56728,"[""Impact""]"
56729,"[""Impact""]"
56730,"[""Impact""]"
56731,"[""Impact""]"
56732,"[""Impact""]"
56733,"[""Impact""]"
56734,"[""Impact""]"
56735,"[""Impact""]"
56736,"[""Impact""]"
56737,"[""Impact""]"
56738,"[""Impact""]"
56739,"[""Impact""]"
56740,"[""Impact""]"
56741,"[""Impact""]"
56742,"[""Impact""]"
56743,"[""Impact""]"
56744,"[""Impact""]"
56745,"[""Impact""]"
56746,"[""Impact""]"
56747,"[""Impact""]"
56748,"[""Impact""]"
56749,"[""Impact""]"
56750,"[""Impact""]"
56751,"[""Impact""]"
56752,"[""Impact""]"
56753,"[""Impact""]"
56754,"[""Impact""]"
56755,"[""Impact""]"
56756,"[""Impact""]"
56757,"[""Impact""]"
56758,"[""Impact""]"
56759,"[""Impact""]"
56760,"[""Impact""]"
56761,"[""Impact""]"
56762,"[""Impact""]"
56763,"[""Impact""]"
56764,"[""Impact""]"
56765,"[""Impact""]"
56766,"[""Impact""]"
56767,"[""Impact""]"
56768,"[""Impact""]"
56769,"[""Impact""]"
56770,"[""Impact""]"
56771,"[""Impact""]"
56772,"[""Impact""]"
56773,"[""Impact""]"
56774,"[""Impact""]"
56775,"[""Impact""]"
56776,"[""Impact""]"
56777,"[""Impact""]"
56778,"[""Impact""]"
56779,"[""Impact""]"
56780,"[""Impact""]"
56781,"[""Impact""]"
56782,"[""Impact""]"
56783,"[""Impact""]"
56784,"[""Impact""]"
56785,"[""Impact""]"
56786,"[""Impact""]"
56787,"[""Impact""]"
56788,"[""Impact""]"
56789,"[""Impact""]"
56790,"[""Impact""]"
56791,"[""Impact""]"
56792,"[""Impact""]"
56793,"[""Impact""]"
56794,"[""Impact""]"
56795,"[""Impact""]"
56796,"[""Impact""]"
56797,"[""Impact""]"
56798,"[""Impact""]"
56799,"[""Impact""]"
56800,"[""Impact""]"
56801,"[""Impact""]"
56802,"[""Impact""]"
56803,"[""Impact""]"
56804,"[""Impact""]"
56805,"[""Impact""]"
56806,"[""Impact""]"
56807,"[""Impact""]"
56808,"[""Impact""]"
56809,"[""Impact""]"
56810,"[""Impact""]"
56811,"[""Impact""]"
56812,"[""Impact""]"
56813,"[""Impact""]"
56814,"[""Impact""]"
56815,"[""Impact""]"
56816,"[""Impact""]"
56817,"[""Impact""]"
56818,"[""Impact""]"
56819,"[""Impact""]"
56820,"[""Impact""]"
56821,"[""Impact""]"
56822,"[""Impact""]"
56823,"[""Impact""]"
56824,"[""Impact""]"
56825,"[""Impact""]"
56826,"[""Impact""]"
56827,"[""Impact""]"
56828,"[""Impact""]"
56829,"[""Impact""]"
56830,"[""Impact""]"
56831,"[""Impact""]"
56832,"[""Impact""]"
56833,"[""Impact""]"
56834,"[""Impact""]"
56835,"[""Impact""]"
56836,"[""Impact""]"
56837,"[""Impact""]"
56838,"[""Impact""]"
56839,"[""Impact""]"
56840,"[""Impact""]"
56841,"[""Impact""]"
56842,"[""Impact""]"
56843,"[""Impact""]"
56844,"[""Impact""]"
56845,"[""Impact""]"
56846,"[""Impact""]"
56847,"[""Impact""]"
56848,"[""Impact""]"
56849,"[""Impact""]"
56850,"[""Impact""]"
56851,"[""Impact""]"
56852,"[""Impact""]"
56853,"[""Impact""]"
56854,"[""Impact""]"
56855,"[""Impact""]"
56856,"[""Impact""]"
56857,"[""Impact""]"
56858,"[""Impact""]"
56859,"[""Impact""]"
56860,"[""Impact""]"
56861,"[""Impact""]"
56862,"[""Impact""]"
56863,"[""Impact""]"
56864,"[""Impact""]"
56865,"[""Impact""]"
56866,"[""Impact""]"
56867,"[""Impact""]"
56868,"[""Impact""]"
56869,"[""Impact""]"
56870,"[""Impact""]"
56871,"[""Impact""]"
56872,"[""Impact""]"
56873,"[""Impact""]"
56874,"[""Impact""]"
56875,"[""Impact""]"
56876,"[""Impact""]"
56877,"[""Impact""]"
56878,"[""Impact""]"
56879,"[""Impact""]"
56880,"[""Impact""]"
56881,"[""Impact""]"
56882,"[""Impact""]"
56883,"[""Impact""]"
56884,"[""Impact""]"
56885,"[""Impact""]"
56886,"[""Impact""]"
56887,"[""Impact""]"
56888,"[""Impact""]"
56889,"[""Impact""]"
56890,"[""Impact""]"
56891,"[""Impact""]"
56892,"[""Impact""]"
56893,"[""Impact""]"
56894,"[""Impact""]"
56895,"[""Impact""]"
56896,"[""Impact""]"
56897,"[""Impact""]"
56898,"[""Impact""]"
56899,"[""Impact""]"
56900,"[""Impact""]"
56901,"[""Impact""]"
56902,"[""Impact""]"
56903,"[""Impact""]"
56904,"[""Impact""]"
56905,"[""Impact""]"
56906,"[""Impact""]"
56907,"[""Impact""]"
56908,"[""Impact""]"
56909,"[""Impact""]"
56910,"[""Impact""]"
56911,"[""Impact""]"
56912,"[""Impact""]"
56913,"[""Impact""]"
56914,"[""Impact""]"
56915,"[""Impact""]"
56916,"[""Impact""]"
56917,"[""Impact""]"
56918,"[""Impact""]"
56919,"[""Impact""]"
56920,"[""Impact""]"
56921,"[""Impact""]"
56922,"[""Impact""]"
56923,"[""Impact""]"
56924,"[""Impact""]"
56925,"[""Impact""]"
56926,"[""Impact""]"
56927,"[""Impact""]"
56928,"[""Impact""]"
56929,"[""Impact""]"
56930,"[""Impact""]"
56931,"[""Impact""]"
56932,"[""Impact""]"
56933,"[""Impact""]"
56934,"[""Impact""]"
56935,"[""Impact""]"
56936,"[""Impact""]"
56937,"[""Impact""]"
56938,"[""Impact""]"
56939,"[""Impact""]"
56940,"[""Impact""]"
56941,"[""Impact""]"
56942,"[""Impact""]"
56943,"[""Impact""]"
56944,"[""Impact""]"
56945,"[""Impact""]"
56946,"[""Impact""]"
56947,"[""Impact""]"
56948,"[""Impact""]"
56949,"[""Impact""]"
56950,"[""Impact""]"
56951,"[""Impact""]"
56952,"[""Impact""]"
56953,"[""Impact""]"
56954,"[""Impact""]"
56955,"[""Impact""]"
56956,"[""Impact""]"
56957,"[""Impact""]"
56958,"[""Impact""]"
56959,"[""Impact""]"
56960,"[""Impact""]"
56961,"[""Impact""]"
56962,"[""Impact""]"
56963,"[""Impact""]"
56964,"[""Impact""]"
56965,"[""Impact""]"
56966,"[""Impact""]"
56967,"[""Impact""]"
56968,"[""Impact""]"
56969,"[""Impact""]"
56970,"[""Impact""]"
56971,"[""Impact""]"
56972,"[""Impact""]"
56973,"[""Impact""]"
56974,"[""Impact""]"
56975,"[""Impact""]"
56976,"[""Impact""]"
56977,"[""Impact""]"
56978,"[""Impact""]"
56979,"[""Impact""]"
56980,"[""Impact""]"
56981,"[""Impact""]"
56982,"[""Impact""]"
56983,"[""Impact""]"
56984,"[""Impact""]"
56985,"[""Impact""]"
56986,"[""Impact""]"
56987,"[""Impact""]"
56988,"[""Impact""]"
56989,"[""Impact""]"
56990,"[""Impact""]"
56991,"[""Impact""]"
56992,"[""Impact""]"
56993,"[""Impact""]"
56994,"[""Impact""]"
56995,"[""Impact""]"
56996,"[""Impact""]"
56997,"[""Impact""]"
56998,"[""Impact""]"
56999,"[""Impact""]"
57000,"[""Impact""]"
57001,"[""Impact""]"
57002,"[""Impact""]"
57003,"[""Impact""]"
57004,"[""Impact""]"
57005,"[""Impact""]"
57006,"[""Impact""]"
57007,"[""Impact""]"
57008,"[""Impact""]"
57009,"[""Impact""]"
57010,"[""Impact""]"
57011,"[""Impact""]"
57012,"[""Impact""]"
57013,"[""Impact""]"
57014,"[""Impact""]"
57015,"[""Impact""]"
57016,"[""Impact""]"
57017,"[""Impact""]"
57018,"[""Impact""]"
57019,"[""Impact""]"
57020,"[""Impact""]"
57021,"[""Impact""]"
57022,"[""Impact""]"
57023,"[""Impact""]"
57024,"[""Impact""]"
57025,"[""Impact""]"
57026,"[""Impact""]"
57027,"[""Impact""]"
57028,"[""Impact""]"
57029,"[""Impact""]"
57030,"[""Impact""]"
57031,"[""Impact""]"
57032,"[""Impact""]"
57033,"[""Impact""]"
57034,"[""Impact""]"
57035,"[""Impact""]"
57036,"[""Impact""]"
57037,"[""Impact""]"
57038,"[""Impact""]"
57039,"[""Impact""]"
57040,"[""Impact""]"
57041,"[""Impact""]"
57042,"[""Impact""]"
57043,"[""Impact""]"
57044,"[""Impact""]"
57045,"[""Impact""]"
57046,"[""Impact""]"
57047,"[""Impact""]"
57048,"[""Impact""]"
57049,"[""Impact""]"
57050,"[""Impact""]"
57051,"[""Impact""]"
57052,"[""Impact""]"
57053,"[""Impact""]"
57054,"[""Impact""]"
57055,"[""Impact""]"
57056,"[""Impact""]"
57057,"[""Impact""]"
57058,"[""Impact""]"
57059,"[""Impact""]"
57060,"[""Impact""]"
57061,"[""Impact""]"
57062,"[""Impact""]"
57063,"[""Impact""]"
57064,"[""Impact""]"
57065,"[""Impact""]"
57066,"[""Impact""]"
57067,"[""Impact""]"
57068,"[""Impact""]"
57069,"[""Impact""]"
57070,"[""Impact""]"
57071,"[""Impact""]"
57072,"[""Impact""]"
57073,"[""Impact""]"
57074,"[""Impact""]"
57075,"[""Impact""]"
57076,"[""Impact""]"
57077,"[""Impact""]"
57078,"[""Impact""]"
57079,"[""Impact""]"
57080,"[""Impact""]"
57081,"[""Impact""]"
57082,"[""Impact""]"
57083,"[""Impact""]"
57084,"[""Impact""]"
57085,"[""Impact""]"
57086,"[""Impact""]"
57087,"[""Impact""]"
57088,"[""Impact""]"
57089,"[""Impact""]"
57090,"[""Impact""]"
57091,"[""Impact""]"
57092,"[""Impact""]"
57093,"[""Impact""]"
57094,"[""Impact""]"
57095,"[""Impact""]"
57096,"[""Impact""]"
57097,"[""Impact""]"
57098,"[""Impact""]"
57099,"[""Impact""]"
57100,"[""Impact""]"
57101,"[""Impact""]"
57102,"[""Impact""]"
57103,"[""Impact""]"
57104,"[""Impact""]"
57105,"[""Impact""]"
57106,"[""Impact""]"
57107,"[""Impact""]"
57108,"[""Impact""]"
57109,"[""Impact""]"
57110,"[""Impact""]"
57111,"[""Impact""]"
57112,"[""Impact""]"
57113,"[""Impact""]"
57114,"[""Impact""]"
57115,"[""Impact""]"
57116,"[""Impact""]"
57117,"[""Impact""]"
57118,"[""Impact""]"
57119,"[""Impact""]"
57120,"[""Impact""]"
57121,"[""Impact""]"
57122,"[""Impact""]"
57123,"[""Impact""]"
57124,"[""Impact""]"
57125,"[""Impact""]"
57126,"[""Impact""]"
57127,"[""Impact""]"
57128,"[""Impact""]"
57129,"[""Impact""]"
57130,"[""Impact""]"
57131,"[""Impact""]"
57132,"[""Impact""]"
57133,"[""Impact""]"
57134,"[""Impact""]"
57135,"[""Impact""]"
57136,"[""Impact""]"
57137,"[""Impact""]"
57138,"[""Impact""]"
57139,"[""Impact""]"
57140,"[""Impact""]"
57141,"[""Impact""]"
57142,"[""Impact""]"
57143,"[""Impact""]"
57144,"[""Impact""]"
57145,"[""Impact""]"
57146,"[""Impact""]"
57147,"[""Impact""]"
57148,"[""Impact""]"
57149,"[""Impact""]"
57150,"[""Impact""]"
57151,"[""Impact""]"
57152,"[""Impact""]"
57153,"[""Impact""]"
57154,"[""Impact""]"
57155,"[""Impact""]"
57156,"[""Impact""]"
57157,"[""Impact""]"
57158,"[""Impact""]"
57159,"[""Impact""]"
57160,"[""Impact""]"
57161,"[""Impact""]"
57162,"[""Impact""]"
57163,"[""Impact""]"
57164,"[""Impact""]"
57165,"[""Impact""]"
57166,"[""Impact""]"
57167,"[""Impact""]"
57168,"[""Impact""]"
57169,"[""Impact""]"
57170,"[""Impact""]"
57171,"[""Impact""]"
57172,"[""Impact""]"
57173,"[""Impact""]"
57174,"[""Impact""]"
57175,"[""Impact""]"
57176,"[""Impact""]"
57177,"[""Impact""]"
57178,"[""Impact""]"
57179,"[""Impact""]"
57180,"[""Impact""]"
57181,"[""Impact""]"
57182,"[""Impact""]"
57183,"[""Impact""]"
57184,"[""Impact""]"
57185,"[""Impact""]"
57186,"[""Impact""]"
57187,"[""Impact""]"
57188,"[""Impact""]"
57189,"[""Impact""]"
57190,"[""Impact""]"
57191,"[""Impact""]"
57192,"[""Impact""]"
57193,"[""Impact""]"
57194,"[""Impact""]"
57195,"[""Impact""]"
57196,"[""Impact""]"
57197,"[""Impact""]"
57198,"[""Impact""]"
57199,"[""Impact""]"
57200,"[""Impact""]"
57201,"[""Impact""]"
57202,"[""Impact""]"
57203,"[""Impact""]"
57204,"[""Impact""]"
57205,"[""Impact""]"
57206,"[""Impact""]"
57207,"[""Impact""]"
57208,"[""Impact""]"
57209,"[""Impact""]"
57210,"[""Impact""]"
57211,"[""Impact""]"
57212,"[""Impact""]"
57213,"[""Impact""]"
57214,"[""Impact""]"
57215,"[""Impact""]"
57216,"[""Impact""]"
57217,"[""Impact""]"
57218,"[""Impact""]"
57219,"[""Impact""]"
57220,"[""Impact""]"
57221,"[""Impact""]"
57222,"[""Impact""]"
57223,"[""Impact""]"
57224,"[""Impact""]"
57225,"[""Impact""]"
57226,"[""Impact""]"
57227,"[""Impact""]"
57228,"[""Impact""]"
57229,"[""Impact""]"
57230,"[""Impact""]"
57231,"[""Impact""]"
57232,"[""Impact""]"
57233,"[""Impact""]"
57234,"[""Impact""]"
57235,"[""Impact""]"
57236,"[""Impact""]"
57237,"[""Impact""]"
57238,"[""Impact""]"
57239,"[""Impact""]"
57240,"[""Impact""]"
57241,"[""Impact""]"
57242,"[""Impact""]"
57243,"[""Impact""]"
57244,"[""Impact""]"
57245,"[""Impact""]"
57246,"[""Impact""]"
57247,"[""Impact""]"
57248,"[""Impact""]"
57249,"[""Impact""]"
57250,"[""Impact""]"
57251,"[""Impact""]"
57252,"[""Impact""]"
57253,"[""Impact""]"
57254,"[""Impact""]"
57255,"[""Impact""]"
57256,"[""Impact""]"
57257,"[""Impact""]"
57258,"[""Impact""]"
57259,"[""Impact""]"
57260,"[""Impact""]"
57261,"[""Impact""]"
57262,"[""Impact""]"
57263,"[""Impact""]"
57264,"[""Impact""]"
57265,"[""Impact""]"
57266,"[""Impact""]"
57267,"[""Impact""]"
57268,"[""Impact""]"
57269,"[""Impact""]"
57270,"[""Impact""]"
57271,"[""Impact""]"
57272,"[""Impact""]"
57273,"[""Impact""]"
57274,"[""Impact""]"
57275,"[""Impact""]"
57276,"[""Impact""]"
57277,"[""Impact""]"
57278,"[""Impact""]"
57279,"[""Impact""]"
57280,"[""Impact""]"
57281,"[""Impact""]"
57282,"[""Impact""]"
57283,"[""Impact""]"
57284,"[""Impact""]"
57285,"[""Impact""]"
57286,"[""Impact""]"
57287,"[""Impact""]"
57288,"[""Impact""]"
57289,"[""Impact""]"
57290,"[""Impact""]"
57291,"[""Impact""]"
57292,"[""Impact""]"
57293,"[""Impact""]"
57294,"[""Impact""]"
57295,"[""Impact""]"
57296,"[""Impact""]"
57297,"[""Impact""]"
57298,"[""Impact""]"
57299,"[""Impact""]"
57300,"[""Impact""]"
57301,"[""Impact""]"
57302,"[""Impact""]"
57303,"[""Impact""]"
57304,"[""Impact""]"
57305,"[""Impact""]"
57306,"[""Impact""]"
57307,"[""Impact""]"
57308,"[""Impact""]"
57309,"[""Impact""]"
57310,"[""Impact""]"
57311,"[""Impact""]"
57312,"[""Impact""]"
57313,"[""Impact""]"
57314,"[""Impact""]"
57315,"[""Impact""]"
57316,"[""Impact""]"
57317,"[""Impact""]"
57318,"[""Impact""]"
57319,"[""Impact""]"
57320,"[""Impact""]"
57321,"[""Impact""]"
57322,"[""Impact""]"
57323,"[""Impact""]"
57324,"[""Impact""]"
57325,"[""Impact""]"
57326,"[""Impact""]"
57327,"[""Impact""]"
57328,"[""Impact""]"
57329,"[""Impact""]"
57330,"[""Impact""]"
57331,"[""Impact""]"
57332,"[""Impact""]"
57333,"[""Impact""]"
57334,"[""Impact""]"
57335,"[""Impact""]"
57336,"[""Impact""]"
57337,"[""Impact""]"
57338,"[""Impact""]"
57339,"[""Impact""]"
57340,"[""Impact""]"
57341,"[""Impact""]"
57342,"[""Impact""]"
57343,"[""Impact""]"
57344,"[""Impact""]"
57345,"[""Impact""]"
57346,"[""Impact""]"
57347,"[""Impact""]"
57348,"[""Impact""]"
57349,"[""Impact""]"
57350,"[""Impact""]"
57351,"[""Impact""]"
57352,"[""Impact""]"
57353,"[""Impact""]"
57354,"[""Impact""]"
57355,"[""Impact""]"
57356,"[""Impact""]"
57357,"[""Impact""]"
57358,"[""Impact""]"
57359,"[""Impact""]"
57360,"[""Impact""]"
57361,"[""Impact""]"
57362,"[""Impact""]"
57363,"[""Impact""]"
57364,"[""Impact""]"
57365,"[""Impact""]"
57366,"[""Impact""]"
57367,"[""Impact""]"
57368,"[""Impact""]"
57369,"[""Impact""]"
57370,"[""Impact""]"
57371,"[""Impact""]"
57372,"[""Impact""]"
57373,"[""Impact""]"
57374,"[""Impact""]"
57375,"[""Impact""]"
57376,"[""Impact""]"
57377,"[""Impact""]"
57378,"[""Impact""]"
57379,"[""Impact""]"
57380,"[""Impact""]"
57381,"[""Impact""]"
57382,"[""Impact""]"
57383,"[""Impact""]"
57384,"[""Impact""]"
57385,"[""Impact""]"
57386,"[""Impact""]"
57387,"[""Impact""]"
57388,"[""Impact""]"
57389,"[""Impact""]"
57390,"[""Impact""]"
57391,"[""Impact""]"
57392,"[""Impact""]"
57393,"[""Impact""]"
57394,"[""Impact""]"
57395,"[""Impact""]"
57396,"[""Impact""]"
57397,"[""Impact""]"
57398,"[""Impact""]"
57399,"[""Impact""]"
57400,"[""Impact""]"
57401,"[""Impact""]"
57402,"[""Impact""]"
57403,"[""Impact""]"
57404,"[""Impact""]"
57405,"[""Impact""]"
57406,"[""Impact""]"
57407,"[""Impact""]"
57408,"[""Impact""]"
57409,"[""Impact""]"
57410,"[""Impact""]"
57411,"[""Impact""]"
57412,"[""Impact""]"
57413,"[""Impact""]"
57414,"[""Impact""]"
57415,"[""Impact""]"
57416,"[""Impact""]"
57417,"[""Impact""]"
57418,"[""Impact""]"
57419,"[""Impact""]"
57420,"[""Impact""]"
57421,"[""Impact""]"
57422,"[""Impact""]"
57423,"[""Impact""]"
57424,"[""Impact""]"
57425,"[""Impact""]"
57426,"[""Impact""]"
57427,"[""Impact""]"
57428,"[""Impact""]"
57429,"[""Impact""]"
57430,"[""Impact""]"
57431,"[""Impact""]"
57432,"[""Impact""]"
57433,"[""Impact""]"
57434,"[""Impact""]"
57435,"[""Impact""]"
57436,"[""Impact""]"
57437,"[""Impact""]"
57438,"[""Impact""]"
57439,"[""Impact""]"
57440,"[""Impact""]"
57441,"[""Impact""]"
57442,"[""Impact""]"
57443,"[""Impact""]"
57444,"[""Impact""]"
57445,"[""Impact""]"
57446,"[""Impact""]"
57447,"[""Impact""]"
57448,"[""Impact""]"
57449,"[""Impact""]"
57450,"[""Impact""]"
57451,"[""Impact""]"
57452,"[""Impact""]"
57453,"[""Impact""]"
57454,"[""Impact""]"
57455,"[""Impact""]"
57456,"[""Impact""]"
57457,"[""Impact""]"
57458,"[""Impact""]"
57459,"[""Impact""]"
57460,"[""Impact""]"
57461,"[""Impact""]"
57462,"[""Impact""]"
57463,"[""Impact""]"
57464,"[""Impact""]"
57465,"[""Impact""]"
57466,"[""Impact""]"
57467,"[""Impact""]"
57468,"[""Impact""]"
57469,"[""Impact""]"
57470,"[""Impact""]"
57471,"[""Impact""]"
57472,"[""Impact""]"
57473,"[""Impact""]"
57474,"[""Impact""]"
57475,"[""Impact""]"
57476,"[""Impact""]"
57477,"[""Impact""]"
57478,"[""Impact""]"
57479,"[""Impact""]"
57480,"[""Impact""]"
57481,"[""Impact""]"
57482,"[""Impact""]"
57483,"[""Impact""]"
57484,"[""Impact""]"
57485,"[""Impact""]"
57486,"[""Impact""]"
57487,"[""Impact""]"
57488,"[""Impact""]"
57489,"[""Impact""]"
57490,"[""Impact""]"
57491,"[""Impact""]"
57492,"[""Impact""]"
57493,"[""Impact""]"
57494,"[""Impact""]"
57495,"[""Impact""]"
57496,"[""Impact""]"
57497,"[""Impact""]"
57498,"[""Impact""]"
57499,"[""Impact""]"
57500,"[""Impact""]"
57501,"[""Impact""]"
57502,"[""Impact""]"
57503,"[""Impact""]"
57504,"[""Impact""]"
57505,"[""Impact""]"
57506,"[""Impact""]"
57507,"[""Impact""]"
57508,"[""Impact""]"
57509,"[""Impact""]"
57510,"[""Impact""]"
57511,"[""Impact""]"
57512,"[""Impact""]"
57513,"[""Impact""]"
57514,"[""Impact""]"
57515,"[""Impact""]"
57516,"[""Impact""]"
57517,"[""Impact""]"
57518,"[""Impact""]"
57519,"[""Impact""]"
57520,"[""Impact""]"
57521,"[""Impact""]"
57522,"[""Impact""]"
57523,"[""Impact""]"
57524,"[""Impact""]"
57525,"[""Impact""]"
57526,"[""Impact""]"
57527,"[""Impact""]"
57528,"[""Impact""]"
57529,"[""Impact""]"
57530,"[""Impact""]"
57531,"[""Impact""]"
57532,"[""Impact""]"
57533,"[""Impact""]"
57534,"[""Impact""]"
57535,"[""Impact""]"
57536,"[""Impact""]"
57537,"[""Impact""]"
57538,"[""Impact""]"
57539,"[""Impact""]"
57540,"[""Impact""]"
57541,"[""Impact""]"
57542,"[""Impact""]"
57543,"[""Impact""]"
57544,"[""Impact""]"
57545,"[""Impact""]"
57546,"[""Impact""]"
57547,"[""Impact""]"
57548,"[""Impact""]"
57549,"[""Impact""]"
57550,"[""Impact""]"
57551,"[""Impact""]"
57552,"[""Impact""]"
57553,"[""Impact""]"
57554,"[""Impact""]"
57555,"[""Impact""]"
57556,"[""Impact""]"
57557,"[""Impact""]"
57558,"[""Impact""]"
57559,"[""Impact""]"
57560,"[""Impact""]"
57561,"[""Impact""]"
57562,"[""Impact""]"
57563,"[""Impact""]"
57564,"[""Impact""]"
57565,"[""Impact""]"
57566,"[""Impact""]"
57567,"[""Impact""]"
57568,"[""Impact""]"
57569,"[""Impact""]"
57570,"[""Impact""]"
57571,"[""Impact""]"
57572,"[""Impact""]"
57573,"[""Impact""]"
57574,"[""Impact""]"
57575,"[""Impact""]"
57576,"[""Impact""]"
57577,"[""Impact""]"
57578,"[""Impact""]"
57579,"[""Impact""]"
57580,"[""Impact""]"
57581,"[""Impact""]"
57582,"[""Impact""]"
57583,"[""Impact""]"
57584,"[""Impact""]"
57585,"[""Impact""]"
57586,"[""Impact""]"
57587,"[""Impact""]"
57588,"[""Impact""]"
57589,"[""Impact""]"
57590,"[""Impact""]"
57591,"[""Impact""]"
57592,"[""Impact""]"
57593,"[""Impact""]"
57594,"[""Impact""]"
57595,"[""Impact""]"
57596,"[""Impact""]"
57597,"[""Impact""]"
57598,"[""Impact""]"
57599,"[""Impact""]"
57600,"[""Impact""]"
57601,"[""Impact""]"
57602,"[""Impact""]"
57603,"[""Impact""]"
57604,"[""Impact""]"
57605,"[""Impact""]"
57606,"[""Impact""]"
57607,"[""Impact""]"
57608,"[""Impact""]"
57609,"[""Impact""]"
57610,"[""Impact""]"
57611,"[""Impact""]"
57612,"[""Impact""]"
57613,"[""Impact""]"
57614,"[""Impact""]"
57615,"[""Impact""]"
57616,"[""Impact""]"
57617,"[""Impact""]"
57618,"[""Impact""]"
57619,"[""Impact""]"
57620,"[""Impact""]"
57621,"[""Impact""]"
57622,"[""Impact""]"
57623,"[""Impact""]"
57624,"[""Impact""]"
57625,"[""Impact""]"
57626,"[""Impact""]"
57627,"[""Impact""]"
57628,"[""Impact""]"
57629,"[""Impact""]"
57630,"[""Impact""]"
57631,"[""Impact""]"
57632,"[""Impact""]"
57633,"[""Impact""]"
57634,"[""Impact""]"
57635,"[""Impact""]"
57636,"[""Impact""]"
57637,"[""Impact""]"
57638,"[""Impact""]"
57639,"[""Impact""]"
57640,"[""Impact""]"
57641,"[""Impact""]"
57642,"[""Impact""]"
57643,"[""Impact""]"
57644,"[""Impact""]"
57645,"[""Impact""]"
57646,"[""Impact""]"
57647,"[""Impact""]"
57648,"[""Impact""]"
57649,"[""Impact""]"
57650,"[""Impact""]"
57651,"[""Impact""]"
57652,"[""Impact""]"
57653,"[""Impact""]"
57654,"[""Impact""]"
57655,"[""Impact""]"
57656,"[""Impact""]"
57657,"[""Impact""]"
57658,"[""Impact""]"
57659,"[""Impact""]"
57660,"[""Impact""]"
57661,"[""Impact""]"
57662,"[""Impact""]"
57663,"[""Impact""]"
57664,"[""Impact""]"
57665,"[""Impact""]"
57666,"[""Impact""]"
57667,"[""Impact""]"
57668,"[""Impact""]"
57669,"[""Impact""]"
57670,"[""Impact""]"
57671,"[""Impact""]"
57672,"[""Impact""]"
57673,"[""Impact""]"
57674,"[""Impact""]"
57675,"[""Impact""]"
57676,"[""Impact""]"
57677,"[""Impact""]"
57678,"[""Impact""]"
57679,"[""Impact""]"
57680,"[""Impact""]"
57681,"[""Impact""]"
57682,"[""Impact""]"
57683,"[""Impact""]"
57684,"[""Impact""]"
57685,"[""Impact""]"
57686,"[""Impact""]"
57687,"[""Impact""]"
57688,"[""Impact""]"
57689,"[""Impact""]"
57690,"[""Impact""]"
57691,"[""Impact""]"
57692,"[""Impact""]"
57693,"[""Impact""]"
57694,"[""Impact""]"
57695,"[""Impact""]"
57696,"[""Impact""]"
57697,"[""Impact""]"
57698,"[""Impact""]"
57699,"[""Impact""]"
57700,"[""Impact""]"
57701,"[""Impact""]"
57702,"[""Impact""]"
57703,"[""Impact""]"
57704,"[""Impact""]"
57705,"[""Impact""]"
57706,"[""Impact""]"
57707,"[""Impact""]"
57708,"[""Impact""]"
57709,"[""Impact""]"
57710,"[""Impact""]"
57711,"[""Impact""]"
57712,"[""Impact""]"
57713,"[""Impact""]"
57714,"[""Impact""]"
57715,"[""Impact""]"
57716,"[""Impact""]"
57717,"[""Impact""]"
57718,"[""Impact""]"
57719,"[""Impact""]"
57720,"[""Impact""]"
57721,"[""Impact""]"
57722,"[""Impact""]"
57723,"[""Impact""]"
57724,"[""Impact""]"
57725,"[""Impact""]"
57726,"[""Impact""]"
57727,"[""Impact""]"
57728,"[""Impact""]"
57729,"[""Impact""]"
57730,"[""Impact""]"
57731,"[""Impact""]"
57732,"[""Impact""]"
57733,"[""Impact""]"
57734,"[""Impact""]"
57735,"[""Impact""]"
57736,"[""Impact""]"
57737,"[""Impact""]"
57738,"[""Impact""]"
57739,"[""Impact""]"
57740,"[""Impact""]"
57741,"[""Impact""]"
57742,"[""Impact""]"
57743,"[""Impact""]"
57744,"[""Impact""]"
57745,"[""Impact""]"
57746,"[""Impact""]"
57747,"[""Impact""]"
57748,"[""Impact""]"
57749,"[""Impact""]"
57750,"[""Impact""]"
57751,"[""Impact""]"
57752,"[""Impact""]"
57753,"[""Impact""]"
57754,"[""Impact""]"
57755,"[""Impact""]"
57756,"[""Impact""]"
57757,"[""Impact""]"
57758,"[""Impact""]"
57759,"[""Impact""]"
57760,"[""Impact""]"
57761,"[""Impact""]"
57762,"[""Impact""]"
57763,"[""Impact""]"
57764,"[""Impact""]"
57765,"[""Impact""]"
57766,"[""Impact""]"
57767,"[""Impact""]"
57768,"[""Impact""]"
57769,"[""Impact""]"
57770,"[""Impact""]"
57771,"[""Impact""]"
57772,"[""Impact""]"
57773,"[""Impact""]"
57774,"[""Impact""]"
57775,"[""Impact""]"
57776,"[""Impact""]"
57777,"[""Impact""]"
57778,"[""Impact""]"
57779,"[""Impact""]"
57780,"[""Impact""]"
57781,"[""Impact""]"
57782,"[""Impact""]"
57783,"[""Impact""]"
57784,"[""Impact""]"
57785,"[""Impact""]"
57786,"[""Impact""]"
57787,"[""Impact""]"
57788,"[""Impact""]"
57789,"[""Impact""]"
57790,"[""Impact""]"
57791,"[""Impact""]"
57792,"[""Impact""]"
57793,"[""Impact""]"
57794,"[""Impact""]"
57795,"[""Impact""]"
57796,"[""Impact""]"
57797,"[""Impact""]"
57798,"[""Impact""]"
57799,"[""Impact""]"
57800,"[""Impact""]"
57801,"[""Impact""]"
57802,"[""Impact""]"
57803,"[""Impact""]"
57804,"[""Impact""]"
57805,"[""Impact""]"
57806,"[""Impact""]"
57807,"[""Impact""]"
57808,"[""Impact""]"
57809,"[""Impact""]"
57810,"[""Impact""]"
57811,"[""Impact""]"
57812,"[""Impact""]"
57813,"[""Impact""]"
57814,"[""Impact""]"
57815,"[""Impact""]"
57816,"[""Impact""]"
57817,"[""Impact""]"
57818,"[""Impact""]"
57819,"[""Impact""]"
57820,"[""Impact""]"
57821,"[""Impact""]"
57822,"[""Impact""]"
57823,"[""Impact""]"
57824,"[""Impact""]"
57825,"[""Impact""]"
57826,"[""Impact""]"
57827,"[""Impact""]"
57828,"[""Impact""]"
57829,"[""Impact""]"
57830,"[""Impact""]"
57831,"[""Impact""]"
57832,"[""Impact""]"
57833,"[""Impact""]"
57834,"[""Impact""]"
57835,"[""Impact""]"
57836,"[""Impact""]"
57837,"[""Impact""]"
57838,"[""Impact""]"
57839,"[""Impact""]"
57840,"[""Impact""]"
57841,"[""Impact""]"
57842,"[""Impact""]"
57843,"[""Impact""]"
57844,"[""Impact""]"
57845,"[""Impact""]"
57846,"[""Impact""]"
57847,"[""Impact""]"
57848,"[""Impact""]"
57849,"[""Impact""]"
57850,"[""Impact""]"
57851,"[""Impact""]"
57852,"[""Impact""]"
57853,"[""Impact""]"
57854,"[""Impact""]"
57855,"[""Impact""]"
57856,"[""Impact""]"
57857,"[""Impact""]"
57858,"[""Impact""]"
57859,"[""Impact""]"
57860,"[""Impact""]"
57861,"[""Impact""]"
57862,"[""Impact""]"
57863,"[""Impact""]"
57864,"[""Impact""]"
57865,"[""Impact""]"
57866,"[""Impact""]"
57867,"[""Impact""]"
57868,"[""Impact""]"
57869,"[""Impact""]"
57870,"[""Impact""]"
57871,"[""Impact""]"
57872,"[""Impact""]"
57873,"[""Impact""]"
57874,"[""Impact""]"
57875,"[""Impact""]"
57876,"[""Impact""]"
57877,"[""Impact""]"
57878,"[""Impact""]"
57879,"[""Impact""]"
57880,"[""Impact""]"
57881,"[""Impact""]"
57882,"[""Impact""]"
57883,"[""Impact""]"
57884,"[""Impact""]"
57885,"[""Impact""]"
57886,"[""Impact""]"
57887,"[""Impact""]"
57888,"[""Impact""]"
57889,"[""Impact""]"
57890,"[""Impact""]"
57891,"[""Impact""]"
57892,"[""Impact""]"
57893,"[""Impact""]"
57894,"[""Impact""]"
57895,"[""Impact""]"
57896,"[""Impact""]"
57897,"[""Impact""]"
57898,"[""Impact""]"
57899,"[""Impact""]"
57900,"[""Impact""]"
57901,"[""Impact""]"
57902,"[""Impact""]"
57903,"[""Impact""]"
57904,"[""Impact""]"
57905,"[""Impact""]"
57906,"[""Impact""]"
57907,"[""Impact""]"
57908,"[""Impact""]"
57909,"[""Impact""]"
57910,"[""Impact""]"
57911,"[""Impact""]"
57912,"[""Impact""]"
57913,"[""Impact""]"
57914,"[""Impact""]"
57915,"[""Impact""]"
57916,"[""Impact""]"
57917,"[""Impact""]"
57918,"[""Impact""]"
57919,"[""Impact""]"
57920,"[""Impact""]"
57921,"[""Impact""]"
57922,"[""Impact""]"
57923,"[""Impact""]"
57924,"[""Impact""]"
57925,"[""Impact""]"
57926,"[""Impact""]"
57927,"[""Impact""]"
57928,"[""Impact""]"
57929,"[""Impact""]"
57930,"[""Impact""]"
57931,"[""Impact""]"
57932,"[""Impact""]"
57933,"[""Impact""]"
57934,"[""Impact""]"
57935,"[""Impact""]"
57936,"[""Impact""]"
57937,"[""Impact""]"
57938,"[""Impact""]"
57939,"[""Impact""]"
57940,"[""Impact""]"
57941,"[""Impact""]"
57942,"[""Impact""]"
57943,"[""Impact""]"
57944,"[""Impact""]"
57945,"[""Impact""]"
57946,"[""Impact""]"
57947,"[""Impact""]"
57948,"[""Impact""]"
57949,"[""Impact""]"
57950,"[""Impact""]"
57951,"[""Impact""]"
57952,"[""Impact""]"
57953,"[""Impact""]"
57954,"[""Impact""]"
57955,"[""Impact""]"
57956,"[""Impact""]"
57957,"[""Impact""]"
57958,"[""Impact""]"
57959,"[""Impact""]"
57960,"[""Impact""]"
57961,"[""Impact""]"
57962,"[""Impact""]"
57963,"[""Impact""]"
57964,"[""Impact""]"
57965,"[""Impact""]"
57966,"[""Impact""]"
57967,"[""Impact""]"
57968,"[""Impact""]"
57969,"[""Impact""]"
57970,"[""Impact""]"
57971,"[""Impact""]"
57972,"[""Impact""]"
57973,"[""Impact""]"
57974,"[""Impact""]"
57975,"[""Impact""]"
57976,"[""Impact""]"
57977,"[""Impact""]"
57978,"[""Impact""]"
57979,"[""Impact""]"
57980,"[""Impact""]"
57981,"[""Impact""]"
57982,"[""Impact""]"
57983,"[""Impact""]"
57984,"[""Impact""]"
57985,"[""Impact""]"
57986,"[""Impact""]"
57987,"[""Impact""]"
57988,"[""Impact""]"
57989,"[""Impact""]"
57990,"[""Impact""]"
57991,"[""Impact""]"
57992,"[""Impact""]"
57993,"[""Impact""]"
57994,"[""Impact""]"
57995,"[""Impact""]"
57996,"[""Impact""]"
57997,"[""Impact""]"
57998,"[""Impact""]"
57999,"[""Impact""]"
58000,"[""Impact""]"
58001,"[""Impact""]"
58002,"[""Impact""]"
58003,"[""Impact""]"
58004,"[""Impact""]"
58005,"[""Impact""]"
58006,"[""Impact""]"
58007,"[""Impact""]"
58008,"[""Impact""]"
58009,"[""Impact""]"
58010,"[""Impact""]"
58011,"[""Impact""]"
58012,"[""Impact""]"
58013,"[""Impact""]"
58014,"[""Impact""]"
58015,"[""Impact""]"
58016,"[""Impact""]"
58017,"[""Impact""]"
58018,"[""Impact""]"
58019,"[""Impact""]"
58020,"[""Impact""]"
58021,"[""Impact""]"
58022,"[""Impact""]"
58023,"[""Impact""]"
58024,"[""Impact""]"
58025,"[""Impact""]"
58026,"[""Impact""]"
58027,"[""Impact""]"
58028,"[""Impact""]"
58029,"[""Impact""]"
58030,"[""Impact""]"
58031,"[""Impact""]"
58032,"[""Impact""]"
58033,"[""Impact""]"
58034,"[""Impact""]"
58035,"[""Impact""]"
58036,"[""Impact""]"
58037,"[""Impact""]"
58038,"[""Impact""]"
58039,"[""Impact""]"
58040,"[""Impact""]"
58041,"[""Impact""]"
58042,"[""Impact""]"
58043,"[""Impact""]"
58044,"[""Impact""]"
58045,"[""Impact""]"
58046,"[""Impact""]"
58047,"[""Impact""]"
58048,"[""Impact""]"
58049,"[""Impact""]"
58050,"[""Impact""]"
58051,"[""Impact""]"
58052,"[""Impact""]"
58053,"[""Impact""]"
58054,"[""Impact""]"
58055,"[""Impact""]"
58056,"[""Impact""]"
58057,"[""Impact""]"
58058,"[""Impact""]"
58059,"[""Impact""]"
58060,"[""Impact""]"
58061,"[""Impact""]"
58062,"[""Impact""]"
58063,"[""Impact""]"
58064,"[""Impact""]"
58065,"[""Impact""]"
58066,"[""Impact""]"
58067,"[""Impact""]"
58068,"[""Impact""]"
58069,"[""Impact""]"
58070,"[""Impact""]"
58071,"[""Impact""]"
58072,"[""Impact""]"
58073,"[""Impact""]"
58074,"[""Impact""]"
58075,"[""Impact""]"
58076,"[""Impact""]"
58077,"[""Impact""]"
58078,"[""Impact""]"
58079,"[""Impact""]"
58080,"[""Impact""]"
58081,"[""Impact""]"
58082,"[""Impact""]"
58083,"[""Impact""]"
58084,"[""Impact""]"
58085,"[""Impact""]"
58086,"[""Impact""]"
58087,"[""Impact""]"
58088,"[""Impact""]"
58089,"[""Impact""]"
58090,"[""Impact""]"
58091,"[""Impact""]"
58092,"[""Impact""]"
58093,"[""Impact""]"
58094,"[""Impact""]"
58095,"[""Impact""]"
58096,"[""Impact""]"
58097,"[""Impact""]"
58098,"[""Impact""]"
58099,"[""Impact""]"
58100,"[""Impact""]"
58101,"[""Impact""]"
58102,"[""Impact""]"
58103,"[""Impact""]"
58104,"[""Impact""]"
58105,"[""Impact""]"
58106,"[""Impact""]"
58107,"[""Impact""]"
58108,"[""Impact""]"
58109,"[""Impact""]"
58110,"[""Impact""]"
58111,"[""Impact""]"
58112,"[""Impact""]"
58113,"[""Impact""]"
58114,"[""Impact""]"
58115,"[""Impact""]"
58116,"[""Impact""]"
58117,"[""Impact""]"
58118,"[""Impact""]"
58119,"[""Impact""]"
58120,"[""Impact""]"
58121,"[""Impact""]"
58122,"[""Impact""]"
58123,"[""Impact""]"
58124,"[""Impact""]"
58125,"[""Impact""]"
58126,"[""Impact""]"
58127,"[""Impact""]"
58128,"[""Impact""]"
58129,"[""Impact""]"
58130,"[""Impact""]"
58131,"[""Impact""]"
58132,"[""Impact""]"
58133,"[""Impact""]"
58134,"[""Impact""]"
58135,"[""Impact""]"
58136,"[""Impact""]"
58137,"[""Impact""]"
58138,"[""Impact""]"
58139,"[""Impact""]"
58140,"[""Impact""]"
58141,"[""Impact""]"
58142,"[""Impact""]"
58143,"[""Impact""]"
58144,"[""Impact""]"
58145,"[""Impact""]"
58146,"[""Impact""]"
58147,"[""Impact""]"
58148,"[""Impact""]"
58149,"[""Impact""]"
58150,"[""Impact""]"
58151,"[""Impact""]"
58152,"[""Impact""]"
58153,"[""Impact""]"
58154,"[""Impact""]"
58155,"[""Impact""]"
58156,"[""Impact""]"
58157,"[""Impact""]"
58158,"[""Impact""]"
58159,"[""Impact""]"
58160,"[""Impact""]"
58161,"[""Impact""]"
58162,"[""Impact""]"
58163,"[""Impact""]"
58164,"[""Impact""]"
58165,"[""Impact""]"
58166,"[""Impact""]"
58167,"[""Impact""]"
58168,"[""Impact""]"
58169,"[""Impact""]"
58170,"[""Impact""]"
58171,"[""Impact""]"
58172,"[""Impact""]"
58173,"[""Impact""]"
58174,"[""Impact""]"
58175,"[""Impact""]"
58176,"[""Impact""]"
58177,"[""Impact""]"
58178,"[""Impact""]"
58179,"[""Impact""]"
58180,"[""Impact""]"
58181,"[""Impact""]"
58182,"[""Impact""]"
58183,"[""Impact""]"
58184,"[""Impact""]"
58185,"[""Impact""]"
58186,"[""Impact""]"
58187,"[""Impact""]"
58188,"[""Impact""]"
58189,"[""Impact""]"
58190,"[""Impact""]"
58191,"[""Impact""]"
58192,"[""Impact""]"
58193,"[""Impact""]"
58194,"[""Impact""]"
58195,"[""Impact""]"
58196,"[""Impact""]"
58197,"[""Impact""]"
58198,"[""Impact""]"
58199,"[""Impact""]"
58200,"[""Impact""]"
58201,"[""Impact""]"
58202,"[""Impact""]"
58203,"[""Impact""]"
58204,"[""Impact""]"
58205,"[""Impact""]"
58206,"[""Impact""]"
58207,"[""Impact""]"
58208,"[""Impact""]"
58209,"[""Impact""]"
58210,"[""Impact""]"
58211,"[""Impact""]"
58212,"[""Impact""]"
58213,"[""Impact""]"
58214,"[""Impact""]"
58215,"[""Impact""]"
58216,"[""Impact""]"
58217,"[""Impact""]"
58218,"[""Impact""]"
58219,"[""Impact""]"
58220,"[""Impact""]"
58221,"[""Impact""]"
58222,"[""Impact""]"
58223,"[""Impact""]"
58224,"[""Impact""]"
58225,"[""Impact""]"
58226,"[""Impact""]"
58227,"[""Impact""]"
58228,"[""Impact""]"
58229,"[""Impact""]"
58230,"[""Impact""]"
58231,"[""Impact""]"
58232,"[""Impact""]"
58233,"[""Impact""]"
58234,"[""Impact""]"
58235,"[""Impact""]"
58236,"[""Impact""]"
58237,"[""Impact""]"
58238,"[""Impact""]"
58239,"[""Impact""]"
58240,"[""Impact""]"
58241,"[""Impact""]"
58242,"[""Impact""]"
58243,"[""Impact""]"
58244,"[""Impact""]"
58245,"[""Impact""]"
58246,"[""Impact""]"
58247,"[""Impact""]"
58248,"[""Impact""]"
58249,"[""Impact""]"
58250,"[""Impact""]"
58251,"[""Impact""]"
58252,"[""Impact""]"
58253,"[""Impact""]"
58254,"[""Impact""]"
58255,"[""Impact""]"
58256,"[""Impact""]"
58257,"[""Impact""]"
58258,"[""Impact""]"
58259,"[""Impact""]"
58260,"[""Impact""]"
58261,"[""Impact""]"
58262,"[""Impact""]"
58263,"[""Impact""]"
58264,"[""Impact""]"
58265,"[""Impact""]"
58266,"[""Impact""]"
58267,"[""Impact""]"
58268,"[""Impact""]"
58269,"[""Impact""]"
58270,"[""Impact""]"
58271,"[""Impact""]"
58272,"[""Impact""]"
58273,"[""Impact""]"
58274,"[""Impact""]"
58275,"[""Impact""]"
58276,"[""Impact""]"
58277,"[""Impact""]"
58278,"[""Impact""]"
58279,"[""Impact""]"
58280,"[""Impact""]"
58281,"[""Impact""]"
58282,"[""Impact""]"
58283,"[""Impact""]"
58284,"[""Impact""]"
58285,"[""Impact""]"
58286,"[""Impact""]"
58287,"[""Impact""]"
58288,"[""Impact""]"
58289,"[""Impact""]"
58290,"[""Impact""]"
58291,"[""Impact""]"
58292,"[""Impact""]"
58293,"[""Impact""]"
58294,"[""Impact""]"
58295,"[""Impact""]"
58296,"[""Impact""]"
58297,"[""Impact""]"
58298,"[""Impact""]"
58299,"[""Impact""]"
58300,"[""Impact""]"
58301,"[""Impact""]"
58302,"[""Impact""]"
58303,"[""Impact""]"
58304,"[""Impact""]"
58305,"[""Impact""]"
58306,"[""Impact""]"
58307,"[""Impact""]"
58308,"[""Impact""]"
58309,"[""Impact""]"
58310,"[""Impact""]"
58311,"[""Impact""]"
58312,"[""Impact""]"
58313,"[""Impact""]"
58314,"[""Impact""]"
58315,"[""Impact""]"
58316,"[""Impact""]"
58317,"[""Impact""]"
58318,"[""Impact""]"
58319,"[""Impact""]"
58320,"[""Impact""]"
58321,"[""Impact""]"
58322,"[""Impact""]"
58323,"[""Impact""]"
58324,"[""Impact""]"
58325,"[""Impact""]"
58326,"[""Impact""]"
58327,"[""Impact""]"
58328,"[""Impact""]"
58329,"[""Impact""]"
58330,"[""Impact""]"
58331,"[""Impact""]"
58332,"[""Impact""]"
58333,"[""Impact""]"
58334,"[""Impact""]"
58335,"[""Impact""]"
58336,"[""Impact""]"
58337,"[""Impact""]"
58338,"[""Impact""]"
58339,"[""Impact""]"
58340,"[""Impact""]"
58341,"[""Impact""]"
58342,"[""Impact""]"
58343,"[""Impact""]"
58344,"[""Impact""]"
58345,"[""Impact""]"
58346,"[""Impact""]"
58347,"[""Impact""]"
58348,"[""Impact""]"
58349,"[""Impact""]"
58350,"[""Impact""]"
58351,"[""Impact""]"
58352,"[""Impact""]"
58353,"[""Impact""]"
58354,"[""Impact""]"
58355,"[""Impact""]"
58356,"[""Impact""]"
58357,"[""Impact""]"
58358,"[""Impact""]"
58359,"[""Impact""]"
58360,"[""Impact""]"
58361,"[""Impact""]"
58362,"[""Impact""]"
58363,"[""Impact""]"
58364,"[""Impact""]"
58365,"[""Impact""]"
58366,"[""Impact""]"
58367,"[""Impact""]"
58368,"[""Impact""]"
58369,"[""Impact""]"
58370,"[""Impact""]"
58371,"[""Impact""]"
58372,"[""Impact""]"
58373,"[""Impact""]"
58374,"[""Impact""]"
58375,"[""Impact""]"
58376,"[""Impact""]"
58377,"[""Impact""]"
58378,"[""Impact""]"
58379,"[""Impact""]"
58380,"[""Impact""]"
58381,"[""Impact""]"
58382,"[""Impact""]"
58383,"[""Impact""]"
58384,"[""Impact""]"
58385,"[""Impact""]"
58386,"[""Impact""]"
58387,"[""Impact""]"
58388,"[""Impact""]"
58389,"[""Impact""]"
58390,"[""Impact""]"
58391,"[""Impact""]"
58392,"[""Impact""]"
58393,"[""Impact""]"
58394,"[""Impact""]"
58395,"[""Impact""]"
58396,"[""Impact""]"
58397,"[""Impact""]"
58398,"[""Impact""]"
58399,"[""Impact""]"
58400,"[""Impact""]"
58401,"[""Impact""]"
58402,"[""Impact""]"
58403,"[""Impact""]"
58404,"[""Impact""]"
58405,"[""Impact""]"
58406,"[""Impact""]"
58407,"[""Impact""]"
58408,"[""Impact""]"
58409,"[""Impact""]"
58410,"[""Impact""]"
58411,"[""Impact""]"
58412,"[""Impact""]"
58413,"[""Impact""]"
58414,"[""Impact""]"
58415,"[""Impact""]"
58416,"[""Impact""]"
58417,"[""Impact""]"
58418,"[""Impact""]"
58419,"[""Impact""]"
58420,"[""Impact""]"
58421,"[""Impact""]"
58422,"[""Impact""]"
58423,"[""Impact""]"
58424,"[""Impact""]"
58425,"[""Impact""]"
58426,"[""Impact""]"
58427,"[""Impact""]"
58428,"[""Impact""]"
58429,"[""Impact""]"
58430,"[""Impact""]"
58431,"[""Impact""]"
58432,"[""Impact""]"
58433,"[""Impact""]"
58434,"[""Impact""]"
58435,"[""Impact""]"
58436,"[""Impact""]"
58437,"[""Impact""]"
58438,"[""Impact""]"
58439,"[""Impact""]"
58440,"[""Impact""]"
58441,"[""Impact""]"
58442,"[""Impact""]"
58443,"[""Impact""]"
58444,"[""Impact""]"
58445,"[""Impact""]"
58446,"[""Impact""]"
58447,"[""Impact""]"
58448,"[""Impact""]"
58449,"[""Impact""]"
58450,"[""Impact""]"
58451,"[""Impact""]"
58452,"[""Impact""]"
58453,"[""Impact""]"
58454,"[""Impact""]"
58455,"[""Impact""]"
58456,"[""Impact""]"
58457,"[""Impact""]"
58458,"[""Impact""]"
58459,"[""Impact""]"
58460,"[""Impact""]"
58461,"[""Impact""]"
58462,"[""Impact""]"
58463,"[""Impact""]"
58464,"[""Impact""]"
58465,"[""Impact""]"
58466,"[""Impact""]"
58467,"[""Impact""]"
58468,"[""Impact""]"
58469,"[""Impact""]"
58470,"[""Impact""]"
58471,"[""Impact""]"
58472,"[""Impact""]"
58473,"[""Impact""]"
58474,"[""Impact""]"
58475,"[""Impact""]"
58476,"[""Impact""]"
58477,"[""Impact""]"
58478,"[""Impact""]"
58479,"[""Impact""]"
58480,"[""Impact""]"
58481,"[""Impact""]"
58482,"[""Impact""]"
58483,"[""Impact""]"
58484,"[""Impact""]"
58485,"[""Impact""]"
58486,"[""Impact""]"
58487,"[""Impact""]"
58488,"[""Impact""]"
58489,"[""Impact""]"
58490,"[""Impact""]"
58491,"[""Impact""]"
58492,"[""Impact""]"
58493,"[""Impact""]"
58494,"[""Impact""]"
58495,"[""Impact""]"
58496,"[""Impact""]"
58497,"[""Impact""]"
58498,"[""Impact""]"
58499,"[""Impact""]"
58500,"[""Impact""]"
58501,"[""Impact""]"
58502,"[""Impact""]"
58503,"[""Impact""]"
58504,"[""Impact""]"
58505,"[""Impact""]"
58506,"[""Impact""]"
58507,"[""Impact""]"
58508,"[""Impact""]"
58509,"[""Impact""]"
58510,"[""Impact""]"
58511,"[""Impact""]"
58512,"[""Impact""]"
58513,"[""Impact""]"
58514,"[""Impact""]"
58515,"[""Impact""]"
58516,"[""Impact""]"
58517,"[""Impact""]"
58518,"[""Impact""]"
58519,"[""Impact""]"
58520,"[""Impact""]"
58521,"[""Impact""]"
58522,"[""Impact""]"
58523,"[""Impact""]"
58524,"[""Impact""]"
58525,"[""Impact""]"
58526,"[""Impact""]"
58527,"[""Impact""]"
58528,"[""Impact""]"
58529,"[""Impact""]"
58530,"[""Impact""]"
58531,"[""Impact""]"
58532,"[""Impact""]"
58533,"[""Impact""]"
58534,"[""Impact""]"
58535,"[""Impact""]"
58536,"[""Impact""]"
58537,"[""Impact""]"
58538,"[""Impact""]"
58539,"[""Impact""]"
58540,"[""Impact""]"
58541,"[""Impact""]"
58542,"[""Impact""]"
58543,"[""Impact""]"
58544,"[""Impact""]"
58545,"[""Impact""]"
58546,"[""Impact""]"
58547,"[""Impact""]"
58548,"[""Impact""]"
58549,"[""Impact""]"
58550,"[""Impact""]"
58551,"[""Impact""]"
58552,"[""Impact""]"
58553,"[""Impact""]"
58554,"[""Impact""]"
58555,"[""Impact""]"
58556,"[""Impact""]"
58557,"[""Impact""]"
58558,"[""Impact""]"
58559,"[""Impact""]"
58560,"[""Impact""]"
58561,"[""Impact""]"
58562,"[""Impact""]"
58563,"[""Impact""]"
58564,"[""Impact""]"
58565,"[""Impact""]"
58566,"[""Impact""]"
58567,"[""Impact""]"
58568,"[""Impact""]"
58569,"[""Impact""]"
58570,"[""Impact""]"
58571,"[""Impact""]"
58572,"[""Impact""]"
58573,"[""Impact""]"
58574,"[""Impact""]"
58575,"[""Impact""]"
58576,"[""Impact""]"
58577,"[""Impact""]"
58578,"[""Impact""]"
58579,"[""Impact""]"
58580,"[""Impact""]"
58581,"[""Impact""]"
58582,"[""Impact""]"
58583,"[""Impact""]"
58584,"[""Impact""]"
58585,"[""Impact""]"
58586,"[""Impact""]"
58587,"[""Impact""]"
58588,"[""Impact""]"
58589,"[""Impact""]"
58590,"[""Impact""]"
58591,"[""Impact""]"
58592,"[""Impact""]"
58593,"[""Impact""]"
58594,"[""Impact""]"
58595,"[""Impact""]"
58596,"[""Impact""]"
58597,"[""Impact""]"
58598,"[""Impact""]"
58599,"[""Impact""]"
58600,"[""Impact""]"
58601,"[""Impact""]"
58602,"[""Impact""]"
58603,"[""Impact""]"
58604,"[""Impact""]"
58605,"[""Impact""]"
58606,"[""Impact""]"
58607,"[""Impact""]"
58608,"[""Impact""]"
58609,"[""Impact""]"
58610,"[""Impact""]"
58611,"[""Impact""]"
58612,"[""Impact""]"
58613,"[""Impact""]"
58614,"[""Impact""]"
58615,"[""Impact""]"
58616,"[""Impact""]"
58617,"[""Impact""]"
58618,"[""Impact""]"
58619,"[""Impact""]"
58620,"[""Impact""]"
58621,"[""Impact""]"
58622,"[""Impact""]"
58623,"[""Impact""]"
58624,"[""Impact""]"
58625,"[""Impact""]"
58626,"[""Impact""]"
58627,"[""Impact""]"
58628,"[""Impact""]"
58629,"[""Impact""]"
58630,"[""Impact""]"
58631,"[""Impact""]"
58632,"[""Impact""]"
58633,"[""Impact""]"
58634,"[""Impact""]"
58635,"[""Impact""]"
58636,"[""Impact""]"
58637,"[""Impact""]"
58638,"[""Impact""]"
58639,"[""Impact""]"
58640,"[""Impact""]"
58641,"[""Impact""]"
58642,"[""Impact""]"
58643,"[""Impact""]"
58644,"[""Impact""]"
58645,"[""Impact""]"
58646,"[""Impact""]"
58647,"[""Impact""]"
58648,"[""Impact""]"
58649,"[""Impact""]"
58650,"[""Impact""]"
58651,"[""Impact""]"
58652,"[""Impact""]"
58653,"[""Impact""]"
58654,"[""Impact""]"
58655,"[""Impact""]"
58656,"[""Impact""]"
58657,"[""Impact""]"
58658,"[""Impact""]"
58659,"[""Impact""]"
58660,"[""Impact""]"
58661,"[""Impact""]"
58662,"[""Impact""]"
58663,"[""Impact""]"
58664,"[""Impact""]"
58665,"[""Impact""]"
58666,"[""Impact""]"
58667,"[""Impact""]"
58668,"[""Impact""]"
58669,"[""Impact""]"
58670,"[""Impact""]"
58671,"[""Impact""]"
58672,"[""Impact""]"
58673,"[""Impact""]"
58674,"[""Impact""]"
58675,"[""Impact""]"
58676,"[""Impact""]"
58677,"[""Impact""]"
58678,"[""Impact""]"
58679,"[""Impact""]"
58680,"[""Impact""]"
58681,"[""Impact""]"
58682,"[""Impact""]"
58683,"[""Impact""]"
58684,"[""Impact""]"
58685,"[""Impact""]"
58686,"[""Impact""]"
58687,"[""Impact""]"
58688,"[""Impact""]"
58689,"[""Impact""]"
58690,"[""Impact""]"
58691,"[""Impact""]"
58692,"[""Impact""]"
58693,"[""Impact""]"
58694,"[""Impact""]"
58695,"[""Impact""]"
58696,"[""Impact""]"
58697,"[""Impact""]"
58698,"[""Impact""]"
58699,"[""Impact""]"
58700,"[""Impact""]"
58701,"[""Impact""]"
58702,"[""Impact""]"
58703,"[""Impact""]"
58704,"[""Impact""]"
58705,"[""Impact""]"
58706,"[""Impact""]"
58707,"[""Impact""]"
58708,"[""Impact""]"
58709,"[""Impact""]"
58710,"[""Impact""]"
58711,"[""Impact""]"
58712,"[""Impact""]"
58713,"[""Impact""]"
58714,"[""Impact""]"
58715,"[""Impact""]"
58716,"[""Impact""]"
58717,"[""Impact""]"
58718,"[""Impact""]"
58719,"[""Impact""]"
58720,"[""Impact""]"
58721,"[""Impact""]"
58722,"[""Impact""]"
58723,"[""Impact""]"
58724,"[""Impact""]"
58725,"[""Impact""]"
58726,"[""Impact""]"
58727,"[""Impact""]"
58728,"[""Impact""]"
58729,"[""Impact""]"
58730,"[""Impact""]"
58731,"[""Impact""]"
58732,"[""Impact""]"
58733,"[""Impact""]"
58734,"[""Impact""]"
58735,"[""Impact""]"
58736,"[""Impact""]"
58737,"[""Impact""]"
58738,"[""Impact""]"
58739,"[""Impact""]"
58740,"[""Impact""]"
58741,"[""Impact""]"
58742,"[""Impact""]"
58743,"[""Impact""]"
58744,"[""Impact""]"
58745,"[""Impact""]"
58746,"[""Impact""]"
58747,"[""Impact""]"
58748,"[""Impact""]"
58749,"[""Impact""]"
58750,"[""Impact""]"
58751,"[""Impact""]"
58752,"[""Impact""]"
58753,"[""Impact""]"
58754,"[""Impact""]"
58755,"[""Impact""]"
58756,"[""Impact""]"
58757,"[""Impact""]"
58758,"[""Impact""]"
58759,"[""Impact""]"
58760,"[""Impact""]"
58761,"[""Impact""]"
58762,"[""Impact""]"
58763,"[""Impact""]"
58764,"[""Impact""]"
58765,"[""Impact""]"
58766,"[""Impact""]"
58767,"[""Impact""]"
58768,"[""Impact""]"
58769,"[""Impact""]"
58770,"[""Impact""]"
58771,"[""Impact""]"
58772,"[""Impact""]"
58773,"[""Impact""]"
58774,"[""Impact""]"
58775,"[""Impact""]"
58776,"[""Impact""]"
58777,"[""Impact""]"
58778,"[""Impact""]"
58779,"[""Impact""]"
58780,"[""Impact""]"
58781,"[""Impact""]"
58782,"[""Impact""]"
58783,"[""Impact""]"
58784,"[""Impact""]"
58785,"[""Impact""]"
58786,"[""Impact""]"
58787,"[""Impact""]"
58788,"[""Impact""]"
58789,"[""Impact""]"
58790,"[""Impact""]"
58791,"[""Impact""]"
58792,"[""Impact""]"
58793,"[""Impact""]"
58794,"[""Impact""]"
58795,"[""Impact""]"
58796,"[""Impact""]"
58797,"[""Impact""]"
58798,"[""Impact""]"
58799,"[""Impact""]"
58800,"[""Impact""]"
58801,"[""Impact""]"
58802,"[""Impact""]"
58803,"[""Impact""]"
58804,"[""Impact""]"
58805,"[""Impact""]"
58806,"[""Impact""]"
58807,"[""Impact""]"
58808,"[""Impact""]"
58809,"[""Impact""]"
58810,"[""Impact""]"
58811,"[""Impact""]"
58812,"[""Impact""]"
58813,"[""Impact""]"
58814,"[""Impact""]"
58815,"[""Impact""]"
58816,"[""Impact""]"
58817,"[""Impact""]"
58818,"[""Impact""]"
58819,"[""Impact""]"
58820,"[""Impact""]"
58821,"[""Impact""]"
58822,"[""Impact""]"
58823,"[""Impact""]"
58824,"[""Impact""]"
58825,"[""Impact""]"
58826,"[""Impact""]"
58827,"[""Impact""]"
58828,"[""Impact""]"
58829,"[""Impact""]"
58830,"[""Impact""]"
58831,"[""Impact""]"
58832,"[""Impact""]"
58833,"[""Impact""]"
58834,"[""Impact""]"
58835,"[""Impact""]"
58836,"[""Impact""]"
58837,"[""Impact""]"
58838,"[""Impact""]"
58839,"[""Impact""]"
58840,"[""Impact""]"
58841,"[""Impact""]"
58842,"[""Impact""]"
58843,"[""Impact""]"
58844,"[""Impact""]"
58845,"[""Impact""]"
58846,"[""Impact""]"
58847,"[""Impact""]"
58848,"[""Impact""]"
58849,"[""Impact""]"
58850,"[""Impact""]"
58851,"[""Impact""]"
58852,"[""Impact""]"
58853,"[""Impact""]"
58854,"[""Impact""]"
58855,"[""Impact""]"
58856,"[""Impact""]"
58857,"[""Impact""]"
58858,"[""Impact""]"
58859,"[""Impact""]"
58860,"[""Impact""]"
58861,"[""Impact""]"
58862,"[""Impact""]"
58863,"[""Impact""]"
58864,"[""Impact""]"
58865,"[""Impact""]"
58866,"[""Impact""]"
58867,"[""Impact""]"
58868,"[""Impact""]"
58869,"[""Impact""]"
58870,"[""Impact""]"
58871,"[""Impact""]"
58872,"[""Impact""]"
58873,"[""Impact""]"
58874,"[""Impact""]"
58875,"[""Impact""]"
58876,"[""Impact""]"
58877,"[""Impact""]"
58878,"[""Impact""]"
58879,"[""Impact""]"
58880,"[""Impact""]"
58881,"[""Impact""]"
58882,"[""Impact""]"
58883,"[""Impact""]"
58884,"[""Impact""]"
58885,"[""Impact""]"
58886,"[""Impact""]"
58887,"[""Impact""]"
58888,"[""Impact""]"
58889,"[""Impact""]"
58890,"[""Impact""]"
58891,"[""Impact""]"
58892,"[""Impact""]"
58893,"[""Impact""]"
58894,"[""Impact""]"
58895,"[""Impact""]"
58896,"[""Impact""]"
58897,"[""Impact""]"
58898,"[""Impact""]"
58899,"[""Impact""]"
58900,"[""Impact""]"
58901,"[""Impact""]"
58902,"[""Impact""]"
58903,"[""Impact""]"
58904,"[""Impact""]"
58905,"[""Impact""]"
58906,"[""Impact""]"
58907,"[""Impact""]"
58908,"[""Impact""]"
58909,"[""Impact""]"
58910,"[""Impact""]"
58911,"[""Impact""]"
58912,"[""Impact""]"
58913,"[""Impact""]"
58914,"[""Impact""]"
58915,"[""Impact""]"
58916,"[""Impact""]"
58917,"[""Impact""]"
58918,"[""Impact""]"
58919,"[""Impact""]"
58920,"[""Impact""]"
58921,"[""Impact""]"
58922,"[""Impact""]"
58923,"[""Impact""]"
58924,"[""Impact""]"
58925,"[""Impact""]"
58926,"[""Impact""]"
58927,"[""Impact""]"
58928,"[""Impact""]"
58929,"[""Impact""]"
58930,"[""Impact""]"
58931,"[""Impact""]"
58932,"[""Impact""]"
58933,"[""Impact""]"
58934,"[""Impact""]"
58935,"[""Impact""]"
58936,"[""Impact""]"
58937,"[""Impact""]"
58938,"[""Impact""]"
58939,"[""Impact""]"
58940,"[""Impact""]"
58941,"[""Impact""]"
58942,"[""Impact""]"
58943,"[""Impact""]"
58944,"[""Impact""]"
58945,"[""Impact""]"
58946,"[""Impact""]"
58947,"[""Impact""]"
58948,"[""Impact""]"
58949,"[""Impact""]"
58950,"[""Impact""]"
58951,"[""Impact""]"
58952,"[""Impact""]"
58953,"[""Impact""]"
58954,"[""Impact""]"
58955,"[""Impact""]"
58956,"[""Impact""]"
58957,"[""Impact""]"
58958,"[""Impact""]"
58959,"[""Impact""]"
58960,"[""Impact""]"
58961,"[""Impact""]"
58962,"[""Impact""]"
58963,"[""Impact""]"
58964,"[""Impact""]"
58965,"[""Impact""]"
58966,"[""Impact""]"
58967,"[""Impact""]"
58968,"[""Impact""]"
58969,"[""Impact""]"
58970,"[""Impact""]"
58971,"[""Impact""]"
58972,"[""Impact""]"
58973,"[""Impact""]"
58974,"[""Impact""]"
58975,"[""Impact""]"
58976,"[""Impact""]"
58977,"[""Impact""]"
58978,"[""Impact""]"
58979,"[""Impact""]"
58980,"[""Impact""]"
58981,"[""Impact""]"
58982,"[""Impact""]"
58983,"[""Impact""]"
58984,"[""Impact""]"
58985,"[""Impact""]"
58986,"[""Impact""]"
58987,"[""Impact""]"
58988,"[""Impact""]"
58989,"[""Impact""]"
58990,"[""Impact""]"
58991,"[""Impact""]"
58992,"[""Impact""]"
58993,"[""Impact""]"
58994,"[""Impact""]"
58995,"[""Impact""]"
58996,"[""Impact""]"
58997,"[""Impact""]"
58998,"[""Impact""]"
58999,"[""Impact""]"
59000,"[""Impact""]"
59001,"[""Impact""]"
59002,"[""Impact""]"
59003,"[""Impact""]"
59004,"[""Impact""]"
59005,"[""Impact""]"
59006,"[""Impact""]"
59007,"[""Impact""]"
59008,"[""Impact""]"
59009,"[""Impact""]"
59010,"[""Impact""]"
59011,"[""Impact""]"
59012,"[""Impact""]"
59013,"[""Impact""]"
59014,"[""Impact""]"
59015,"[""Impact""]"
59016,"[""Impact""]"
59017,"[""Impact""]"
59018,"[""Impact""]"
59019,"[""Impact""]"
59020,"[""Impact""]"
59021,"[""Impact""]"
59022,"[""Impact""]"
59023,"[""Impact""]"
59024,"[""Impact""]"
59025,"[""Impact""]"
59026,"[""Impact""]"
59027,"[""Impact""]"
59028,"[""Impact""]"
59029,"[""Impact""]"
59030,"[""Impact""]"
59031,"[""Impact""]"
59032,"[""Impact""]"
59033,"[""Impact""]"
59034,"[""Impact""]"
59035,"[""Impact""]"
59036,"[""Impact""]"
59037,"[""Impact""]"
59038,"[""Impact""]"
59039,"[""Impact""]"
59040,"[""Impact""]"
59041,"[""Impact""]"
59042,"[""Impact""]"
59043,"[""Impact""]"
59044,"[""Impact""]"
59045,"[""Impact""]"
59046,"[""Impact""]"
59047,"[""Impact""]"
59048,"[""Impact""]"
59049,"[""Impact""]"
59050,"[""Impact""]"
59051,"[""Impact""]"
59052,"[""Impact""]"
59053,"[""Impact""]"
59054,"[""Impact""]"
59055,"[""Impact""]"
59056,"[""Impact""]"
59057,"[""Impact""]"
59058,"[""Impact""]"
59059,"[""Impact""]"
59060,"[""Impact""]"
59061,"[""Impact""]"
59062,"[""Impact""]"
59063,"[""Impact""]"
59064,"[""Impact""]"
59065,"[""Impact""]"
59066,"[""Impact""]"
59067,"[""Impact""]"
59068,"[""Impact""]"
59069,"[""Impact""]"
59070,"[""Impact""]"
59071,"[""Impact""]"
59072,"[""Impact""]"
59073,"[""Impact""]"
59074,"[""Impact""]"
59075,"[""Impact""]"
59076,"[""Impact""]"
59077,"[""Impact""]"
59078,"[""Impact""]"
59079,"[""Impact""]"
59080,"[""Impact""]"
59081,"[""Impact""]"
59082,"[""Impact""]"
59083,"[""Impact""]"
59084,"[""Impact""]"
59085,"[""Impact""]"
59086,"[""Impact""]"
59087,"[""Impact""]"
59088,"[""Impact""]"
59089,"[""Impact""]"
59090,"[""Impact""]"
59091,"[""Impact""]"
59092,"[""Impact""]"
59093,"[""Impact""]"
59094,"[""Impact""]"
59095,"[""Impact""]"
59096,"[""Impact""]"
59097,"[""Impact""]"
59098,"[""Impact""]"
59099,"[""Impact""]"
59100,"[""Impact""]"
59101,"[""Impact""]"
59102,"[""Impact""]"
59103,"[""Impact""]"
59104,"[""Impact""]"
59105,"[""Impact""]"
59106,"[""Impact""]"
59107,"[""Impact""]"
59108,"[""Impact""]"
59109,"[""Impact""]"
59110,"[""Impact""]"
59111,"[""Impact""]"
59112,"[""Impact""]"
59113,"[""Impact""]"
59114,"[""Impact""]"
59115,"[""Impact""]"
59116,"[""Impact""]"
59117,"[""Impact""]"
59118,"[""Impact""]"
59119,"[""Impact""]"
59120,"[""Impact""]"
59121,"[""Impact""]"
59122,"[""Impact""]"
59123,"[""Impact""]"
59124,"[""Impact""]"
59125,"[""Impact""]"
59126,"[""Impact""]"
59127,"[""Impact""]"
59128,"[""Impact""]"
59129,"[""Impact""]"
59130,"[""Impact""]"
59131,"[""Impact""]"
59132,"[""Impact""]"
59133,"[""Impact""]"
59134,"[""Impact""]"
59135,"[""Impact""]"
59136,"[""Impact""]"
59137,"[""Impact""]"
59138,"[""Impact""]"
59139,"[""Impact""]"
59140,"[""Impact""]"
59141,"[""Impact""]"
59142,"[""Impact""]"
59143,"[""Impact""]"
59144,"[""Impact""]"
59145,"[""Impact""]"
59146,"[""Impact""]"
59147,"[""Impact""]"
59148,"[""Impact""]"
59149,"[""Impact""]"
59150,"[""Impact""]"
59151,"[""Impact""]"
59152,"[""Impact""]"
59153,"[""Impact""]"
59154,"[""Impact""]"
59155,"[""Impact""]"
59156,"[""Impact""]"
59157,"[""Impact""]"
59158,"[""Impact""]"
59159,"[""Impact""]"
59160,"[""Impact""]"
59161,"[""Impact""]"
59162,"[""Impact""]"
59163,"[""Impact""]"
59164,"[""Impact""]"
59165,"[""Impact""]"
59166,"[""Impact""]"
59167,"[""Impact""]"
59168,"[""Impact""]"
59169,"[""Impact""]"
59170,"[""Impact""]"
59171,"[""Impact""]"
59172,"[""Impact""]"
59173,"[""Impact""]"
59174,"[""Impact""]"
59175,"[""Impact""]"
59176,"[""Impact""]"
59177,"[""Impact""]"
59178,"[""Impact""]"
59179,"[""Impact""]"
59180,"[""Impact""]"
59181,"[""Impact""]"
59182,"[""Impact""]"
59183,"[""Impact""]"
59184,"[""Impact""]"
59185,"[""Impact""]"
59186,"[""Impact""]"
59187,"[""Impact""]"
59188,"[""Impact""]"
59189,"[""Impact""]"
59190,"[""Impact""]"
59191,"[""Impact""]"
59192,"[""Impact""]"
59193,"[""Impact""]"
59194,"[""Impact""]"
59195,"[""Impact""]"
59196,"[""Impact""]"
59197,"[""Impact""]"
59198,"[""Impact""]"
59199,"[""Impact""]"
59200,"[""Impact""]"
59201,"[""Impact""]"
59202,"[""Impact""]"
59203,"[""Impact""]"
59204,"[""Impact""]"
59205,"[""Impact""]"
59206,"[""Impact""]"
59207,"[""Impact""]"
59208,"[""Impact""]"
59209,"[""Impact""]"
59210,"[""Impact""]"
59211,"[""Impact""]"
59212,"[""Impact""]"
59213,"[""Impact""]"
59214,"[""Impact""]"
59215,"[""Impact""]"
59216,"[""Impact""]"
59217,"[""Impact""]"
59218,"[""Impact""]"
59219,"[""Impact""]"
59220,"[""Impact""]"
59221,"[""Impact""]"
59222,"[""Impact""]"
59223,"[""Impact""]"
59224,"[""Impact""]"
59225,"[""Impact""]"
59226,"[""Impact""]"
59227,"[""Impact""]"
59228,"[""Impact""]"
59229,"[""Impact""]"
59230,"[""Impact""]"
59231,"[""Impact""]"
59232,"[""Impact""]"
59233,"[""Impact""]"
59234,"[""Impact""]"
59235,"[""Impact""]"
59236,"[""Impact""]"
59237,"[""Impact""]"
59238,"[""Impact""]"
59239,"[""Impact""]"
59240,"[""Impact""]"
59241,"[""Impact""]"
59242,"[""Impact""]"
59243,"[""Impact""]"
59244,"[""Impact""]"
59245,"[""Impact""]"
59246,"[""Impact""]"
59247,"[""Impact""]"
59248,"[""Impact""]"
59249,"[""Impact""]"
59250,"[""Impact""]"
59251,"[""Impact""]"
59252,"[""Impact""]"
59253,"[""Impact""]"
59254,"[""Impact""]"
59255,"[""Impact""]"
59256,"[""Impact""]"
59257,"[""Impact""]"
59258,"[""Impact""]"
59259,"[""Impact""]"
59260,"[""Impact""]"
59261,"[""Impact""]"
59262,"[""Impact""]"
59263,"[""Impact""]"
59264,"[""Impact""]"
59265,"[""Impact""]"
59266,"[""Impact""]"
59267,"[""Impact""]"
59268,"[""Impact""]"
59269,"[""Impact""]"
59270,"[""Impact""]"
59271,"[""Impact""]"
59272,"[""Impact""]"
59273,"[""Impact""]"
59274,"[""Impact""]"
59275,"[""Impact""]"
59276,"[""Impact""]"
59277,"[""Impact""]"
59278,"[""Impact""]"
59279,"[""Impact""]"
59280,"[""Impact""]"
59281,"[""Impact""]"
59282,"[""Impact""]"
59283,"[""Impact""]"
59284,"[""Impact""]"
59285,"[""Impact""]"
59286,"[""Impact""]"
59287,"[""Impact""]"
59288,"[""Impact""]"
59289,"[""Impact""]"
59290,"[""Impact""]"
59291,"[""Impact""]"
59292,"[""Impact""]"
59293,"[""Impact""]"
59294,"[""Impact""]"
59295,"[""Impact""]"
59296,"[""Impact""]"
59297,"[""Impact""]"
59298,"[""Impact""]"
59299,"[""Impact""]"
59300,"[""Impact""]"
59301,"[""Impact""]"
59302,"[""Impact""]"
59303,"[""Impact""]"
59304,"[""Impact""]"
59305,"[""Impact""]"
59306,"[""Impact""]"
59307,"[""Impact""]"
59308,"[""Impact""]"
59309,"[""Impact""]"
59310,"[""Impact""]"
59311,"[""Impact""]"
59312,"[""Impact""]"
59313,"[""Impact""]"
59314,"[""Impact""]"
59315,"[""Impact""]"
59316,"[""Impact""]"
59317,"[""Impact""]"
59318,"[""Impact""]"
59319,"[""Impact""]"
59320,"[""Impact""]"
59321,"[""Impact""]"
59322,"[""Impact""]"
59323,"[""Impact""]"
59324,"[""Impact""]"
59325,"[""Impact""]"
59326,"[""Impact""]"
59327,"[""Impact""]"
59328,"[""Impact""]"
59329,"[""Impact""]"
59330,"[""Impact""]"
59331,"[""Impact""]"
59332,"[""Impact""]"
59333,"[""Impact""]"
59334,"[""Impact""]"
59335,"[""Impact""]"
59336,"[""Impact""]"
59337,"[""Impact""]"
59338,"[""Impact""]"
59339,"[""Impact""]"
59340,"[""Impact""]"
59341,"[""Impact""]"
59342,"[""Impact""]"
59343,"[""Impact""]"
59344,"[""Impact""]"
59345,"[""Impact""]"
59346,"[""Impact""]"
59347,"[""Impact""]"
59348,"[""Impact""]"
59349,"[""Impact""]"
59350,"[""Impact""]"
59351,"[""Impact""]"
59352,"[""Impact""]"
59353,"[""Impact""]"
59354,"[""Impact""]"
59355,"[""Impact""]"
59356,"[""Impact""]"
59357,"[""Impact""]"
59358,"[""Impact""]"
59359,"[""Impact""]"
59360,"[""Impact""]"
59361,"[""Impact""]"
59362,"[""Impact""]"
59363,"[""Impact""]"
59364,"[""Impact""]"
59365,"[""Impact""]"
59366,"[""Impact""]"
59367,"[""Impact""]"
59368,"[""Impact""]"
59369,"[""Impact""]"
59370,"[""Impact""]"
59371,"[""Impact""]"
59372,"[""Impact""]"
59373,"[""Impact""]"
59374,"[""Impact""]"
59375,"[""Impact""]"
59376,"[""Impact""]"
59377,"[""Impact""]"
59378,"[""Impact""]"
59379,"[""Impact""]"
59380,"[""Impact""]"
59381,"[""Impact""]"
59382,"[""Impact""]"
59383,"[""Impact""]"
59384,"[""Impact""]"
59385,"[""Impact""]"
59386,"[""Impact""]"
59387,"[""Impact""]"
59388,"[""Impact""]"
59389,"[""Impact""]"
59390,"[""Impact""]"
59391,"[""Impact""]"
59392,"[""Impact""]"
59393,"[""Impact""]"
59394,"[""Impact""]"
59395,"[""Impact""]"
59396,"[""Impact""]"
59397,"[""Impact""]"
59398,"[""Impact""]"
59399,"[""Impact""]"
59400,"[""Impact""]"
59401,"[""Impact""]"
59402,"[""Impact""]"
59403,"[""Impact""]"
59404,"[""Impact""]"
59405,"[""Impact""]"
59406,"[""Impact""]"
59407,"[""Impact""]"
59408,"[""Impact""]"
59409,"[""Impact""]"
59410,"[""Impact""]"
59411,"[""Impact""]"
59412,"[""Impact""]"
59413,"[""Impact""]"
59414,"[""Impact""]"
59415,"[""Impact""]"
59416,"[""Impact""]"
59417,"[""Impact""]"
59418,"[""Impact""]"
59419,"[""Impact""]"
59420,"[""Impact""]"
59421,"[""Impact""]"
59422,"[""Impact""]"
59423,"[""Impact""]"
59424,"[""Impact""]"
59425,"[""Impact""]"
59426,"[""Impact""]"
59427,"[""Impact""]"
59428,"[""Impact""]"
59429,"[""Impact""]"
59430,"[""Impact""]"
59431,"[""Impact""]"
59432,"[""Impact""]"
59433,"[""Impact""]"
59434,"[""Impact""]"
59435,"[""Impact""]"
59436,"[""Impact""]"
59437,"[""Impact""]"
59438,"[""Impact""]"
59439,"[""Impact""]"
59440,"[""Impact""]"
59441,"[""Impact""]"
59442,"[""Impact""]"
59443,"[""Impact""]"
59444,"[""Impact""]"
59445,"[""Impact""]"
59446,"[""Impact""]"
59447,"[""Impact""]"
59448,"[""Impact""]"
59449,"[""Impact""]"
59450,"[""Impact""]"
59451,"[""Impact""]"
59452,"[""Impact""]"
59453,"[""Impact""]"
59454,"[""Impact""]"
59455,"[""Impact""]"
59456,"[""Impact""]"
59457,"[""Impact""]"
59458,"[""Impact""]"
59459,"[""Impact""]"
59460,"[""Impact""]"
59461,"[""Impact""]"
59462,"[""Impact""]"
59463,"[""Impact""]"
59464,"[""Impact""]"
59465,"[""Impact""]"
59466,"[""Impact""]"
59467,"[""Impact""]"
59468,"[""Impact""]"
59469,"[""Impact""]"
59470,"[""Impact""]"
59471,"[""Impact""]"
59472,"[""Impact""]"
59473,"[""Impact""]"
59474,"[""Impact""]"
59475,"[""Impact""]"
59476,"[""Impact""]"
59477,"[""Impact""]"
59478,"[""Impact""]"
59479,"[""Impact""]"
59480,"[""Impact""]"
59481,"[""Impact""]"
59482,"[""Impact""]"
59483,"[""Impact""]"
59484,"[""Impact""]"
59485,"[""Impact""]"
59486,"[""Impact""]"
59487,"[""Impact""]"
59488,"[""Impact""]"
59489,"[""Impact""]"
59490,"[""Impact""]"
59491,"[""Impact""]"
59492,"[""Impact""]"
59493,"[""Impact""]"
59494,"[""Impact""]"
59495,"[""Impact""]"
59496,"[""Impact""]"
59497,"[""Impact""]"
59498,"[""Impact""]"
59499,"[""Impact""]"
59500,"[""Impact""]"
59501,"[""Impact""]"
59502,"[""Impact""]"
59503,"[""Impact""]"
59504,"[""Impact""]"
59505,"[""Impact""]"
59506,"[""Impact""]"
59507,"[""Impact""]"
59508,"[""Impact""]"
59509,"[""Impact""]"
59510,"[""Impact""]"
59511,"[""Impact""]"
59512,"[""Impact""]"
59513,"[""Impact""]"
59514,"[""Impact""]"
59515,"[""Impact""]"
59516,"[""Impact""]"
59517,"[""Impact""]"
59518,"[""Impact""]"
59519,"[""Impact""]"
59520,"[""Impact""]"
59521,"[""Impact""]"
59522,"[""Impact""]"
59523,"[""Impact""]"
59524,"[""Impact""]"
59525,"[""Impact""]"
59526,"[""Impact""]"
59527,"[""Impact""]"
59528,"[""Impact""]"
59529,"[""Impact""]"
59530,"[""Impact""]"
59531,"[""Impact""]"
59532,"[""Impact""]"
59533,"[""Impact""]"
59534,"[""Impact""]"
59535,"[""Impact""]"
59536,"[""Impact""]"
59537,"[""Impact""]"
59538,"[""Impact""]"
59539,"[""Impact""]"
59540,"[""Impact""]"
59541,"[""Impact""]"
59542,"[""Impact""]"
59543,"[""Impact""]"
59544,"[""Impact""]"
59545,"[""Impact""]"
59546,"[""Impact""]"
59547,"[""Impact""]"
59548,"[""Impact""]"
59549,"[""Impact""]"
59550,"[""Impact""]"
59551,"[""Impact""]"
59552,"[""Impact""]"
59553,"[""Impact""]"
59554,"[""Impact""]"
59555,"[""Impact""]"
59556,"[""Impact""]"
59557,"[""Impact""]"
59558,"[""Impact""]"
59559,"[""Impact""]"
59560,"[""Impact""]"
59561,"[""Impact""]"
59562,"[""Impact""]"
59563,"[""Impact""]"
59564,"[""Impact""]"
59565,"[""Impact""]"
59566,"[""Impact""]"
59567,"[""Impact""]"
59568,"[""Impact""]"
59569,"[""Impact""]"
59570,"[""Impact""]"
59571,"[""Impact""]"
59572,"[""Impact""]"
59573,"[""Impact""]"
59574,"[""Impact""]"
59575,"[""Impact""]"
59576,"[""Impact""]"
59577,"[""Impact""]"
59578,"[""Impact""]"
59579,"[""Impact""]"
59580,"[""Impact""]"
59581,"[""Impact""]"
59582,"[""Impact""]"
59583,"[""Impact""]"
59584,"[""Impact""]"
59585,"[""Impact""]"
59586,"[""Impact""]"
59587,"[""Impact""]"
59588,"[""Impact""]"
59589,"[""Impact""]"
59590,"[""Impact""]"
59591,"[""Impact""]"
59592,"[""Impact""]"
59593,"[""Impact""]"
59594,"[""Impact""]"
59595,"[""Impact""]"
59596,"[""Impact""]"
59597,"[""Impact""]"
59598,"[""Impact""]"
59599,"[""Impact""]"
59600,"[""Impact""]"
59601,"[""Impact""]"
59602,"[""Impact""]"
59603,"[""Impact""]"
59604,"[""Impact""]"
59605,"[""Impact""]"
59606,"[""Impact""]"
59607,"[""Impact""]"
59608,"[""Impact""]"
59609,"[""Impact""]"
59610,"[""Impact""]"
59611,"[""Impact""]"
59612,"[""Impact""]"
59613,"[""Impact""]"
59614,"[""Impact""]"
59615,"[""Impact""]"
59616,"[""Impact""]"
59617,"[""Impact""]"
59618,"[""Impact""]"
59619,"[""Impact""]"
59620,"[""Impact""]"
59621,"[""Impact""]"
59622,"[""Impact""]"
59623,"[""Impact""]"
59624,"[""Impact""]"
59625,"[""Impact""]"
59626,"[""Impact""]"
59627,"[""Impact""]"
59628,"[""Impact""]"
59629,"[""Impact""]"
59630,"[""Impact""]"
59631,"[""Impact""]"
59632,"[""Impact""]"
59633,"[""Impact""]"
59634,"[""Impact""]"
59635,"[""Impact""]"
59636,"[""Impact""]"
59637,"[""Impact""]"
59638,"[""Impact""]"
59639,"[""Impact""]"
59640,"[""Impact""]"
59641,"[""Impact""]"
59642,"[""Impact""]"
59643,"[""Impact""]"
59644,"[""Impact""]"
59645,"[""Impact""]"
59646,"[""Impact""]"
59647,"[""Impact""]"
59648,"[""Impact""]"
59649,"[""Impact""]"
59650,"[""Impact""]"
59651,"[""Impact""]"
59652,"[""Impact""]"
59653,"[""Impact""]"
59654,"[""Impact""]"
59655,"[""Impact""]"
59656,"[""Impact""]"
59657,"[""Impact""]"
59658,"[""Impact""]"
59659,"[""Impact""]"
59660,"[""Impact""]"
59661,"[""Impact""]"
59662,"[""Impact""]"
59663,"[""Impact""]"
59664,"[""Impact""]"
59665,"[""Impact""]"
59666,"[""Impact""]"
59667,"[""Impact""]"
59668,"[""Impact""]"
59669,"[""Impact""]"
59670,"[""Impact""]"
59671,"[""Impact""]"
59672,"[""Impact""]"
59673,"[""Impact""]"
59674,"[""Impact""]"
59675,"[""Impact""]"
59676,"[""Impact""]"
59677,"[""Impact""]"
59678,"[""Impact""]"
59679,"[""Impact""]"
59680,"[""Impact""]"
59681,"[""Impact""]"
59682,"[""Impact""]"
59683,"[""Impact""]"
59684,"[""Impact""]"
59685,"[""Impact""]"
59686,"[""Impact""]"
59687,"[""Impact""]"
59688,"[""Impact""]"
59689,"[""Impact""]"
59690,"[""Impact""]"
59691,"[""Impact""]"
59692,"[""Impact""]"
59693,"[""Impact""]"
59694,"[""Impact""]"
59695,"[""Impact""]"
59696,"[""Impact""]"
59697,"[""Impact""]"
59698,"[""Impact""]"
59699,"[""Impact""]"
59700,"[""Impact""]"
59701,"[""Impact""]"
59702,"[""Impact""]"
59703,"[""Impact""]"
59704,"[""Impact""]"
59705,"[""Impact""]"
59706,"[""Impact""]"
59707,"[""Impact""]"
59708,"[""Impact""]"
59709,"[""Impact""]"
59710,"[""Impact""]"
59711,"[""Impact""]"
59712,"[""Impact""]"
59713,"[""Impact""]"
59714,"[""Impact""]"
59715,"[""Impact""]"
59716,"[""Impact""]"
59717,"[""Impact""]"
59718,"[""Impact""]"
59719,"[""Impact""]"
59720,"[""Impact""]"
59721,"[""Impact""]"
59722,"[""Impact""]"
59723,"[""Impact""]"
59724,"[""Impact""]"
59725,"[""Impact""]"
59726,"[""Impact""]"
59727,"[""Impact""]"
59728,"[""Impact""]"
59729,"[""Impact""]"
59730,"[""Impact""]"
59731,"[""Impact""]"
59732,"[""Impact""]"
59733,"[""Impact""]"
59734,"[""Impact""]"
59735,"[""Impact""]"
59736,"[""Impact""]"
59737,"[""Impact""]"
59738,"[""Impact""]"
59739,"[""Impact""]"
59740,"[""Impact""]"
59741,"[""Impact""]"
59742,"[""Impact""]"
59743,"[""Impact""]"
59744,"[""Impact""]"
59745,"[""Impact""]"
59746,"[""Impact""]"
59747,"[""Impact""]"
59748,"[""Impact""]"
59749,"[""Impact""]"
59750,"[""Impact""]"
59751,"[""Impact""]"
59752,"[""Impact""]"
59753,"[""Impact""]"
59754,"[""Impact""]"
59755,"[""Impact""]"
59756,"[""Impact""]"
59757,"[""Impact""]"
59758,"[""Impact""]"
59759,"[""Impact""]"
59760,"[""Impact""]"
59761,"[""Impact""]"
59762,"[""Impact""]"
59763,"[""Impact""]"
59764,"[""Impact""]"
59765,"[""Impact""]"
59766,"[""Impact""]"
59767,"[""Impact""]"
59768,"[""Impact""]"
59769,"[""Impact""]"
59770,"[""Impact""]"
59771,"[""Impact""]"
59772,"[""Impact""]"
59773,"[""Impact""]"
59774,"[""Impact""]"
59775,"[""Impact""]"
59776,"[""Impact""]"
59777,"[""Impact""]"
59778,"[""Impact""]"
59779,"[""Impact""]"
59780,"[""Impact""]"
59781,"[""Impact""]"
59782,"[""Impact""]"
59783,"[""Impact""]"
59784,"[""Impact""]"
59785,"[""Impact""]"
59786,"[""Impact""]"
59787,"[""Impact""]"
59788,"[""Impact""]"
59789,"[""Impact""]"
59790,"[""Impact""]"
59791,"[""Impact""]"
59792,"[""Impact""]"
59793,"[""Impact""]"
59794,"[""Impact""]"
59795,"[""Impact""]"
59796,"[""Impact""]"
59797,"[""Impact""]"
59798,"[""Impact""]"
59799,"[""Impact""]"
59800,"[""Impact""]"
59801,"[""Impact""]"
59802,"[""Impact""]"
59803,"[""Impact""]"
59804,"[""Impact""]"
59805,"[""Impact""]"
59806,"[""Impact""]"
59807,"[""Impact""]"
59808,"[""Impact""]"
59809,"[""Impact""]"
59810,"[""Impact""]"
59811,"[""Impact""]"
59812,"[""Impact""]"
59813,"[""Impact""]"
59814,"[""Impact""]"
59815,"[""Impact""]"
59816,"[""Impact""]"
59817,"[""Impact""]"
59818,"[""Impact""]"
59819,"[""Impact""]"
59820,"[""Impact""]"
59821,"[""Impact""]"
59822,"[""Impact""]"
59823,"[""Impact""]"
59824,"[""Impact""]"
59825,"[""Impact""]"
59826,"[""Impact""]"
59827,"[""Impact""]"
59828,"[""Impact""]"
59829,"[""Impact""]"
59830,"[""Impact""]"
59831,"[""Impact""]"
59832,"[""Impact""]"
59833,"[""Impact""]"
59834,"[""Impact""]"
59835,"[""Impact""]"
59836,"[""Impact""]"
59837,"[""Impact""]"
59838,"[""Impact""]"
59839,"[""Impact""]"
59840,"[""Impact""]"
59841,"[""Impact""]"
59842,"[""Impact""]"
59843,"[""Impact""]"
59844,"[""Impact""]"
59845,"[""Impact""]"
59846,"[""Impact""]"
59847,"[""Impact""]"
59848,"[""Impact""]"
59849,"[""Impact""]"
59850,"[""Impact""]"
59851,"[""Impact""]"
59852,"[""Impact""]"
59853,"[""Impact""]"
59854,"[""Impact""]"
59855,"[""Impact""]"
59856,"[""Impact""]"
59857,"[""Impact""]"
59858,"[""Impact""]"
59859,"[""Impact""]"
59860,"[""Impact""]"
59861,"[""Impact""]"
59862,"[""Impact""]"
59863,"[""Impact""]"
59864,"[""Impact""]"
59865,"[""Impact""]"
59866,"[""Impact""]"
59867,"[""Impact""]"
59868,"[""Impact""]"
59869,"[""Impact""]"
59870,"[""Impact""]"
59871,"[""Impact""]"
59872,"[""Impact""]"
59873,"[""Impact""]"
59874,"[""Impact""]"
59875,"[""Impact""]"
59876,"[""Impact""]"
59877,"[""Impact""]"
59878,"[""Impact""]"
59879,"[""Impact""]"
59880,"[""Impact""]"
59881,"[""Impact""]"
59882,"[""Impact""]"
59883,"[""Impact""]"
59884,"[""Impact""]"
59885,"[""Impact""]"
59886,"[""Impact""]"
59887,"[""Impact""]"
59888,"[""Impact""]"
59889,"[""Impact""]"
59890,"[""Impact""]"
59891,"[""Impact""]"
59892,"[""Impact""]"
59893,"[""Impact""]"
59894,"[""Impact""]"
59895,"[""Impact""]"
59896,"[""Impact""]"
59897,"[""Impact""]"
59898,"[""Impact""]"
59899,"[""Impact""]"
59900,"[""Impact""]"
59901,"[""Impact""]"
59902,"[""Impact""]"
59903,"[""Impact""]"
59904,"[""Impact""]"
59905,"[""Impact""]"
59906,"[""Impact""]"
59907,"[""Impact""]"
59908,"[""Impact""]"
59909,"[""Impact""]"
59910,"[""Impact""]"
59911,"[""Impact""]"
59912,"[""Impact""]"
59913,"[""Impact""]"
59914,"[""Impact""]"
59915,"[""Impact""]"
59916,"[""Impact""]"
59917,"[""Impact""]"
59918,"[""Impact""]"
59919,"[""Impact""]"
59920,"[""Impact""]"
59921,"[""Impact""]"
59922,"[""Impact""]"
59923,"[""Impact""]"
59924,"[""Impact""]"
59925,"[""Impact""]"
59926,"[""Impact""]"
59927,"[""Impact""]"
59928,"[""Impact""]"
59929,"[""Impact""]"
59930,"[""Impact""]"
59931,"[""Impact""]"
59932,"[""Impact""]"
59933,"[""Impact""]"
59934,"[""Impact""]"
59935,"[""Impact""]"
59936,"[""Impact""]"
59937,"[""Impact""]"
59938,"[""Impact""]"
59939,"[""Impact""]"
59940,"[""Impact""]"
59941,"[""Impact""]"
59942,"[""Impact""]"
59943,"[""Impact""]"
59944,"[""Impact""]"
59945,"[""Impact""]"
59946,"[""Impact""]"
59947,"[""Impact""]"
59948,"[""Impact""]"
59949,"[""Impact""]"
59950,"[""Impact""]"
59951,"[""Impact""]"
59952,"[""Impact""]"
59953,"[""Impact""]"
59954,"[""Impact""]"
59955,"[""Impact""]"
59956,"[""Impact""]"
59957,"[""Impact""]"
59958,"[""Impact""]"
59959,"[""Impact""]"
59960,"[""Impact""]"
59961,"[""Impact""]"
59962,"[""Impact""]"
59963,"[""Impact""]"
59964,"[""Impact""]"
59965,"[""Impact""]"
59966,"[""Impact""]"
59967,"[""Impact""]"
59968,"[""Impact""]"
59969,"[""Impact""]"
59970,"[""Impact""]"
59971,"[""Impact""]"
59972,"[""Impact""]"
59973,"[""Impact""]"
59974,"[""Impact""]"
59975,"[""Impact""]"
59976,"[""Impact""]"
59977,"[""Impact""]"
59978,"[""Impact""]"
59979,"[""Impact""]"
59980,"[""Impact""]"
59981,"[""Impact""]"
59982,"[""Impact""]"
59983,"[""Impact""]"
59984,"[""Impact""]"
59985,"[""Impact""]"
59986,"[""Impact""]"
59987,"[""Impact""]"
59988,"[""Impact""]"
59989,"[""Impact""]"
59990,"[""Impact""]"
59991,"[""Impact""]"
59992,"[""Impact""]"
59993,"[""Impact""]"
59994,"[""Impact""]"
59995,"[""Impact""]"
59996,"[""Impact""]"
59997,"[""Impact""]"
59998,"[""Impact""]"
59999,"[""Impact""]"
60000,"[""Impact""]"
60001,"[""Impact""]"
60002,"[""Impact""]"
60003,"[""Impact""]"
60004,"[""Impact""]"
60005,"[""Impact""]"
60006,"[""Impact""]"
60007,"[""Impact""]"
60008,"[""Impact""]"
60009,"[""Impact""]"
60010,"[""Impact""]"
60011,"[""Impact""]"
60012,"[""Impact""]"
60013,"[""Impact""]"
60014,"[""Impact""]"
60015,"[""Impact""]"
60016,"[""Impact""]"
60017,"[""Impact""]"
60018,"[""Impact""]"
60019,"[""Impact""]"
60020,"[""Impact""]"
60021,"[""Impact""]"
60022,"[""Impact""]"
60023,"[""Impact""]"
60024,"[""Impact""]"
60025,"[""Impact""]"
60026,"[""Impact""]"
60027,"[""Impact""]"
60028,"[""Impact""]"
60029,"[""Impact""]"
60030,"[""Impact""]"
60031,"[""Impact""]"
60032,"[""Impact""]"
60033,"[""Impact""]"
60034,"[""Impact""]"
60035,"[""Impact""]"
60036,"[""Impact""]"
60037,"[""Impact""]"
60038,"[""Impact""]"
60039,"[""Impact""]"
60040,"[""Impact""]"
60041,"[""Impact""]"
60042,"[""Impact""]"
60043,"[""Impact""]"
60044,"[""Impact""]"
60045,"[""Impact""]"
60046,"[""Impact""]"
60047,"[""Impact""]"
60048,"[""Impact""]"
60049,"[""Impact""]"
60050,"[""Impact""]"
60051,"[""Impact""]"
60052,"[""Impact""]"
60053,"[""Impact""]"
60054,"[""Impact""]"
60055,"[""Impact""]"
60056,"[""Impact""]"
60057,"[""Impact""]"
60058,"[""Impact""]"
60059,"[""Impact""]"
60060,"[""Impact""]"
60061,"[""Impact""]"
60062,"[""Impact""]"
60063,"[""Impact""]"
60064,"[""Impact""]"
60065,"[""Impact""]"
60066,"[""Impact""]"
60067,"[""Impact""]"
60068,"[""Impact""]"
60069,"[""Impact""]"
60070,"[""Impact""]"
60071,"[""Impact""]"
60072,"[""Impact""]"
60073,"[""Impact""]"
60074,"[""Impact""]"
60075,"[""Impact""]"
60076,"[""Impact""]"
60077,"[""Impact""]"
60078,"[""Impact""]"
60079,"[""Impact""]"
60080,"[""Impact""]"
60081,"[""Impact""]"
60082,"[""Impact""]"
60083,"[""Impact""]"
60084,"[""Impact""]"
60085,"[""Impact""]"
60086,"[""Impact""]"
60087,"[""Impact""]"
60088,"[""Impact""]"
60089,"[""Impact""]"
60090,"[""Impact""]"
60091,"[""Impact""]"
60092,"[""Impact""]"
60093,"[""Impact""]"
60094,"[""Impact""]"
60095,"[""Impact""]"
60096,"[""Impact""]"
60097,"[""Impact""]"
60098,"[""Impact""]"
60099,"[""Impact""]"
60100,"[""Impact""]"
60101,"[""Impact""]"
60102,"[""Impact""]"
60103,"[""Impact""]"
60104,"[""Impact""]"
60105,"[""Impact""]"
60106,"[""Impact""]"
60107,"[""Impact""]"
60108,"[""Impact""]"
60109,"[""Impact""]"
60110,"[""Impact""]"
60111,"[""Impact""]"
60112,"[""Impact""]"
60113,"[""Impact""]"
60114,"[""Impact""]"
60115,"[""Impact""]"
60116,"[""Impact""]"
60117,"[""Impact""]"
60118,"[""Impact""]"
60119,"[""Impact""]"
60120,"[""Impact""]"
60121,"[""Impact""]"
60122,"[""Impact""]"
60123,"[""Impact""]"
60124,"[""Impact""]"
60125,"[""Impact""]"
60126,"[""Impact""]"
60127,"[""Impact""]"
60128,"[""Impact""]"
60129,"[""Impact""]"
60130,"[""Impact""]"
60131,"[""Impact""]"
60132,"[""Impact""]"
60133,"[""Impact""]"
60134,"[""Impact""]"
60135,"[""Impact""]"
60136,"[""Impact""]"
60137,"[""Impact""]"
60138,"[""Impact""]"
60139,"[""Impact""]"
60140,"[""Impact""]"
60141,"[""Impact""]"
60142,"[""Impact""]"
60143,"[""Impact""]"
60144,"[""Impact""]"
60145,"[""Impact""]"
60146,"[""Impact""]"
60147,"[""Impact""]"
60148,"[""Impact""]"
60149,"[""Impact""]"
60150,"[""Impact""]"
60151,"[""Impact""]"
60152,"[""Impact""]"
60153,"[""Impact""]"
60154,"[""Impact""]"
60155,"[""Impact""]"
60156,"[""Impact""]"
60157,"[""Impact""]"
60158,"[""Impact""]"
60159,"[""Impact""]"
60160,"[""Impact""]"
60161,"[""Impact""]"
60162,"[""Impact""]"
60163,"[""Impact""]"
60164,"[""Impact""]"
60165,"[""Impact""]"
60166,"[""Impact""]"
60167,"[""Impact""]"
60168,"[""Impact""]"
60169,"[""Impact""]"
60170,"[""Impact""]"
60171,"[""Impact""]"
60172,"[""Impact""]"
60173,"[""Impact""]"
60174,"[""Impact""]"
60175,"[""Impact""]"
60176,"[""Impact""]"
60177,"[""Impact""]"
60178,"[""Impact""]"
60179,"[""Impact""]"
60180,"[""Impact""]"
60181,"[""Impact""]"
60182,"[""Impact""]"
60183,"[""Impact""]"
60184,"[""Impact""]"
60185,"[""Impact""]"
60186,"[""Impact""]"
60187,"[""Impact""]"
60188,"[""Impact""]"
60189,"[""Impact""]"
60190,"[""Impact""]"
60191,"[""Impact""]"
60192,"[""Impact""]"
60193,"[""Impact""]"
60194,"[""Impact""]"
60195,"[""Impact""]"
60196,"[""Impact""]"
60197,"[""Impact""]"
60198,"[""Impact""]"
60199,"[""Impact""]"
60200,"[""Impact""]"
60201,"[""Impact""]"
60202,"[""Impact""]"
60203,"[""Impact""]"
60204,"[""Impact""]"
60205,"[""Impact""]"
60206,"[""Impact""]"
60207,"[""Impact""]"
60208,"[""Impact""]"
60209,"[""Impact""]"
60210,"[""Impact""]"
60211,"[""Impact""]"
60212,"[""Impact""]"
60213,"[""Impact""]"
60214,"[""Impact""]"
60215,"[""Impact""]"
60216,"[""Impact""]"
60217,"[""Impact""]"
60218,"[""Impact""]"
60219,"[""Impact""]"
60220,"[""Impact""]"
60221,"[""Impact""]"
60222,"[""Impact""]"
60223,"[""Impact""]"
60224,"[""Impact""]"
60225,"[""Impact""]"
60226,"[""Impact""]"
60227,"[""Impact""]"
60228,"[""Impact""]"
60229,"[""Impact""]"
60230,"[""Impact""]"
60231,"[""Impact""]"
60232,"[""Impact""]"
60233,"[""Impact""]"
60234,"[""Impact""]"
60235,"[""Impact""]"
60236,"[""Impact""]"
60237,"[""Impact""]"
60238,"[""Impact""]"
60239,"[""Impact""]"
60240,"[""Impact""]"
60241,"[""Impact""]"
60242,"[""Impact""]"
60243,"[""Impact""]"
60244,"[""Impact""]"
60245,"[""Impact""]"
60246,"[""Impact""]"
60247,"[""Impact""]"
60248,"[""Impact""]"
60249,"[""Impact""]"
60250,"[""Impact""]"
60251,"[""Impact""]"
60252,"[""Impact""]"
60253,"[""Impact""]"
60254,"[""Impact""]"
60255,"[""Impact""]"
60256,"[""Impact""]"
60257,"[""Impact""]"
60258,"[""Impact""]"
60259,"[""Impact""]"
60260,"[""Impact""]"
60261,"[""Impact""]"
60262,"[""Impact""]"
60263,"[""Impact""]"
60264,"[""Impact""]"
60265,"[""Impact""]"
60266,"[""Impact""]"
60267,"[""Impact""]"
60268,"[""Impact""]"
60269,"[""Impact""]"
60270,"[""Impact""]"
60271,"[""Impact""]"
60272,"[""Impact""]"
60273,"[""Impact""]"
60274,"[""Impact""]"
60275,"[""Impact""]"
60276,"[""Impact""]"
60277,"[""Impact""]"
60278,"[""Impact""]"
60279,"[""Impact""]"
60280,"[""Impact""]"
60281,"[""Impact""]"
60282,"[""Impact""]"
60283,"[""Impact""]"
60284,"[""Impact""]"
60285,"[""Impact""]"
60286,"[""Impact""]"
60287,"[""Impact""]"
60288,"[""Impact""]"
60289,"[""Impact""]"
60290,"[""Impact""]"
60291,"[""Impact""]"
60292,"[""Impact""]"
60293,"[""Impact""]"
60294,"[""Impact""]"
60295,"[""Impact""]"
60296,"[""Impact""]"
60297,"[""Impact""]"
60298,"[""Impact""]"
60299,"[""Impact""]"
60300,"[""Impact""]"
60301,"[""Impact""]"
60302,"[""Impact""]"
60303,"[""Impact""]"
60304,"[""Impact""]"
60305,"[""Impact""]"
60306,"[""Impact""]"
60307,"[""Impact""]"
60308,"[""Impact""]"
60309,"[""Impact""]"
60310,"[""Impact""]"
60311,"[""Impact""]"
60312,"[""Impact""]"
60313,"[""Impact""]"
60314,"[""Impact""]"
60315,"[""Impact""]"
60316,"[""Impact""]"
60317,"[""Impact""]"
60318,"[""Impact""]"
60319,"[""Impact""]"
60320,"[""Impact""]"
60321,"[""Impact""]"
60322,"[""Impact""]"
60323,"[""Impact""]"
60324,"[""Impact""]"
60325,"[""Impact""]"
60326,"[""Impact""]"
60327,"[""Impact""]"
60328,"[""Impact""]"
60329,"[""Impact""]"
60330,"[""Impact""]"
60331,"[""Impact""]"
60332,"[""Impact""]"
60333,"[""Impact""]"
60334,"[""Impact""]"
60335,"[""Impact""]"
60336,"[""Impact""]"
60337,"[""Impact""]"
60338,"[""Impact""]"
60339,"[""Impact""]"
60340,"[""Impact""]"
60341,"[""Impact""]"
60342,"[""Impact""]"
60343,"[""Impact""]"
60344,"[""Impact""]"
60345,"[""Impact""]"
60346,"[""Impact""]"
60347,"[""Impact""]"
60348,"[""Impact""]"
60349,"[""Impact""]"
60350,"[""Impact""]"
60351,"[""Impact""]"
60352,"[""Impact""]"
60353,"[""Impact""]"
60354,"[""Impact""]"
60355,"[""Impact""]"
60356,"[""Impact""]"
60357,"[""Impact""]"
60358,"[""Impact""]"
60359,"[""Impact""]"
60360,"[""Impact""]"
60361,"[""Impact""]"
60362,"[""Impact""]"
60363,"[""Impact""]"
60364,"[""Impact""]"
60365,"[""Impact""]"
60366,"[""Impact""]"
60367,"[""Impact""]"
60368,"[""Impact""]"
60369,"[""Impact""]"
60370,"[""Impact""]"
60371,"[""Impact""]"
60372,"[""Impact""]"
60373,"[""Impact""]"
60374,"[""Impact""]"
60375,"[""Impact""]"
60376,"[""Impact""]"
60377,"[""Impact""]"
60378,"[""Impact""]"
60379,"[""Impact""]"
60380,"[""Impact""]"
60381,"[""Impact""]"
60382,"[""Impact""]"
60383,"[""Impact""]"
60384,"[""Impact""]"
60385,"[""Impact""]"
60386,"[""Impact""]"
60387,"[""Impact""]"
60388,"[""Impact""]"
60389,"[""Impact""]"
60390,"[""Impact""]"
60391,"[""Impact""]"
60392,"[""Impact""]"
60393,"[""Impact""]"
60394,"[""Impact""]"
60395,"[""Impact""]"
60396,"[""Impact""]"
60397,"[""Impact""]"
60398,"[""Impact""]"
60399,"[""Impact""]"
60400,"[""Impact""]"
60401,"[""Impact""]"
60402,"[""Impact""]"
60403,"[""Impact""]"
60404,"[""Impact""]"
60405,"[""Impact""]"
60406,"[""Impact""]"
60407,"[""Impact""]"
60408,"[""Impact""]"
60409,"[""Impact""]"
60410,"[""Impact""]"
60411,"[""Impact""]"
60412,"[""Impact""]"
60413,"[""Impact""]"
60414,"[""Impact""]"
60415,"[""Impact""]"
60416,"[""Impact""]"
60417,"[""Impact""]"
60418,"[""Impact""]"
60419,"[""Impact""]"
60420,"[""Impact""]"
60421,"[""Impact""]"
60422,"[""Impact""]"
60423,"[""Impact""]"
60424,"[""Impact""]"
60425,"[""Impact""]"
60426,"[""Impact""]"
60427,"[""Impact""]"
60428,"[""Impact""]"
60429,"[""Impact""]"
60430,"[""Impact""]"
60431,"[""Impact""]"
60432,"[""Impact""]"
60433,"[""Impact""]"
60434,"[""Impact""]"
60435,"[""Impact""]"
60436,"[""Impact""]"
60437,"[""Impact""]"
60438,"[""Impact""]"
60439,"[""Impact""]"
60440,"[""Impact""]"
60441,"[""Impact""]"
60442,"[""Impact""]"
60443,"[""Impact""]"
60444,"[""Impact""]"
60445,"[""Impact""]"
60446,"[""Impact""]"
60447,"[""Impact""]"
60448,"[""Impact""]"
60449,"[""Impact""]"
60450,"[""Impact""]"
60451,"[""Impact""]"
60452,"[""Impact""]"
60453,"[""Impact""]"
60454,"[""Impact""]"
60455,"[""Impact""]"
60456,"[""Impact""]"
60457,"[""Impact""]"
60458,"[""Impact""]"
60459,"[""Impact""]"
60460,"[""Impact""]"
60461,"[""Impact""]"
60462,"[""Impact""]"
60463,"[""Impact""]"
60464,"[""Impact""]"
60465,"[""Impact""]"
60466,"[""Impact""]"
60467,"[""Impact""]"
60468,"[""Impact""]"
60469,"[""Impact""]"
60470,"[""Impact""]"
60471,"[""Impact""]"
60472,"[""Impact""]"
60473,"[""Impact""]"
60474,"[""Impact""]"
60475,"[""Impact""]"
60476,"[""Impact""]"
60477,"[""Impact""]"
60478,"[""Impact""]"
60479,"[""Impact""]"
60480,"[""Impact""]"
60481,"[""Impact""]"
60482,"[""Impact""]"
60483,"[""Impact""]"
60484,"[""Impact""]"
60485,"[""Impact""]"
60486,"[""Impact""]"
60487,"[""Impact""]"
60488,"[""Impact""]"
60489,"[""Impact""]"
60490,"[""Impact""]"
60491,"[""Impact""]"
60492,"[""Impact""]"
60493,"[""Impact""]"
60494,"[""Impact""]"
60495,"[""Impact""]"
60496,"[""Impact""]"
60497,"[""Impact""]"
60498,"[""Impact""]"
60499,"[""Impact""]"
60500,"[""Impact""]"
60501,"[""Impact""]"
60502,"[""Impact""]"
60503,"[""Impact""]"
60504,"[""Impact""]"
60505,"[""Impact""]"
60506,"[""Impact""]"
60507,"[""Impact""]"
60508,"[""Impact""]"
60509,"[""Impact""]"
60510,"[""Impact""]"
60511,"[""Impact""]"
60512,"[""Impact""]"
60513,"[""Impact""]"
60514,"[""Impact""]"
60515,"[""Impact""]"
60516,"[""Impact""]"
60517,"[""Impact""]"
60518,"[""Impact""]"
60519,"[""Impact""]"
60520,"[""Impact""]"
60521,"[""Impact""]"
60522,"[""Impact""]"
60523,"[""Impact""]"
60524,"[""Impact""]"
60525,"[""Impact""]"
60526,"[""Impact""]"
60527,"[""Impact""]"
60528,"[""Impact""]"
60529,"[""Impact""]"
60530,"[""Impact""]"
60531,"[""Impact""]"
60532,"[""Impact""]"
60533,"[""Impact""]"
60534,"[""Impact""]"
60535,"[""Impact""]"
60536,"[""Impact""]"
60537,"[""Impact""]"
60538,"[""Impact""]"
60539,"[""Impact""]"
60540,"[""Impact""]"
60541,"[""Impact""]"
60542,"[""Impact""]"
60543,"[""Impact""]"
60544,"[""Impact""]"
60545,"[""Impact""]"
60546,"[""Impact""]"
60547,"[""Impact""]"
60548,"[""Impact""]"
60549,"[""Impact""]"
60550,"[""Impact""]"
60551,"[""Impact""]"
60552,"[""Impact""]"
60553,"[""Impact""]"
60554,"[""Impact""]"
60555,"[""Impact""]"
60556,"[""Impact""]"
60557,"[""Impact""]"
60558,"[""Impact""]"
60559,"[""Impact""]"
60560,"[""Impact""]"
60561,"[""Impact""]"
60562,"[""Impact""]"
60563,"[""Impact""]"
60564,"[""Impact""]"
60565,"[""Impact""]"
60566,"[""Impact""]"
60567,"[""Impact""]"
60568,"[""Impact""]"
60569,"[""Impact""]"
60570,"[""Impact""]"
60571,"[""Impact""]"
60572,"[""Impact""]"
60573,"[""Impact""]"
60574,"[""Impact""]"
60575,"[""Impact""]"
60576,"[""Impact""]"
60577,"[""Impact""]"
60578,"[""Impact""]"
60579,"[""Impact""]"
60580,"[""Impact""]"
60581,"[""Impact""]"
60582,"[""Impact""]"
60583,"[""Impact""]"
60584,"[""Impact""]"
60585,"[""Impact""]"
60586,"[""Impact""]"
60587,"[""Impact""]"
60588,"[""Impact""]"
60589,"[""Impact""]"
60590,"[""Impact""]"
60591,"[""Impact""]"
60592,"[""Impact""]"
60593,"[""Impact""]"
60594,"[""Impact""]"
60595,"[""Impact""]"
60596,"[""Impact""]"
60597,"[""Impact""]"
60598,"[""Impact""]"
60599,"[""Impact""]"
60600,"[""Impact""]"
60601,"[""Impact""]"
60602,"[""Impact""]"
60603,"[""Impact""]"
60604,"[""Impact""]"
60605,"[""Impact""]"
60606,"[""Impact""]"
60607,"[""Impact""]"
60608,"[""Impact""]"
60609,"[""Impact""]"
60610,"[""Impact""]"
60611,"[""Impact""]"
60612,"[""Impact""]"
60613,"[""Impact""]"
60614,"[""Impact""]"
60615,"[""Impact""]"
60616,"[""Impact""]"
60617,"[""Impact""]"
60618,"[""Impact""]"
60619,"[""Impact""]"
60620,"[""Impact""]"
60621,"[""Impact""]"
60622,"[""Impact""]"
60623,"[""Impact""]"
60624,"[""Impact""]"
60625,"[""Impact""]"
60626,"[""Impact""]"
60627,"[""Impact""]"
60628,"[""Impact""]"
60629,"[""Impact""]"
60630,"[""Impact""]"
60631,"[""Impact""]"
60632,"[""Impact""]"
60633,"[""Impact""]"
60634,"[""Impact""]"
60635,"[""Impact""]"
60636,"[""Impact""]"
60637,"[""Impact""]"
60638,"[""Impact""]"
60639,"[""Impact""]"
60640,"[""Impact""]"
60641,"[""Impact""]"
60642,"[""Impact""]"
60643,"[""Impact""]"
60644,"[""Impact""]"
60645,"[""Impact""]"
60646,"[""Impact""]"
60647,"[""Impact""]"
60648,"[""Impact""]"
60649,"[""Impact""]"
60650,"[""Impact""]"
60651,"[""Impact""]"
60652,"[""Impact""]"
60653,"[""Impact""]"
60654,"[""Impact""]"
60655,"[""Impact""]"
60656,"[""Impact""]"
60657,"[""Impact""]"
60658,"[""Impact""]"
60659,"[""Impact""]"
60660,"[""Impact""]"
60661,"[""Impact""]"
60662,"[""Impact""]"
60663,"[""Impact""]"
60664,"[""Impact""]"
60665,"[""Impact""]"
60666,"[""Impact""]"
60667,"[""Impact""]"
60668,"[""Impact""]"
60669,"[""Impact""]"
60670,"[""Impact""]"
60671,"[""Impact""]"
60672,"[""Impact""]"
60673,"[""Impact""]"
60674,"[""Impact""]"
60675,"[""Impact""]"
60676,"[""Impact""]"
60677,"[""Impact""]"
60678,"[""Impact""]"
60679,"[""Impact""]"
60680,"[""Impact""]"
60681,"[""Impact""]"
60682,"[""Impact""]"
60683,"[""Impact""]"
60684,"[""Impact""]"
60685,"[""Impact""]"
60686,"[""Impact""]"
60687,"[""Impact""]"
60688,"[""Impact""]"
60689,"[""Impact""]"
60690,"[""Impact""]"
60691,"[""Impact""]"
60692,"[""Impact""]"
60693,"[""Impact""]"
60694,"[""Impact""]"
60695,"[""Impact""]"
60696,"[""Impact""]"
60697,"[""Impact""]"
60698,"[""Impact""]"
60699,"[""Impact""]"
60700,"[""Impact""]"
60701,"[""Impact""]"
60702,"[""Impact""]"
60703,"[""Impact""]"
60704,"[""Impact""]"
60705,"[""Impact""]"
60706,"[""Impact""]"
60707,"[""Impact""]"
60708,"[""Impact""]"
60709,"[""Impact""]"
60710,"[""Impact""]"
60711,"[""Impact""]"
60712,"[""Impact""]"
60713,"[""Impact""]"
60714,"[""Impact""]"
60715,"[""Impact""]"
60716,"[""Impact""]"
60717,"[""Impact""]"
60718,"[""Impact""]"
60719,"[""Impact""]"
60720,"[""Impact""]"
60721,"[""Impact""]"
60722,"[""Impact""]"
60723,"[""Impact""]"
60724,"[""Impact""]"
60725,"[""Impact""]"
60726,"[""Impact""]"
60727,"[""Impact""]"
60728,"[""Impact""]"
60729,"[""Impact""]"
60730,"[""Impact""]"
60731,"[""Impact""]"
60732,"[""Impact""]"
60733,"[""Impact""]"
60734,"[""Impact""]"
60735,"[""Impact""]"
60736,"[""Impact""]"
60737,"[""Impact""]"
60738,"[""Impact""]"
60739,"[""Impact""]"
60740,"[""Impact""]"
60741,"[""Impact""]"
60742,"[""Impact""]"
60743,"[""Impact""]"
60744,"[""Impact""]"
60745,"[""Impact""]"
60746,"[""Impact""]"
60747,"[""Impact""]"
60748,"[""Impact""]"
60749,"[""Impact""]"
60750,"[""Impact""]"
60751,"[""Impact""]"
60752,"[""Impact""]"
60753,"[""Impact""]"
60754,"[""Impact""]"
60755,"[""Impact""]"
60756,"[""Impact""]"
60757,"[""Impact""]"
60758,"[""Impact""]"
60759,"[""Impact""]"
60760,"[""Impact""]"
60761,"[""Impact""]"
60762,"[""Impact""]"
60763,"[""Impact""]"
60764,"[""Impact""]"
60765,"[""Impact""]"
60766,"[""Impact""]"
60767,"[""Impact""]"
60768,"[""Impact""]"
60769,"[""Impact""]"
60770,"[""Impact""]"
60771,"[""Impact""]"
60772,"[""Impact""]"
60773,"[""Impact""]"
60774,"[""Impact""]"
60775,"[""Impact""]"
60776,"[""Impact""]"
60777,"[""Impact""]"
60778,"[""Impact""]"
60779,"[""Impact""]"
60780,"[""Impact""]"
60781,"[""Impact""]"
60782,"[""Impact""]"
60783,"[""Impact""]"
60784,"[""Impact""]"
60785,"[""Impact""]"
60786,"[""Impact""]"
60787,"[""Impact""]"
60788,"[""Impact""]"
60789,"[""Impact""]"
60790,"[""Impact""]"
60791,"[""Impact""]"
60792,"[""Impact""]"
60793,"[""Impact""]"
60794,"[""Impact""]"
60795,"[""Impact""]"
60796,"[""Impact""]"
60797,"[""Impact""]"
60798,"[""Impact""]"
60799,"[""Impact""]"
60800,"[""Impact""]"
60801,"[""Impact""]"
60802,"[""Impact""]"
60803,"[""Impact""]"
60804,"[""Impact""]"
60805,"[""Impact""]"
60806,"[""Impact""]"
60807,"[""Impact""]"
60808,"[""Impact""]"
60809,"[""Impact""]"
60810,"[""Impact""]"
60811,"[""Impact""]"
60812,"[""Impact""]"
60813,"[""Impact""]"
60814,"[""Impact""]"
60815,"[""Impact""]"
60816,"[""Impact""]"
60817,"[""Impact""]"
60818,"[""Impact""]"
60819,"[""Impact""]"
60820,"[""Impact""]"
60821,"[""Impact""]"
60822,"[""Impact""]"
60823,"[""Impact""]"
60824,"[""Impact""]"
60825,"[""Impact""]"
60826,"[""Impact""]"
60827,"[""Impact""]"
60828,"[""Impact""]"
60829,"[""Impact""]"
60830,"[""Impact""]"
60831,"[""Impact""]"
60832,"[""Impact""]"
60833,"[""Impact""]"
60834,"[""Impact""]"
60835,"[""Impact""]"
60836,"[""Impact""]"
60837,"[""Impact""]"
60838,"[""Impact""]"
60839,"[""Impact""]"
60840,"[""Impact""]"
60841,"[""Impact""]"
60842,"[""Impact""]"
60843,"[""Impact""]"
60844,"[""Impact""]"
60845,"[""Impact""]"
60846,"[""Impact""]"
60847,"[""Impact""]"
60848,"[""Impact""]"
60849,"[""Impact""]"
60850,"[""Impact""]"
60851,"[""Impact""]"
60852,"[""Impact""]"
60853,"[""Impact""]"
60854,"[""Impact""]"
60855,"[""Impact""]"
60856,"[""Impact""]"
60857,"[""Impact""]"
60858,"[""Impact""]"
60859,"[""Impact""]"
60860,"[""Impact""]"
60861,"[""Impact""]"
60862,"[""Impact""]"
60863,"[""Impact""]"
60864,"[""Impact""]"
60865,"[""Impact""]"
60866,"[""Impact""]"
60867,"[""Impact""]"
60868,"[""Impact""]"
60869,"[""Impact""]"
60870,"[""Impact""]"
60871,"[""Impact""]"
60872,"[""Impact""]"
60873,"[""Impact""]"
60874,"[""Impact""]"
60875,"[""Impact""]"
60876,"[""Impact""]"
60877,"[""Impact""]"
60878,"[""Impact""]"
60879,"[""Impact""]"
60880,"[""Impact""]"
60881,"[""Impact""]"
60882,"[""Impact""]"
60883,"[""Impact""]"
60884,"[""Impact""]"
60885,"[""Impact""]"
60886,"[""Impact""]"
60887,"[""Impact""]"
60888,"[""Impact""]"
60889,"[""Impact""]"
60890,"[""Impact""]"
60891,"[""Impact""]"
60892,"[""Impact""]"
60893,"[""Impact""]"
60894,"[""Impact""]"
60895,"[""Impact""]"
60896,"[""Impact""]"
60897,"[""Impact""]"
60898,"[""Impact""]"
60899,"[""Impact""]"
60900,"[""Impact""]"
60901,"[""Impact""]"
60902,"[""Impact""]"
60903,"[""Impact""]"
60904,"[""Impact""]"
60905,"[""Impact""]"
60906,"[""Impact""]"
60907,"[""Impact""]"
60908,"[""Impact""]"
60909,"[""Impact""]"
60910,"[""Impact""]"
60911,"[""Impact""]"
60912,"[""Impact""]"
60913,"[""Impact""]"
60914,"[""Impact""]"
60915,"[""Impact""]"
60916,"[""Impact""]"
60917,"[""Impact""]"
60918,"[""Impact""]"
60919,"[""Impact""]"
60920,"[""Impact""]"
60921,"[""Impact""]"
60922,"[""Impact""]"
60923,"[""Impact""]"
60924,"[""Impact""]"
60925,"[""Impact""]"
60926,"[""Impact""]"
60927,"[""Impact""]"
60928,"[""Impact""]"
60929,"[""Impact""]"
60930,"[""Impact""]"
60931,"[""Impact""]"
60932,"[""Impact""]"
60933,"[""Impact""]"
60934,"[""Impact""]"
60935,"[""Impact""]"
60936,"[""Impact""]"
60937,"[""Impact""]"
60938,"[""Impact""]"
60939,"[""Impact""]"
60940,"[""Impact""]"
60941,"[""Impact""]"
60942,"[""Impact""]"
60943,"[""Impact""]"
60944,"[""Impact""]"
60945,"[""Impact""]"
60946,"[""Impact""]"
60947,"[""Impact""]"
60948,"[""Impact""]"
60949,"[""Impact""]"
60950,"[""Impact""]"
60951,"[""Impact""]"
60952,"[""Impact""]"
60953,"[""Impact""]"
60954,"[""Impact""]"
60955,"[""Impact""]"
60956,"[""Impact""]"
60957,"[""Impact""]"
60958,"[""Impact""]"
60959,"[""Impact""]"
60960,"[""Impact""]"
60961,"[""Impact""]"
60962,"[""Impact""]"
60963,"[""Impact""]"
60964,"[""Impact""]"
60965,"[""Impact""]"
60966,"[""Impact""]"
60967,"[""Impact""]"
60968,"[""Impact""]"
60969,"[""Impact""]"
60970,"[""Impact""]"
60971,"[""Impact""]"
60972,"[""Impact""]"
60973,"[""Impact""]"
60974,"[""Impact""]"
60975,"[""Impact""]"
60976,"[""Impact""]"
60977,"[""Impact""]"
60978,"[""Impact""]"
60979,"[""Impact""]"
60980,"[""Impact""]"
60981,"[""Impact""]"
60982,"[""Impact""]"
60983,"[""Impact""]"
60984,"[""Impact""]"
60985,"[""Impact""]"
60986,"[""Impact""]"
60987,"[""Impact""]"
60988,"[""Impact""]"
60989,"[""Impact""]"
60990,"[""Impact""]"
60991,"[""Impact""]"
60992,"[""Impact""]"
60993,"[""Impact""]"
60994,"[""Impact""]"
60995,"[""Impact""]"
60996,"[""Impact""]"
60997,"[""Impact""]"
60998,"[""Impact""]"
60999,"[""Impact""]"
61000,"[""Impact""]"
61001,"[""Impact""]"
61002,"[""Impact""]"
61003,"[""Impact""]"
61004,"[""Impact""]"
61005,"[""Impact""]"
61006,"[""Impact""]"
61007,"[""Impact""]"
61008,"[""Impact""]"
61009,"[""Impact""]"
61010,"[""Impact""]"
61011,"[""Impact""]"
61012,"[""Impact""]"
61013,"[""Impact""]"
61014,"[""Impact""]"
61015,"[""Impact""]"
61016,"[""Impact""]"
61017,"[""Impact""]"
61018,"[""Impact""]"
61019,"[""Impact""]"
61020,"[""Impact""]"
61021,"[""Impact""]"
61022,"[""Impact""]"
61023,"[""Impact""]"
61024,"[""Impact""]"
61025,"[""Impact""]"
61026,"[""Impact""]"
61027,"[""Impact""]"
61028,"[""Impact""]"
61029,"[""Impact""]"
61030,"[""Impact""]"
61031,"[""Impact""]"
61032,"[""Impact""]"
61033,"[""Impact""]"
61034,"[""Impact""]"
61035,"[""Impact""]"
61036,"[""Impact""]"
61037,"[""Impact""]"
61038,"[""Impact""]"
61039,"[""Impact""]"
61040,"[""Impact""]"
61041,"[""Impact""]"
61042,"[""Impact""]"
61043,"[""Impact""]"
61044,"[""Impact""]"
61045,"[""Impact""]"
61046,"[""Impact""]"
61047,"[""Impact""]"
61048,"[""Impact""]"
61049,"[""Impact""]"
61050,"[""Impact""]"
61051,"[""Impact""]"
61052,"[""Impact""]"
61053,"[""Impact""]"
61054,"[""Impact""]"
61055,"[""Impact""]"
61056,"[""Impact""]"
61057,"[""Impact""]"
61058,"[""Impact""]"
61059,"[""Impact""]"
61060,"[""Impact""]"
61061,"[""Impact""]"
61062,"[""Impact""]"
61063,"[""Impact""]"
61064,"[""Impact""]"
61065,"[""Impact""]"
61066,"[""Impact""]"
61067,"[""Impact""]"
61068,"[""Impact""]"
61069,"[""Impact""]"
61070,"[""Impact""]"
61071,"[""Impact""]"
61072,"[""Impact""]"
61073,"[""Impact""]"
61074,"[""Impact""]"
61075,"[""Impact""]"
61076,"[""Impact""]"
61077,"[""Impact""]"
61078,"[""Impact""]"
61079,"[""Impact""]"
61080,"[""Impact""]"
61081,"[""Impact""]"
61082,"[""Impact""]"
61083,"[""Impact""]"
61084,"[""Impact""]"
61085,"[""Impact""]"
61086,"[""Impact""]"
61087,"[""Impact""]"
61088,"[""Impact""]"
61089,"[""Impact""]"
61090,"[""Impact""]"
61091,"[""Impact""]"
61092,"[""Impact""]"
61093,"[""Impact""]"
61094,"[""Impact""]"
61095,"[""Impact""]"
61096,"[""Impact""]"
61097,"[""Impact""]"
61098,"[""Impact""]"
61099,"[""Impact""]"
61100,"[""Impact""]"
61101,"[""Impact""]"
61102,"[""Impact""]"
61103,"[""Impact""]"
61104,"[""Impact""]"
61105,"[""Impact""]"
61106,"[""Impact""]"
61107,"[""Impact""]"
61108,"[""Impact""]"
61109,"[""Impact""]"
61110,"[""Impact""]"
61111,"[""Impact""]"
61112,"[""Impact""]"
61113,"[""Impact""]"
61114,"[""Impact""]"
61115,"[""Impact""]"
61116,"[""Impact""]"
61117,"[""Impact""]"
61118,"[""Impact""]"
61119,"[""Impact""]"
61120,"[""Impact""]"
61121,"[""Impact""]"
61122,"[""Impact""]"
61123,"[""Impact""]"
61124,"[""Impact""]"
61125,"[""Impact""]"
61126,"[""Impact""]"
61127,"[""Impact""]"
61128,"[""Impact""]"
61129,"[""Impact""]"
61130,"[""Impact""]"
61131,"[""Impact""]"
61132,"[""Impact""]"
61133,"[""Impact""]"
61134,"[""Impact""]"
61135,"[""Impact""]"
61136,"[""Impact""]"
61137,"[""Impact""]"
61138,"[""Impact""]"
61139,"[""Impact""]"
61140,"[""Impact""]"
61141,"[""Impact""]"
61142,"[""Impact""]"
61143,"[""Impact""]"
61144,"[""Impact""]"
61145,"[""Impact""]"
61146,"[""Impact""]"
61147,"[""Impact""]"
61148,"[""Impact""]"
61149,"[""Impact""]"
61150,"[""Impact""]"
61151,"[""Impact""]"
61152,"[""Impact""]"
61153,"[""Impact""]"
61154,"[""Impact""]"
61155,"[""Impact""]"
61156,"[""Impact""]"
61157,"[""Impact""]"
61158,"[""Impact""]"
61159,"[""Impact""]"
61160,"[""Impact""]"
61161,"[""Impact""]"
61162,"[""Impact""]"
61163,"[""Impact""]"
61164,"[""Impact""]"
61165,"[""Impact""]"
61166,"[""Impact""]"
61167,"[""Impact""]"
61168,"[""Impact""]"
61169,"[""Impact""]"
61170,"[""Impact""]"
61171,"[""Impact""]"
61172,"[""Impact""]"
61173,"[""Impact""]"
61174,"[""Impact""]"
61175,"[""Impact""]"
61176,"[""Impact""]"
61177,"[""Impact""]"
61178,"[""Impact""]"
61179,"[""Impact""]"
61180,"[""Impact""]"
61181,"[""Impact""]"
61182,"[""Impact""]"
61183,"[""Impact""]"
61184,"[""Impact""]"
61185,"[""Impact""]"
61186,"[""Impact""]"
61187,"[""Impact""]"
61188,"[""Impact""]"
61189,"[""Impact""]"
61190,"[""Impact""]"
61191,"[""Impact""]"
61192,"[""Impact""]"
61193,"[""Impact""]"
61194,"[""Impact""]"
61195,"[""Impact""]"
61196,"[""Impact""]"
61197,"[""Impact""]"
61198,"[""Impact""]"
61199,"[""Impact""]"
61200,"[""Impact""]"
61201,"[""Impact""]"
61202,"[""Impact""]"
61203,"[""Impact""]"
61204,"[""Impact""]"
61205,"[""Impact""]"
61206,"[""Impact""]"
61207,"[""Impact""]"
61208,"[""Impact""]"
61209,"[""Impact""]"
61210,"[""Impact""]"
61211,"[""Impact""]"
61212,"[""Impact""]"
61213,"[""Impact""]"
61214,"[""Impact""]"
61215,"[""Impact""]"
61216,"[""Impact""]"
61217,"[""Impact""]"
61218,"[""Impact""]"
61219,"[""Impact""]"
61220,"[""Impact""]"
61221,"[""Impact""]"
61222,"[""Impact""]"
61223,"[""Impact""]"
61224,"[""Impact""]"
61225,"[""Impact""]"
61226,"[""Impact""]"
61227,"[""Impact""]"
61228,"[""Impact""]"
61229,"[""Impact""]"
61230,"[""Impact""]"
61231,"[""Impact""]"
61232,"[""Impact""]"
61233,"[""Impact""]"
61234,"[""Impact""]"
61235,"[""Impact""]"
61236,"[""Impact""]"
61237,"[""Impact""]"
61238,"[""Impact""]"
61239,"[""Impact""]"
61240,"[""Impact""]"
61241,"[""Impact""]"
61242,"[""Impact""]"
61243,"[""Impact""]"
61244,"[""Impact""]"
61245,"[""Impact""]"
61246,"[""Impact""]"
61247,"[""Impact""]"
61248,"[""Impact""]"
61249,"[""Impact""]"
61250,"[""Impact""]"
61251,"[""Impact""]"
61252,"[""Impact""]"
61253,"[""Impact""]"
61254,"[""Impact""]"
61255,"[""Impact""]"
61256,"[""Impact""]"
61257,"[""Impact""]"
61258,"[""Impact""]"
61259,"[""Impact""]"
61260,"[""Impact""]"
61261,"[""Impact""]"
61262,"[""Impact""]"
61263,"[""Impact""]"
61264,"[""Impact""]"
61265,"[""Impact""]"
61266,"[""Impact""]"
61267,"[""Impact""]"
61268,"[""Impact""]"
61269,"[""Impact""]"
61270,"[""Impact""]"
61271,"[""Impact""]"
61272,"[""Impact""]"
61273,"[""Impact""]"
61274,"[""Impact""]"
61275,"[""Impact""]"
61276,"[""Impact""]"
61277,"[""Impact""]"
61278,"[""Impact""]"
61279,"[""Impact""]"
61280,"[""Impact""]"
61281,"[""Impact""]"
61282,"[""Impact""]"
61283,"[""Impact""]"
61284,"[""Impact""]"
61285,"[""Impact""]"
61286,"[""Impact""]"
61287,"[""Impact""]"
61288,"[""Impact""]"
61289,"[""Impact""]"
61290,"[""Impact""]"
61291,"[""Impact""]"
61292,"[""Impact""]"
61293,"[""Impact""]"
61294,"[""Impact""]"
61295,"[""Impact""]"
61296,"[""Impact""]"
61297,"[""Impact""]"
61298,"[""Impact""]"
61299,"[""Impact""]"
61300,"[""Impact""]"
61301,"[""Impact""]"
61302,"[""Impact""]"
61303,"[""Impact""]"
61304,"[""Impact""]"
61305,"[""Impact""]"
61306,"[""Impact""]"
61307,"[""Impact""]"
61308,"[""Impact""]"
61309,"[""Impact""]"
61310,"[""Impact""]"
61311,"[""Impact""]"
61312,"[""Impact""]"
61313,"[""Impact""]"
61314,"[""Impact""]"
61315,"[""Impact""]"
61316,"[""Impact""]"
61317,"[""Impact""]"
61318,"[""Impact""]"
61319,"[""Impact""]"
61320,"[""Impact""]"
61321,"[""Impact""]"
61322,"[""Impact""]"
61323,"[""Impact""]"
61324,"[""Impact""]"
61325,"[""Impact""]"
61326,"[""Impact""]"
61327,"[""Impact""]"
61328,"[""Impact""]"
61329,"[""Impact""]"
61330,"[""Impact""]"
61331,"[""Impact""]"
61332,"[""Impact""]"
61333,"[""Impact""]"
61334,"[""Impact""]"
61335,"[""Impact""]"
61336,"[""Impact""]"
61337,"[""Impact""]"
61338,"[""Impact""]"
61339,"[""Impact""]"
61340,"[""Impact""]"
61341,"[""Impact""]"
61342,"[""Impact""]"
61343,"[""Impact""]"
61344,"[""Impact""]"
61345,"[""Impact""]"
61346,"[""Impact""]"
61347,"[""Impact""]"
61348,"[""Impact""]"
61349,"[""Impact""]"
61350,"[""Impact""]"
61351,"[""Impact""]"
61352,"[""Impact""]"
61353,"[""Impact""]"
61354,"[""Impact""]"
61355,"[""Impact""]"
61356,"[""Impact""]"
61357,"[""Impact""]"
61358,"[""Impact""]"
61359,"[""Impact""]"
61360,"[""Impact""]"
61361,"[""Impact""]"
61362,"[""Impact""]"
61363,"[""Impact""]"
61364,"[""Impact""]"
61365,"[""Impact""]"
61366,"[""Impact""]"
61367,"[""Impact""]"
61368,"[""Impact""]"
61369,"[""Impact""]"
61370,"[""Impact""]"
61371,"[""Impact""]"
61372,"[""Impact""]"
61373,"[""Impact""]"
61374,"[""Impact""]"
61375,"[""Impact""]"
61376,"[""Impact""]"
61377,"[""Impact""]"
61378,"[""Impact""]"
61379,"[""Impact""]"
61380,"[""Impact""]"
61381,"[""Impact""]"
61382,"[""Impact""]"
61383,"[""Impact""]"
61384,"[""Impact""]"
61385,"[""Impact""]"
61386,"[""Impact""]"
61387,"[""Impact""]"
61388,"[""Impact""]"
61389,"[""Impact""]"
61390,"[""Impact""]"
61391,"[""Impact""]"
61392,"[""Impact""]"
61393,"[""Impact""]"
61394,"[""Impact""]"
61395,"[""Impact""]"
61396,"[""Impact""]"
61397,"[""Impact""]"
61398,"[""Impact""]"
61399,"[""Impact""]"
61400,"[""Impact""]"
61401,"[""Impact""]"
61402,"[""Impact""]"
61403,"[""Impact""]"
61404,"[""Impact""]"
61405,"[""Impact""]"
61406,"[""Impact""]"
61407,"[""Impact""]"
61408,"[""Impact""]"
61409,"[""Impact""]"
61410,"[""Impact""]"
61411,"[""Impact""]"
61412,"[""Impact""]"
61413,"[""Impact""]"
61414,"[""Impact""]"
61415,"[""Impact""]"
61416,"[""Impact""]"
61417,"[""Impact""]"
61418,"[""Impact""]"
61419,"[""Impact""]"
61420,"[""Impact""]"
61421,"[""Impact""]"
61422,"[""Impact""]"
61423,"[""Impact""]"
61424,"[""Impact""]"
61425,"[""Impact""]"
61426,"[""Impact""]"
61427,"[""Impact""]"
61428,"[""Impact""]"
61429,"[""Impact""]"
61430,"[""Impact""]"
61431,"[""Impact""]"
61432,"[""Impact""]"
61433,"[""Impact""]"
61434,"[""Impact""]"
61435,"[""Impact""]"
61436,"[""Impact""]"
61437,"[""Impact""]"
61438,"[""Impact""]"
61439,"[""Impact""]"
61440,"[""Impact""]"
61441,"[""Impact""]"
61442,"[""Impact""]"
61443,"[""Impact""]"
61444,"[""Impact""]"
61445,"[""Impact""]"
61446,"[""Impact""]"
61447,"[""Impact""]"
61448,"[""Impact""]"
61449,"[""Impact""]"
61450,"[""Impact""]"
61451,"[""Impact""]"
61452,"[""Impact""]"
61453,"[""Impact""]"
61454,"[""Impact""]"
61455,"[""Impact""]"
61456,"[""Impact""]"
61457,"[""Impact""]"
61458,"[""Impact""]"
61459,"[""Impact""]"
61460,"[""Impact""]"
61461,"[""Impact""]"
61462,"[""Impact""]"
61463,"[""Impact""]"
61464,"[""Impact""]"
61465,"[""Impact""]"
61466,"[""Impact""]"
61467,"[""Impact""]"
61468,"[""Impact""]"
61469,"[""Impact""]"
61470,"[""Impact""]"
61471,"[""Impact""]"
61472,"[""Impact""]"
61473,"[""Impact""]"
61474,"[""Impact""]"
61475,"[""Impact""]"
61476,"[""Impact""]"
61477,"[""Impact""]"
61478,"[""Impact""]"
61479,"[""Impact""]"
61480,"[""Impact""]"
61481,"[""Impact""]"
61482,"[""Impact""]"
61483,"[""Impact""]"
61484,"[""Impact""]"
61485,"[""Impact""]"
61486,"[""Impact""]"
61487,"[""Impact""]"
61488,"[""Impact""]"
61489,"[""Impact""]"
61490,"[""Impact""]"
61491,"[""Impact""]"
61492,"[""Impact""]"
61493,"[""Impact""]"
61494,"[""Impact""]"
61495,"[""Impact""]"
61496,"[""Impact""]"
61497,"[""Impact""]"
61498,"[""Impact""]"
61499,"[""Impact""]"
61500,"[""Impact""]"
61501,"[""Impact""]"
61502,"[""Impact""]"
61503,"[""Impact""]"
61504,"[""Impact""]"
61505,"[""Impact""]"
61506,"[""Impact""]"
61507,"[""Impact""]"
61508,"[""Impact""]"
61509,"[""Impact""]"
61510,"[""Impact""]"
61511,"[""Impact""]"
61512,"[""Impact""]"
61513,"[""Impact""]"
61514,"[""Impact""]"
61515,"[""Impact""]"
61516,"[""Impact""]"
61517,"[""Impact""]"
61518,"[""Impact""]"
61519,"[""Impact""]"
61520,"[""Impact""]"
61521,"[""Impact""]"
61522,"[""Impact""]"
61523,"[""Impact""]"
61524,"[""Impact""]"
61525,"[""Impact""]"
61526,"[""Impact""]"
61527,"[""Impact""]"
61528,"[""Impact""]"
61529,"[""Impact""]"
61530,"[""Impact""]"
61531,"[""Impact""]"
61532,"[""Impact""]"
61533,"[""Impact""]"
61534,"[""Impact""]"
61535,"[""Impact""]"
61536,"[""Impact""]"
61537,"[""Impact""]"
61538,"[""Impact""]"
61539,"[""Impact""]"
61540,"[""Impact""]"
61541,"[""Impact""]"
61542,"[""Impact""]"
61543,"[""Impact""]"
61544,"[""Impact""]"
61545,"[""Impact""]"
61546,"[""Impact""]"
61547,"[""Impact""]"
61548,"[""Impact""]"
61549,"[""Impact""]"
61550,"[""Impact""]"
61551,"[""Impact""]"
61552,"[""Impact""]"
61553,"[""Impact""]"
61554,"[""Impact""]"
61555,"[""Impact""]"
61556,"[""Impact""]"
61557,"[""Impact""]"
61558,"[""Impact""]"
61559,"[""Impact""]"
61560,"[""Impact""]"
61561,"[""Impact""]"
61562,"[""Impact""]"
61563,"[""Impact""]"
61564,"[""Impact""]"
61565,"[""Impact""]"
61566,"[""Impact""]"
61567,"[""Impact""]"
61568,"[""Impact""]"
61569,"[""Impact""]"
61570,"[""Impact""]"
61571,"[""Impact""]"
61572,"[""Impact""]"
61573,"[""Impact""]"
61574,"[""Impact""]"
61575,"[""Impact""]"
61576,"[""Impact""]"
61577,"[""Impact""]"
61578,"[""Impact""]"
61579,"[""Impact""]"
61580,"[""Impact""]"
61581,"[""Impact""]"
61582,"[""Impact""]"
61583,"[""Impact""]"
61584,"[""Impact""]"
61585,"[""Impact""]"
61586,"[""Impact""]"
61587,"[""Impact""]"
61588,"[""Impact""]"
61589,"[""Impact""]"
61590,"[""Impact""]"
61591,"[""Impact""]"
61592,"[""Impact""]"
61593,"[""Impact""]"
61594,"[""Impact""]"
61595,"[""Impact""]"
61596,"[""Impact""]"
61597,"[""Impact""]"
61598,"[""Impact""]"
61599,"[""Impact""]"
61600,"[""Impact""]"
61601,"[""Impact""]"
61602,"[""Impact""]"
61603,"[""Impact""]"
61604,"[""Impact""]"
61605,"[""Impact""]"
61606,"[""Impact""]"
61607,"[""Impact""]"
61608,"[""Impact""]"
61609,"[""Impact""]"
61610,"[""Impact""]"
61611,"[""Impact""]"
61612,"[""Impact""]"
61613,"[""Impact""]"
61614,"[""Impact""]"
61615,"[""Impact""]"
61616,"[""Impact""]"
61617,"[""Impact""]"
61618,"[""Impact""]"
61619,"[""Impact""]"
61620,"[""Impact""]"
61621,"[""Impact""]"
61622,"[""Impact""]"
61623,"[""Impact""]"
61624,"[""Impact""]"
61625,"[""Impact""]"
61626,"[""Impact""]"
61627,"[""Impact""]"
61628,"[""Impact""]"
61629,"[""Impact""]"
61630,"[""Impact""]"
61631,"[""Impact""]"
61632,"[""Impact""]"
61633,"[""Impact""]"
61634,"[""Impact""]"
61635,"[""Impact""]"
61636,"[""Impact""]"
61637,"[""Impact""]"
61638,"[""Impact""]"
61639,"[""Impact""]"
61640,"[""Impact""]"
61641,"[""Impact""]"
61642,"[""Impact""]"
61643,"[""Impact""]"
61644,"[""Impact""]"
61645,"[""Impact""]"
61646,"[""Impact""]"
61647,"[""Impact""]"
61648,"[""Impact""]"
61649,"[""Impact""]"
61650,"[""Impact""]"
61651,"[""Impact""]"
61652,"[""Impact""]"
61653,"[""Impact""]"
61654,"[""Impact""]"
61655,"[""Impact""]"
61656,"[""Impact""]"
61657,"[""Impact""]"
61658,"[""Impact""]"
61659,"[""Impact""]"
61660,"[""Impact""]"
61661,"[""Impact""]"
61662,"[""Impact""]"
61663,"[""Impact""]"
61664,"[""Impact""]"
61665,"[""Impact""]"
61666,"[""Impact""]"
61667,"[""Impact""]"
61668,"[""Impact""]"
61669,"[""Impact""]"
61670,"[""Impact""]"
61671,"[""Impact""]"
61672,"[""Impact""]"
61673,"[""Impact""]"
61674,"[""Impact""]"
61675,"[""Impact""]"
61676,"[""Impact""]"
61677,"[""Impact""]"
61678,"[""Impact""]"
61679,"[""Impact""]"
61680,"[""Impact""]"
61681,"[""Impact""]"
61682,"[""Impact""]"
61683,"[""Impact""]"
61684,"[""Impact""]"
61685,"[""Impact""]"
61686,"[""Impact""]"
61687,"[""Impact""]"
61688,"[""Impact""]"
61689,"[""Impact""]"
61690,"[""Impact""]"
61691,"[""Impact""]"
61692,"[""Impact""]"
61693,"[""Impact""]"
61694,"[""Impact""]"
61695,"[""Impact""]"
61696,"[""Impact""]"
61697,"[""Impact""]"
61698,"[""Impact""]"
61699,"[""Impact""]"
61700,"[""Impact""]"
61701,"[""Impact""]"
61702,"[""Impact""]"
61703,"[""Impact""]"
61704,"[""Impact""]"
61705,"[""Impact""]"
61706,"[""Impact""]"
61707,"[""Impact""]"
61708,"[""Impact""]"
61709,"[""Impact""]"
61710,"[""Impact""]"
61711,"[""Impact""]"
61712,"[""Impact""]"
61713,"[""Impact""]"
61714,"[""Impact""]"
61715,"[""Impact""]"
61716,"[""Impact""]"
61717,"[""Impact""]"
61718,"[""Impact""]"
61719,"[""Impact""]"
61720,"[""Impact""]"
61721,"[""Impact""]"
61722,"[""Impact""]"
61723,"[""Impact""]"
61724,"[""Impact""]"
61725,"[""Impact""]"
61726,"[""Impact""]"
61727,"[""Impact""]"
61728,"[""Impact""]"
61729,"[""Impact""]"
61730,"[""Impact""]"
61731,"[""Impact""]"
61732,"[""Impact""]"
61733,"[""Impact""]"
61734,"[""Impact""]"
61735,"[""Impact""]"
61736,"[""Impact""]"
61737,"[""Impact""]"
61738,"[""Impact""]"
61739,"[""Impact""]"
61740,"[""Impact""]"
61741,"[""Impact""]"
61742,"[""Impact""]"
61743,"[""Impact""]"
61744,"[""Impact""]"
61745,"[""Impact""]"
61746,"[""Impact""]"
61747,"[""Impact""]"
61748,"[""Impact""]"
61749,"[""Impact""]"
61750,"[""Impact""]"
61751,"[""Impact""]"
61752,"[""Impact""]"
61753,"[""Impact""]"
61754,"[""Impact""]"
61755,"[""Impact""]"
61756,"[""Impact""]"
61757,"[""Impact""]"
61758,"[""Impact""]"
61759,"[""Impact""]"
61760,"[""Impact""]"
61761,"[""Impact""]"
61762,"[""Impact""]"
61763,"[""Impact""]"
61764,"[""Impact""]"
61765,"[""Impact""]"
61766,"[""Impact""]"
61767,"[""Impact""]"
61768,"[""Impact""]"
61769,"[""Impact""]"
61770,"[""Impact""]"
61771,"[""Impact""]"
61772,"[""Impact""]"
61773,"[""Impact""]"
61774,"[""Impact""]"
61775,"[""Impact""]"
61776,"[""Impact""]"
61777,"[""Impact""]"
61778,"[""Impact""]"
61779,"[""Impact""]"
61780,"[""Impact""]"
61781,"[""Impact""]"
61782,"[""Impact""]"
61783,"[""Impact""]"
61784,"[""Impact""]"
61785,"[""Impact""]"
61786,"[""Impact""]"
61787,"[""Impact""]"
61788,"[""Impact""]"
61789,"[""Impact""]"
61790,"[""Impact""]"
61791,"[""Impact""]"
61792,"[""Impact""]"
61793,"[""Impact""]"
61794,"[""Impact""]"
61795,"[""Impact""]"
61796,"[""Impact""]"
61797,"[""Impact""]"
61798,"[""Impact""]"
61799,"[""Impact""]"
61800,"[""Impact""]"
61801,"[""Impact""]"
61802,"[""Impact""]"
61803,"[""Impact""]"
61804,"[""Impact""]"
61805,"[""Impact""]"
61806,"[""Impact""]"
61807,"[""Impact""]"
61808,"[""Impact""]"
61809,"[""Impact""]"
61810,"[""Impact""]"
61811,"[""Impact""]"
61812,"[""Impact""]"
61813,"[""Impact""]"
61814,"[""Impact""]"
61815,"[""Impact""]"
61816,"[""Impact""]"
61817,"[""Impact""]"
61818,"[""Impact""]"
61819,"[""Impact""]"
61820,"[""Impact""]"
61821,"[""Impact""]"
61822,"[""Impact""]"
61823,"[""Impact""]"
61824,"[""Impact""]"
61825,"[""Impact""]"
61826,"[""Impact""]"
61827,"[""Impact""]"
61828,"[""Impact""]"
61829,"[""Impact""]"
61830,"[""Impact""]"
61831,"[""Impact""]"
61832,"[""Impact""]"
61833,"[""Impact""]"
61834,"[""Impact""]"
61835,"[""Impact""]"
61836,"[""Impact""]"
61837,"[""Impact""]"
61838,"[""Impact""]"
61839,"[""Impact""]"
61840,"[""Impact""]"
61841,"[""Impact""]"
61842,"[""Impact""]"
61843,"[""Impact""]"
61844,"[""Impact""]"
61845,"[""Impact""]"
61846,"[""Impact""]"
61847,"[""Impact""]"
61848,"[""Impact""]"
61849,"[""Impact""]"
61850,"[""Impact""]"
61851,"[""Impact""]"
61852,"[""Impact""]"
61853,"[""Impact""]"
61854,"[""Impact""]"
61855,"[""Impact""]"
61856,"[""Impact""]"
61857,"[""Impact""]"
61858,"[""Impact""]"
61859,"[""Impact""]"
61860,"[""Impact""]"
61861,"[""Impact""]"
61862,"[""Impact""]"
61863,"[""Impact""]"
61864,"[""Impact""]"
61865,"[""Impact""]"
61866,"[""Impact""]"
61867,"[""Impact""]"
61868,"[""Impact""]"
61869,"[""Impact""]"
61870,"[""Impact""]"
61871,"[""Impact""]"
61872,"[""Impact""]"
61873,"[""Impact""]"
61874,"[""Impact""]"
61875,"[""Impact""]"
61876,"[""Impact""]"
61877,"[""Impact""]"
61878,"[""Impact""]"
61879,"[""Impact""]"
61880,"[""Impact""]"
61881,"[""Impact""]"
61882,"[""Impact""]"
61883,"[""Impact""]"
61884,"[""Impact""]"
61885,"[""Impact""]"
61886,"[""Impact""]"
61887,"[""Impact""]"
61888,"[""Impact""]"
61889,"[""Impact""]"
61890,"[""Impact""]"
61891,"[""Impact""]"
61892,"[""Impact""]"
61893,"[""Impact""]"
61894,"[""Impact""]"
61895,"[""Impact""]"
61896,"[""Impact""]"
61897,"[""Impact""]"
61898,"[""Impact""]"
61899,"[""Impact""]"
61900,"[""Impact""]"
61901,"[""Impact""]"
61902,"[""Impact""]"
61903,"[""Impact""]"
61904,"[""Impact""]"
61905,"[""Impact""]"
61906,"[""Impact""]"
61907,"[""Impact""]"
61908,"[""Impact""]"
61909,"[""Impact""]"
61910,"[""Impact""]"
61911,"[""Impact""]"
61912,"[""Impact""]"
61913,"[""Impact""]"
61914,"[""Impact""]"
61915,"[""Impact""]"
61916,"[""Impact""]"
61917,"[""Impact""]"
61918,"[""Impact""]"
61919,"[""Impact""]"
61920,"[""Impact""]"
61921,"[""Impact""]"
61922,"[""Impact""]"
61923,"[""Impact""]"
61924,"[""Impact""]"
61925,"[""Impact""]"
61926,"[""Impact""]"
61927,"[""Impact""]"
61928,"[""Impact""]"
61929,"[""Impact""]"
61930,"[""Impact""]"
61931,"[""Impact""]"
61932,"[""Impact""]"
61933,"[""Impact""]"
61934,"[""Impact""]"
61935,"[""Impact""]"
61936,"[""Impact""]"
61937,"[""Impact""]"
61938,"[""Impact""]"
61939,"[""Impact""]"
61940,"[""Impact""]"
61941,"[""Impact""]"
61942,"[""Impact""]"
61943,"[""Impact""]"
61944,"[""Impact""]"
61945,"[""Impact""]"
61946,"[""Impact""]"
61947,"[""Impact""]"
61948,"[""Impact""]"
61949,"[""Impact""]"
61950,"[""Impact""]"
61951,"[""Impact""]"
61952,"[""Impact""]"
61953,"[""Impact""]"
61954,"[""Impact""]"
61955,"[""Impact""]"
61956,"[""Impact""]"
61957,"[""Impact""]"
61958,"[""Impact""]"
61959,"[""Impact""]"
61960,"[""Impact""]"
61961,"[""Impact""]"
61962,"[""Impact""]"
61963,"[""Impact""]"
61964,"[""Impact""]"
61965,"[""Impact""]"
61966,"[""Impact""]"
61967,"[""Impact""]"
61968,"[""Impact""]"
61969,"[""Impact""]"
61970,"[""Impact""]"
61971,"[""Impact""]"
61972,"[""Impact""]"
61973,"[""Impact""]"
61974,"[""Impact""]"
61975,"[""Impact""]"
61976,"[""Impact""]"
61977,"[""Impact""]"
61978,"[""Impact""]"
61979,"[""Impact""]"
61980,"[""Impact""]"
61981,"[""Impact""]"
61982,"[""Impact""]"
61983,"[""Impact""]"
61984,"[""Impact""]"
61985,"[""Impact""]"
61986,"[""Impact""]"
61987,"[""Impact""]"
61988,"[""Impact""]"
61989,"[""Impact""]"
61990,"[""Impact""]"
61991,"[""Impact""]"
61992,"[""Impact""]"
61993,"[""Impact""]"
61994,"[""Impact""]"
61995,"[""Impact""]"
61996,"[""Impact""]"
61997,"[""Impact""]"
61998,"[""Impact""]"
61999,"[""Impact""]"
62000,"[""Impact""]"
62001,"[""Impact""]"
62002,"[""Impact""]"
62003,"[""Impact""]"
62004,"[""Impact""]"
62005,"[""Impact""]"
62006,"[""Impact""]"
62007,"[""Impact""]"
62008,"[""Impact""]"
62009,"[""Impact""]"
62010,"[""Impact""]"
62011,"[""Impact""]"
62012,"[""Impact""]"
62013,"[""Impact""]"
62014,"[""Impact""]"
62015,"[""Impact""]"
62016,"[""Impact""]"
62017,"[""Impact""]"
62018,"[""Impact""]"
62019,"[""Impact""]"
62020,"[""Impact""]"
62021,"[""Impact""]"
62022,"[""Impact""]"
62023,"[""Impact""]"
62024,"[""Impact""]"
62025,"[""Impact""]"
62026,"[""Impact""]"
62027,"[""Impact""]"
62028,"[""Impact""]"
62029,"[""Impact""]"
62030,"[""Impact""]"
62031,"[""Impact""]"
62032,"[""Impact""]"
62033,"[""Impact""]"
62034,"[""Impact""]"
62035,"[""Impact""]"
62036,"[""Impact""]"
62037,"[""Impact""]"
62038,"[""Impact""]"
62039,"[""Impact""]"
62040,"[""Impact""]"
62041,"[""Impact""]"
62042,"[""Impact""]"
62043,"[""Impact""]"
62044,"[""Impact""]"
62045,"[""Impact""]"
62046,"[""Impact""]"
62047,"[""Impact""]"
62048,"[""Impact""]"
62049,"[""Impact""]"
62050,"[""Impact""]"
62051,"[""Impact""]"
62052,"[""Impact""]"
62053,"[""Impact""]"
62054,"[""Impact""]"
62055,"[""Impact""]"
62056,"[""Impact""]"
62057,"[""Impact""]"
62058,"[""Impact""]"
62059,"[""Impact""]"
62060,"[""Impact""]"
62061,"[""Impact""]"
62062,"[""Impact""]"
62063,"[""Impact""]"
62064,"[""Impact""]"
62065,"[""Impact""]"
62066,"[""Impact""]"
62067,"[""Impact""]"
62068,"[""Impact""]"
62069,"[""Impact""]"
62070,"[""Impact""]"
62071,"[""Impact""]"
62072,"[""Impact""]"
62073,"[""Impact""]"
62074,"[""Impact""]"
62075,"[""Impact""]"
62076,"[""Impact""]"
62077,"[""Impact""]"
62078,"[""Impact""]"
62079,"[""Impact""]"
62080,"[""Impact""]"
62081,"[""Impact""]"
62082,"[""Impact""]"
62083,"[""Impact""]"
62084,"[""Impact""]"
62085,"[""Impact""]"
62086,"[""Impact""]"
62087,"[""Impact""]"
62088,"[""Impact""]"
62089,"[""Impact""]"
62090,"[""Impact""]"
62091,"[""Impact""]"
62092,"[""Impact""]"
62093,"[""Impact""]"
62094,"[""Impact""]"
62095,"[""Impact""]"
62096,"[""Impact""]"
62097,"[""Impact""]"
62098,"[""Impact""]"
62099,"[""Impact""]"
62100,"[""Impact""]"
62101,"[""Impact""]"
62102,"[""Impact""]"
62103,"[""Impact""]"
62104,"[""Impact""]"
62105,"[""Impact""]"
62106,"[""Impact""]"
62107,"[""Impact""]"
62108,"[""Impact""]"
62109,"[""Impact""]"
62110,"[""Impact""]"
62111,"[""Impact""]"
62112,"[""Impact""]"
62113,"[""Impact""]"
62114,"[""Impact""]"
62115,"[""Impact""]"
62116,"[""Impact""]"
62117,"[""Impact""]"
62118,"[""Impact""]"
62119,"[""Impact""]"
62120,"[""Impact""]"
62121,"[""Impact""]"
62122,"[""Impact""]"
62123,"[""Impact""]"
62124,"[""Impact""]"
62125,"[""Impact""]"
62126,"[""Impact""]"
62127,"[""Impact""]"
62128,"[""Impact""]"
62129,"[""Impact""]"
62130,"[""Impact""]"
62131,"[""Impact""]"
62132,"[""Impact""]"
62133,"[""Impact""]"
62134,"[""Impact""]"
62135,"[""Impact""]"
62136,"[""Impact""]"
62137,"[""Impact""]"
62138,"[""Impact""]"
62139,"[""Impact""]"
62140,"[""Impact""]"
62141,"[""Impact""]"
62142,"[""Impact""]"
62143,"[""Impact""]"
62144,"[""Impact""]"
62145,"[""Impact""]"
62146,"[""Impact""]"
62147,"[""Impact""]"
62148,"[""Impact""]"
62149,"[""Impact""]"
62150,"[""Impact""]"
62151,"[""Impact""]"
62152,"[""Impact""]"
62153,"[""Impact""]"
62154,"[""Impact""]"
62155,"[""Impact""]"
62156,"[""Impact""]"
62157,"[""Impact""]"
62158,"[""Impact""]"
62159,"[""Impact""]"
62160,"[""Impact""]"
62161,"[""Impact""]"
62162,"[""Impact""]"
62163,"[""Impact""]"
62164,"[""Impact""]"
62165,"[""Impact""]"
62166,"[""Impact""]"
62167,"[""Impact""]"
62168,"[""Impact""]"
62169,"[""Impact""]"
62170,"[""Impact""]"
62171,"[""Impact""]"
62172,"[""Impact""]"
62173,"[""Impact""]"
62174,"[""Impact""]"
62175,"[""Impact""]"
62176,"[""Impact""]"
62177,"[""Impact""]"
62178,"[""Impact""]"
62179,"[""Impact""]"
62180,"[""Impact""]"
62181,"[""Impact""]"
62182,"[""Impact""]"
62183,"[""Impact""]"
62184,"[""Impact""]"
62185,"[""Impact""]"
62186,"[""Impact""]"
62187,"[""Impact""]"
62188,"[""Impact""]"
62189,"[""Impact""]"
62190,"[""Impact""]"
62191,"[""Impact""]"
62192,"[""Impact""]"
62193,"[""Impact""]"
62194,"[""Impact""]"
62195,"[""Impact""]"
62196,"[""Impact""]"
62197,"[""Impact""]"
62198,"[""Impact""]"
62199,"[""Impact""]"
62200,"[""Impact""]"
62201,"[""Impact""]"
62202,"[""Impact""]"
62203,"[""Impact""]"
62204,"[""Impact""]"
62205,"[""Impact""]"
62206,"[""Impact""]"
62207,"[""Impact""]"
62208,"[""Impact""]"
62209,"[""Impact""]"
62210,"[""Impact""]"
62211,"[""Impact""]"
62212,"[""Impact""]"
62213,"[""Impact""]"
62214,"[""Impact""]"
62215,"[""Impact""]"
62216,"[""Impact""]"
62217,"[""Impact""]"
62218,"[""Impact""]"
62219,"[""Impact""]"
62220,"[""Impact""]"
62221,"[""Impact""]"
62222,"[""Impact""]"
62223,"[""Impact""]"
62224,"[""Impact""]"
62225,"[""Impact""]"
62226,"[""Impact""]"
62227,"[""Impact""]"
62228,"[""Impact""]"
62229,"[""Impact""]"
62230,"[""Impact""]"
62231,"[""Impact""]"
62232,"[""Impact""]"
62233,"[""Impact""]"
62234,"[""Impact""]"
62235,"[""Impact""]"
62236,"[""Impact""]"
62237,"[""Impact""]"
62238,"[""Impact""]"
62239,"[""Impact""]"
62240,"[""Impact""]"
62241,"[""Impact""]"
62242,"[""Impact""]"
62243,"[""Impact""]"
62244,"[""Impact""]"
62245,"[""Impact""]"
62246,"[""Impact""]"
62247,"[""Impact""]"
62248,"[""Impact""]"
62249,"[""Impact""]"
62250,"[""Impact""]"
62251,"[""Impact""]"
62252,"[""Impact""]"
62253,"[""Impact""]"
62254,"[""Impact""]"
62255,"[""Impact""]"
62256,"[""Impact""]"
62257,"[""Impact""]"
62258,"[""Impact""]"
62259,"[""Impact""]"
62260,"[""Impact""]"
62261,"[""Impact""]"
62262,"[""Impact""]"
62263,"[""Impact""]"
62264,"[""Impact""]"
62265,"[""Impact""]"
62266,"[""Impact""]"
62267,"[""Impact""]"
62268,"[""Impact""]"
62269,"[""Impact""]"
62270,"[""Impact""]"
62271,"[""Impact""]"
62272,"[""Impact""]"
62273,"[""Impact""]"
62274,"[""Impact""]"
62275,"[""Impact""]"
62276,"[""Impact""]"
62277,"[""Impact""]"
62278,"[""Impact""]"
62279,"[""Impact""]"
62280,"[""Impact""]"
62281,"[""Impact""]"
62282,"[""Impact""]"
62283,"[""Impact""]"
62284,"[""Impact""]"
62285,"[""Impact""]"
62286,"[""Impact""]"
62287,"[""Impact""]"
62288,"[""Impact""]"
62289,"[""Impact""]"
62290,"[""Impact""]"
62291,"[""Impact""]"
62292,"[""Impact""]"
62293,"[""Impact""]"
62294,"[""Impact""]"
62295,"[""Impact""]"
62296,"[""Impact""]"
62297,"[""Impact""]"
62298,"[""Impact""]"
62299,"[""Impact""]"
62300,"[""Impact""]"
62301,"[""Impact""]"
62302,"[""Impact""]"
62303,"[""Impact""]"
62304,"[""Impact""]"
62305,"[""Impact""]"
62306,"[""Impact""]"
62307,"[""Impact""]"
62308,"[""Impact""]"
62309,"[""Impact""]"
62310,"[""Impact""]"
62311,"[""Impact""]"
62312,"[""Impact""]"
62313,"[""Impact""]"
62314,"[""Impact""]"
62315,"[""Impact""]"
62316,"[""Impact""]"
62317,"[""Impact""]"
62318,"[""Impact""]"
62319,"[""Impact""]"
62320,"[""Impact""]"
62321,"[""Impact""]"
62322,"[""Impact""]"
62323,"[""Impact""]"
62324,"[""Impact""]"
62325,"[""Impact""]"
62326,"[""Impact""]"
62327,"[""Impact""]"
62328,"[""Impact""]"
62329,"[""Impact""]"
62330,"[""Impact""]"
62331,"[""Impact""]"
62332,"[""Impact""]"
62333,"[""Impact""]"
62334,"[""Impact""]"
62335,"[""Impact""]"
62336,"[""Impact""]"
62337,"[""Impact""]"
62338,"[""Impact""]"
62339,"[""Impact""]"
62340,"[""Impact""]"
62341,"[""Impact""]"
62342,"[""Impact""]"
62343,"[""Impact""]"
62344,"[""Impact""]"
62345,"[""Impact""]"
62346,"[""Impact""]"
62347,"[""Impact""]"
62348,"[""Impact""]"
62349,"[""Impact""]"
62350,"[""Impact""]"
62351,"[""Impact""]"
62352,"[""Impact""]"
62353,"[""Impact""]"
62354,"[""Impact""]"
62355,"[""Impact""]"
62356,"[""Impact""]"
62357,"[""Impact""]"
62358,"[""Impact""]"
62359,"[""Impact""]"
62360,"[""Impact""]"
62361,"[""Impact""]"
62362,"[""Impact""]"
62363,"[""Impact""]"
62364,"[""Impact""]"
62365,"[""Impact""]"
62366,"[""Impact""]"
62367,"[""Impact""]"
62368,"[""Impact""]"
62369,"[""Impact""]"
62370,"[""Impact""]"
62371,"[""Impact""]"
62372,"[""Impact""]"
62373,"[""Impact""]"
62374,"[""Impact""]"
62375,"[""Impact""]"
62376,"[""Impact""]"
62377,"[""Impact""]"
62378,"[""Impact""]"
62379,"[""Impact""]"
62380,"[""Impact""]"
62381,"[""Impact""]"
62382,"[""Impact""]"
62383,"[""Impact""]"
62384,"[""Impact""]"
62385,"[""Impact""]"
62386,"[""Impact""]"
62387,"[""Impact""]"
62388,"[""Impact""]"
62389,"[""Impact""]"
62390,"[""Impact""]"
62391,"[""Impact""]"
62392,"[""Impact""]"
62393,"[""Impact""]"
62394,"[""Impact""]"
62395,"[""Impact""]"
62396,"[""Impact""]"
62397,"[""Impact""]"
62398,"[""Impact""]"
62399,"[""Impact""]"
62400,"[""Impact""]"
62401,"[""Impact""]"
62402,"[""Impact""]"
62403,"[""Impact""]"
62404,"[""Impact""]"
62405,"[""Impact""]"
62406,"[""Impact""]"
62407,"[""Impact""]"
62408,"[""Impact""]"
62409,"[""Impact""]"
62410,"[""Impact""]"
62411,"[""Impact""]"
62412,"[""Impact""]"
62413,"[""Impact""]"
62414,"[""Impact""]"
62415,"[""Impact""]"
62416,"[""Impact""]"
62417,"[""Impact""]"
62418,"[""Impact""]"
62419,"[""Impact""]"
62420,"[""Impact""]"
62421,"[""Impact""]"
62422,"[""Impact""]"
62423,"[""Impact""]"
62424,"[""Impact""]"
62425,"[""Impact""]"
62426,"[""Impact""]"
62427,"[""Impact""]"
62428,"[""Impact""]"
62429,"[""Impact""]"
62430,"[""Impact""]"
62431,"[""Impact""]"
62432,"[""Impact""]"
62433,"[""Impact""]"
62434,"[""Impact""]"
62435,"[""Impact""]"
62436,"[""Impact""]"
62437,"[""Impact""]"
62438,"[""Impact""]"
62439,"[""Impact""]"
62440,"[""Impact""]"
62441,"[""Impact""]"
62442,"[""Impact""]"
62443,"[""Impact""]"
62444,"[""Impact""]"
62445,"[""Impact""]"
62446,"[""Impact""]"
62447,"[""Impact""]"
62448,"[""Impact""]"
62449,"[""Impact""]"
62450,"[""Impact""]"
62451,"[""Impact""]"
62452,"[""Impact""]"
62453,"[""Impact""]"
62454,"[""Impact""]"
62455,"[""Impact""]"
62456,"[""Impact""]"
62457,"[""Impact""]"
62458,"[""Impact""]"
62459,"[""Impact""]"
62460,"[""Impact""]"
62461,"[""Impact""]"
62462,"[""Impact""]"
62463,"[""Impact""]"
62464,"[""Impact""]"
62465,"[""Impact""]"
62466,"[""Impact""]"
62467,"[""Impact""]"
62468,"[""Impact""]"
62469,"[""Impact""]"
62470,"[""Impact""]"
62471,"[""Impact""]"
62472,"[""Impact""]"
62473,"[""Impact""]"
62474,"[""Impact""]"
62475,"[""Impact""]"
62476,"[""Impact""]"
62477,"[""Impact""]"
62478,"[""Impact""]"
62479,"[""Impact""]"
62480,"[""Impact""]"
62481,"[""Impact""]"
62482,"[""Impact""]"
62483,"[""Impact""]"
62484,"[""Impact""]"
62485,"[""Impact""]"
62486,"[""Impact""]"
62487,"[""Impact""]"
62488,"[""Impact""]"
62489,"[""Impact""]"
62490,"[""Impact""]"
62491,"[""Impact""]"
62492,"[""Impact""]"
62493,"[""Impact""]"
62494,"[""Impact""]"
62495,"[""Impact""]"
62496,"[""Impact""]"
62497,"[""Impact""]"
62498,"[""Impact""]"
62499,"[""Impact""]"
62500,"[""Impact""]"
62501,"[""Impact""]"
62502,"[""Impact""]"
62503,"[""Impact""]"
62504,"[""Impact""]"
62505,"[""Impact""]"
62506,"[""Impact""]"
62507,"[""Impact""]"
62508,"[""Impact""]"
62509,"[""Impact""]"
62510,"[""Impact""]"
62511,"[""Impact""]"
62512,"[""Impact""]"
62513,"[""Impact""]"
62514,"[""Impact""]"
62515,"[""Impact""]"
62516,"[""Impact""]"
62517,"[""Impact""]"
62518,"[""Impact""]"
62519,"[""Impact""]"
62520,"[""Impact""]"
62521,"[""Impact""]"
62522,"[""Impact""]"
62523,"[""Impact""]"
62524,"[""Impact""]"
62525,"[""Impact""]"
62526,"[""Impact""]"
62527,"[""Impact""]"
62528,"[""Impact""]"
62529,"[""Impact""]"
62530,"[""Impact""]"
62531,"[""Impact""]"
62532,"[""Impact""]"
62533,"[""Impact""]"
62534,"[""Impact""]"
62535,"[""Impact""]"
62536,"[""Impact""]"
62537,"[""Impact""]"
62538,"[""Impact""]"
62539,"[""Impact""]"
62540,"[""Impact""]"
62541,"[""Impact""]"
62542,"[""Impact""]"
62543,"[""Impact""]"
62544,"[""Impact""]"
62545,"[""Impact""]"
62546,"[""Impact""]"
62547,"[""Impact""]"
62548,"[""Impact""]"
62549,"[""Impact""]"
62550,"[""Impact""]"
62551,"[""Impact""]"
62552,"[""Impact""]"
62553,"[""Impact""]"
62554,"[""Impact""]"
62555,"[""Impact""]"
62556,"[""Impact""]"
62557,"[""Impact""]"
62558,"[""Impact""]"
62559,"[""Impact""]"
62560,"[""Impact""]"
62561,"[""Impact""]"
62562,"[""Impact""]"
62563,"[""Impact""]"
62564,"[""Impact""]"
62565,"[""Impact""]"
62566,"[""Impact""]"
62567,"[""Impact""]"
62568,"[""Impact""]"
62569,"[""Impact""]"
62570,"[""Impact""]"
62571,"[""Impact""]"
62572,"[""Impact""]"
62573,"[""Impact""]"
62574,"[""Impact""]"
62575,"[""Impact""]"
62576,"[""Impact""]"
62577,"[""Impact""]"
62578,"[""Impact""]"
62579,"[""Impact""]"
62580,"[""Impact""]"
62581,"[""Impact""]"
62582,"[""Impact""]"
62583,"[""Impact""]"
62584,"[""Impact""]"
62585,"[""Impact""]"
62586,"[""Impact""]"
62587,"[""Impact""]"
62588,"[""Impact""]"
62589,"[""Impact""]"
62590,"[""Impact""]"
62591,"[""Impact""]"
62592,"[""Impact""]"
62593,"[""Impact""]"
62594,"[""Impact""]"
62595,"[""Impact""]"
62596,"[""Impact""]"
62597,"[""Impact""]"
62598,"[""Impact""]"
62599,"[""Impact""]"
62600,"[""Impact""]"
62601,"[""Impact""]"
62602,"[""Impact""]"
62603,"[""Impact""]"
62604,"[""Impact""]"
62605,"[""Impact""]"
62606,"[""Impact""]"
62607,"[""Impact""]"
62608,"[""Impact""]"
62609,"[""Impact""]"
62610,"[""Impact""]"
62611,"[""Impact""]"
62612,"[""Impact""]"
62613,"[""Impact""]"
62614,"[""Impact""]"
62615,"[""Impact""]"
62616,"[""Impact""]"
62617,"[""Impact""]"
62618,"[""Impact""]"
62619,"[""Impact""]"
62620,"[""Impact""]"
62621,"[""Impact""]"
62622,"[""Impact""]"
62623,"[""Impact""]"
62624,"[""Impact""]"
62625,"[""Impact""]"
62626,"[""Impact""]"
62627,"[""Impact""]"
62628,"[""Impact""]"
62629,"[""Impact""]"
62630,"[""Impact""]"
62631,"[""Impact""]"
62632,"[""Impact""]"
62633,"[""Impact""]"
62634,"[""Impact""]"
62635,"[""Impact""]"
62636,"[""Impact""]"
62637,"[""Impact""]"
62638,"[""Impact""]"
62639,"[""Impact""]"
62640,"[""Impact""]"
62641,"[""Impact""]"
62642,"[""Impact""]"
62643,"[""Impact""]"
62644,"[""Impact""]"
62645,"[""Impact""]"
62646,"[""Impact""]"
62647,"[""Impact""]"
62648,"[""Impact""]"
62649,"[""Impact""]"
62650,"[""Impact""]"
62651,"[""Impact""]"
62652,"[""Impact""]"
62653,"[""Impact""]"
62654,"[""Impact""]"
62655,"[""Impact""]"
62656,"[""Impact""]"
62657,"[""Impact""]"
62658,"[""Impact""]"
62659,"[""Impact""]"
62660,"[""Impact""]"
62661,"[""Impact""]"
62662,"[""Impact""]"
62663,"[""Impact""]"
62664,"[""Impact""]"
62665,"[""Impact""]"
62666,"[""Impact""]"
62667,"[""Impact""]"
62668,"[""Impact""]"
62669,"[""Impact""]"
62670,"[""Impact""]"
62671,"[""Impact""]"
62672,"[""Impact""]"
62673,"[""Impact""]"
62674,"[""Impact""]"
62675,"[""Impact""]"
62676,"[""Impact""]"
62677,"[""Impact""]"
62678,"[""Impact""]"
62679,"[""Impact""]"
62680,"[""Impact""]"
62681,"[""Impact""]"
62682,"[""Impact""]"
62683,"[""Impact""]"
62684,"[""Impact""]"
62685,"[""Impact""]"
62686,"[""Impact""]"
62687,"[""Impact""]"
62688,"[""Impact""]"
62689,"[""Impact""]"
62690,"[""Impact""]"
62691,"[""Impact""]"
62692,"[""Impact""]"
62693,"[""Impact""]"
62694,"[""Impact""]"
62695,"[""Impact""]"
62696,"[""Impact""]"
62697,"[""Impact""]"
62698,"[""Impact""]"
62699,"[""Impact""]"
62700,"[""Impact""]"
62701,"[""Impact""]"
62702,"[""Impact""]"
62703,"[""Impact""]"
62704,"[""Impact""]"
62705,"[""Impact""]"
62706,"[""Impact""]"
62707,"[""Impact""]"
62708,"[""Impact""]"
62709,"[""Impact""]"
62710,"[""Impact""]"
62711,"[""Impact""]"
62712,"[""Impact""]"
62713,"[""Impact""]"
62714,"[""Impact""]"
62715,"[""Impact""]"
62716,"[""Impact""]"
62717,"[""Impact""]"
62718,"[""Impact""]"
62719,"[""Impact""]"
62720,"[""Impact""]"
62721,"[""Impact""]"
62722,"[""Impact""]"
62723,"[""Impact""]"
62724,"[""Impact""]"
62725,"[""Impact""]"
62726,"[""Impact""]"
62727,"[""Impact""]"
62728,"[""Impact""]"
62729,"[""Impact""]"
62730,"[""Impact""]"
62731,"[""Impact""]"
62732,"[""Impact""]"
62733,"[""Impact""]"
62734,"[""Impact""]"
62735,"[""Impact""]"
62736,"[""Impact""]"
62737,"[""Impact""]"
62738,"[""Impact""]"
62739,"[""Impact""]"
62740,"[""Impact""]"
62741,"[""Impact""]"
62742,"[""Impact""]"
62743,"[""Impact""]"
62744,"[""Impact""]"
62745,"[""Impact""]"
62746,"[""Impact""]"
62747,"[""Impact""]"
62748,"[""Impact""]"
62749,"[""Impact""]"
62750,"[""Impact""]"
62751,"[""Impact""]"
62752,"[""Impact""]"
62753,"[""Impact""]"
62754,"[""Impact""]"
62755,"[""Impact""]"
62756,"[""Impact""]"
62757,"[""Impact""]"
62758,"[""Impact""]"
62759,"[""Impact""]"
62760,"[""Impact""]"
62761,"[""Impact""]"
62762,"[""Impact""]"
62763,"[""Impact""]"
62764,"[""Impact""]"
62765,"[""Impact""]"
62766,"[""Impact""]"
62767,"[""Impact""]"
62768,"[""Impact""]"
62769,"[""Impact""]"
62770,"[""Impact""]"
62771,"[""Impact""]"
62772,"[""Impact""]"
62773,"[""Impact""]"
62774,"[""Impact""]"
62775,"[""Impact""]"
62776,"[""Impact""]"
62777,"[""Impact""]"
62778,"[""Impact""]"
62779,"[""Impact""]"
62780,"[""Impact""]"
62781,"[""Impact""]"
62782,"[""Impact""]"
62783,"[""Impact""]"
62784,"[""Impact""]"
62785,"[""Impact""]"
62786,"[""Impact""]"
62787,"[""Impact""]"
62788,"[""Impact""]"
62789,"[""Impact""]"
62790,"[""Impact""]"
62791,"[""Impact""]"
62792,"[""Impact""]"
62793,"[""Impact""]"
62794,"[""Impact""]"
62795,"[""Impact""]"
62796,"[""Impact""]"
62797,"[""Impact""]"
62798,"[""Impact""]"
62799,"[""Impact""]"
62800,"[""Impact""]"
62801,"[""Impact""]"
62802,"[""Impact""]"
62803,"[""Impact""]"
62804,"[""Impact""]"
62805,"[""Impact""]"
62806,"[""Impact""]"
62807,"[""Impact""]"
62808,"[""Impact""]"
62809,"[""Impact""]"
62810,"[""Impact""]"
62811,"[""Impact""]"
62812,"[""Impact""]"
62813,"[""Impact""]"
62814,"[""Impact""]"
62815,"[""Impact""]"
62816,"[""Impact""]"
62817,"[""Impact""]"
62818,"[""Impact""]"
62819,"[""Impact""]"
62820,"[""Impact""]"
62821,"[""Impact""]"
62822,"[""Impact""]"
62823,"[""Impact""]"
62824,"[""Impact""]"
62825,"[""Impact""]"
62826,"[""Impact""]"
62827,"[""Impact""]"
62828,"[""Impact""]"
62829,"[""Impact""]"
62830,"[""Impact""]"
62831,"[""Impact""]"
62832,"[""Impact""]"
62833,"[""Impact""]"
62834,"[""Impact""]"
62835,"[""Impact""]"
62836,"[""Impact""]"
62837,"[""Impact""]"
62838,"[""Impact""]"
62839,"[""Impact""]"
62840,"[""Impact""]"
62841,"[""Impact""]"
62842,"[""Impact""]"
62843,"[""Impact""]"
62844,"[""Impact""]"
62845,"[""Impact""]"
62846,"[""Impact""]"
62847,"[""Impact""]"
62848,"[""Impact""]"
62849,"[""Impact""]"
62850,"[""Impact""]"
62851,"[""Impact""]"
62852,"[""Impact""]"
62853,"[""Impact""]"
62854,"[""Impact""]"
62855,"[""Impact""]"
62856,"[""Impact""]"
62857,"[""Impact""]"
62858,"[""Impact""]"
62859,"[""Impact""]"
62860,"[""Impact""]"
62861,"[""Impact""]"
62862,"[""Impact""]"
62863,"[""Impact""]"
62864,"[""Impact""]"
62865,"[""Impact""]"
62866,"[""Impact""]"
62867,"[""Impact""]"
62868,"[""Impact""]"
62869,"[""Impact""]"
62870,"[""Impact""]"
62871,"[""Impact""]"
62872,"[""Impact""]"
62873,"[""Impact""]"
62874,"[""Impact""]"
62875,"[""Impact""]"
62876,"[""Impact""]"
62877,"[""Impact""]"
62878,"[""Impact""]"
62879,"[""Impact""]"
62880,"[""Impact""]"
62881,"[""Impact""]"
62882,"[""Impact""]"
62883,"[""Impact""]"
62884,"[""Impact""]"
62885,"[""Impact""]"
62886,"[""Impact""]"
62887,"[""Impact""]"
62888,"[""Impact""]"
62889,"[""Impact""]"
62890,"[""Impact""]"
62891,"[""Impact""]"
62892,"[""Impact""]"
62893,"[""Impact""]"
62894,"[""Impact""]"
62895,"[""Impact""]"
62896,"[""Impact""]"
62897,"[""Impact""]"
62898,"[""Impact""]"
62899,"[""Impact""]"
62900,"[""Impact""]"
62901,"[""Impact""]"
62902,"[""Impact""]"
62903,"[""Impact""]"
62904,"[""Impact""]"
62905,"[""Impact""]"
62906,"[""Impact""]"
62907,"[""Impact""]"
62908,"[""Impact""]"
62909,"[""Impact""]"
62910,"[""Impact""]"
62911,"[""Impact""]"
62912,"[""Impact""]"
62913,"[""Impact""]"
62914,"[""Impact""]"
62915,"[""Impact""]"
62916,"[""Impact""]"
62917,"[""Impact""]"
62918,"[""Impact""]"
62919,"[""Impact""]"
62920,"[""Impact""]"
62921,"[""Impact""]"
62922,"[""Impact""]"
62923,"[""Impact""]"
62924,"[""Impact""]"
62925,"[""Impact""]"
62926,"[""Impact""]"
62927,"[""Impact""]"
62928,"[""Impact""]"
62929,"[""Impact""]"
62930,"[""Impact""]"
62931,"[""Impact""]"
62932,"[""Impact""]"
62933,"[""Impact""]"
62934,"[""Impact""]"
62935,"[""Impact""]"
62936,"[""Impact""]"
62937,"[""Impact""]"
62938,"[""Impact""]"
62939,"[""Impact""]"
62940,"[""Impact""]"
62941,"[""Impact""]"
62942,"[""Impact""]"
62943,"[""Impact""]"
62944,"[""Impact""]"
62945,"[""Impact""]"
62946,"[""Impact""]"
62947,"[""Impact""]"
62948,"[""Impact""]"
62949,"[""Impact""]"
62950,"[""Impact""]"
62951,"[""Impact""]"
62952,"[""Impact""]"
62953,"[""Impact""]"
62954,"[""Impact""]"
62955,"[""Impact""]"
62956,"[""Impact""]"
62957,"[""Impact""]"
62958,"[""Impact""]"
62959,"[""Impact""]"
62960,"[""Impact""]"
62961,"[""Impact""]"
62962,"[""Impact""]"
62963,"[""Impact""]"
62964,"[""Impact""]"
62965,"[""Impact""]"
62966,"[""Impact""]"
62967,"[""Impact""]"
62968,"[""Impact""]"
62969,"[""Impact""]"
62970,"[""Impact""]"
62971,"[""Impact""]"
62972,"[""Impact""]"
62973,"[""Impact""]"
62974,"[""Impact""]"
62975,"[""Impact""]"
62976,"[""Impact""]"
62977,"[""Impact""]"
62978,"[""Impact""]"
62979,"[""Impact""]"
62980,"[""Impact""]"
62981,"[""Impact""]"
62982,"[""Impact""]"
62983,"[""Impact""]"
62984,"[""Impact""]"
62985,"[""Impact""]"
62986,"[""Impact""]"
62987,"[""Impact""]"
62988,"[""Impact""]"
62989,"[""Impact""]"
62990,"[""Impact""]"
62991,"[""Impact""]"
62992,"[""Impact""]"
62993,"[""Impact""]"
62994,"[""Impact""]"
62995,"[""Impact""]"
62996,"[""Impact""]"
62997,"[""Impact""]"
62998,"[""Impact""]"
62999,"[""Impact""]"
63000,"[""Impact""]"
63001,"[""Impact""]"
63002,"[""Impact""]"
63003,"[""Impact""]"
63004,"[""Impact""]"
63005,"[""Impact""]"
63006,"[""Impact""]"
63007,"[""Impact""]"
63008,"[""Impact""]"
63009,"[""Impact""]"
63010,"[""Impact""]"
63011,"[""Impact""]"
63012,"[""Impact""]"
63013,"[""Impact""]"
63014,"[""Impact""]"
63015,"[""Impact""]"
63016,"[""Impact""]"
63017,"[""Impact""]"
63018,"[""Impact""]"
63019,"[""Impact""]"
63020,"[""Impact""]"
63021,"[""Impact""]"
63022,"[""Impact""]"
63023,"[""Impact""]"
63024,"[""Impact""]"
63025,"[""Impact""]"
63026,"[""Impact""]"
63027,"[""Impact""]"
63028,"[""Impact""]"
63029,"[""Impact""]"
63030,"[""Impact""]"
63031,"[""Impact""]"
63032,"[""Impact""]"
63033,"[""Impact""]"
63034,"[""Impact""]"
63035,"[""Impact""]"
63036,"[""Impact""]"
63037,"[""Impact""]"
63038,"[""Impact""]"
63039,"[""Impact""]"
63040,"[""Impact""]"
63041,"[""Impact""]"
63042,"[""Impact""]"
63043,"[""Impact""]"
63044,"[""Impact""]"
63045,"[""Impact""]"
63046,"[""Impact""]"
63047,"[""Impact""]"
63048,"[""Impact""]"
63049,"[""Impact""]"
63050,"[""Impact""]"
63051,"[""Impact""]"
63052,"[""Impact""]"
63053,"[""Impact""]"
63054,"[""Impact""]"
63055,"[""Impact""]"
63056,"[""Impact""]"
63057,"[""Impact""]"
63058,"[""Impact""]"
63059,"[""Impact""]"
63060,"[""Impact""]"
63061,"[""Impact""]"
63062,"[""Impact""]"
63063,"[""Impact""]"
63064,"[""Impact""]"
63065,"[""Impact""]"
63066,"[""Impact""]"
63067,"[""Impact""]"
63068,"[""Impact""]"
63069,"[""Impact""]"
63070,"[""Impact""]"
63071,"[""Impact""]"
63072,"[""Impact""]"
63073,"[""Impact""]"
63074,"[""Impact""]"
63075,"[""Impact""]"
63076,"[""Impact""]"
63077,"[""Impact""]"
63078,"[""Impact""]"
63079,"[""Impact""]"
63080,"[""Impact""]"
63081,"[""Impact""]"
63082,"[""Impact""]"
63083,"[""Impact""]"
63084,"[""Impact""]"
63085,"[""Impact""]"
63086,"[""Impact""]"
63087,"[""Impact""]"
63088,"[""Impact""]"
63089,"[""Impact""]"
63090,"[""Impact""]"
63091,"[""Impact""]"
63092,"[""Impact""]"
63093,"[""Impact""]"
63094,"[""Impact""]"
63095,"[""Impact""]"
63096,"[""Impact""]"
63097,"[""Impact""]"
63098,"[""Impact""]"
63099,"[""Impact""]"
63100,"[""Impact""]"
63101,"[""Impact""]"
63102,"[""Impact""]"
63103,"[""Impact""]"
63104,"[""Impact""]"
63105,"[""Impact""]"
63106,"[""Impact""]"
63107,"[""Impact""]"
63108,"[""Impact""]"
63109,"[""Impact""]"
63110,"[""Impact""]"
63111,"[""Impact""]"
63112,"[""Impact""]"
63113,"[""Impact""]"
63114,"[""Impact""]"
63115,"[""Impact""]"
63116,"[""Impact""]"
63117,"[""Impact""]"
63118,"[""Impact""]"
63119,"[""Impact""]"
63120,"[""Impact""]"
63121,"[""Impact""]"
63122,"[""Impact""]"
63123,"[""Impact""]"
63124,"[""Impact""]"
63125,"[""Impact""]"
63126,"[""Impact""]"
63127,"[""Impact""]"
63128,"[""Impact""]"
63129,"[""Impact""]"
63130,"[""Impact""]"
63131,"[""Impact""]"
63132,"[""Impact""]"
63133,"[""Impact""]"
63134,"[""Impact""]"
63135,"[""Impact""]"
63136,"[""Impact""]"
63137,"[""Impact""]"
63138,"[""Impact""]"
63139,"[""Impact""]"
63140,"[""Impact""]"
63141,"[""Impact""]"
63142,"[""Impact""]"
63143,"[""Impact""]"
63144,"[""Impact""]"
63145,"[""Impact""]"
63146,"[""Impact""]"
63147,"[""Impact""]"
63148,"[""Impact""]"
63149,"[""Impact""]"
63150,"[""Impact""]"
63151,"[""Impact""]"
63152,"[""Impact""]"
63153,"[""Impact""]"
63154,"[""Impact""]"
63155,"[""Impact""]"
63156,"[""Impact""]"
63157,"[""Impact""]"
63158,"[""Impact""]"
63159,"[""Impact""]"
63160,"[""Impact""]"
63161,"[""Impact""]"
63162,"[""Impact""]"
63163,"[""Impact""]"
63164,"[""Impact""]"
63165,"[""Impact""]"
63166,"[""Impact""]"
63167,"[""Impact""]"
63168,"[""Impact""]"
63169,"[""Impact""]"
63170,"[""Impact""]"
63171,"[""Impact""]"
63172,"[""Impact""]"
63173,"[""Impact""]"
63174,"[""Impact""]"
63175,"[""Impact""]"
63176,"[""Impact""]"
63177,"[""Impact""]"
63178,"[""Impact""]"
63179,"[""Impact""]"
63180,"[""Impact""]"
63181,"[""Impact""]"
63182,"[""Impact""]"
63183,"[""Impact""]"
63184,"[""Impact""]"
63185,"[""Impact""]"
63186,"[""Impact""]"
63187,"[""Impact""]"
63188,"[""Impact""]"
63189,"[""Impact""]"
63190,"[""Impact""]"
63191,"[""Impact""]"
63192,"[""Impact""]"
63193,"[""Impact""]"
63194,"[""Impact""]"
63195,"[""Impact""]"
63196,"[""Impact""]"
63197,"[""Impact""]"
63198,"[""Impact""]"
63199,"[""Impact""]"
63200,"[""Impact""]"
63201,"[""Impact""]"
63202,"[""Impact""]"
63203,"[""Impact""]"
63204,"[""Impact""]"
63205,"[""Impact""]"
63206,"[""Impact""]"
63207,"[""Impact""]"
63208,"[""Impact""]"
63209,"[""Impact""]"
63210,"[""Impact""]"
63211,"[""Impact""]"
63212,"[""Impact""]"
63213,"[""Impact""]"
63214,"[""Impact""]"
63215,"[""Impact""]"
63216,"[""Impact""]"
63217,"[""Impact""]"
63218,"[""Impact""]"
63219,"[""Impact""]"
63220,"[""Impact""]"
63221,"[""Impact""]"
63222,"[""Impact""]"
63223,"[""Impact""]"
63224,"[""Impact""]"
63225,"[""Impact""]"
63226,"[""Impact""]"
63227,"[""Impact""]"
63228,"[""Impact""]"
63229,"[""Impact""]"
63230,"[""Impact""]"
63231,"[""Impact""]"
63232,"[""Impact""]"
63233,"[""Impact""]"
63234,"[""Impact""]"
63235,"[""Impact""]"
63236,"[""Impact""]"
63237,"[""Impact""]"
63238,"[""Impact""]"
63239,"[""Impact""]"
63240,"[""Impact""]"
63241,"[""Impact""]"
63242,"[""Impact""]"
63243,"[""Impact""]"
63244,"[""Impact""]"
63245,"[""Impact""]"
63246,"[""Impact""]"
63247,"[""Impact""]"
63248,"[""Impact""]"
63249,"[""Impact""]"
63250,"[""Impact""]"
63251,"[""Impact""]"
63252,"[""Impact""]"
63253,"[""Impact""]"
63254,"[""Impact""]"
63255,"[""Impact""]"
63256,"[""Impact""]"
63257,"[""Impact""]"
63258,"[""Impact""]"
63259,"[""Impact""]"
63260,"[""Impact""]"
63261,"[""Impact""]"
63262,"[""Impact""]"
63263,"[""Impact""]"
63264,"[""Impact""]"
63265,"[""Impact""]"
63266,"[""Impact""]"
63267,"[""Impact""]"
63268,"[""Impact""]"
63269,"[""Impact""]"
63270,"[""Impact""]"
63271,"[""Impact""]"
63272,"[""Impact""]"
63273,"[""Impact""]"
63274,"[""Impact""]"
63275,"[""Impact""]"
63276,"[""Impact""]"
63277,"[""Impact""]"
63278,"[""Impact""]"
63279,"[""Impact""]"
63280,"[""Impact""]"
63281,"[""Impact""]"
63282,"[""Impact""]"
63283,"[""Impact""]"
63284,"[""Impact""]"
63285,"[""Impact""]"
63286,"[""Impact""]"
63287,"[""Impact""]"
63288,"[""Impact""]"
63289,"[""Impact""]"
63290,"[""Impact""]"
63291,"[""Impact""]"
63292,"[""Impact""]"
63293,"[""Impact""]"
63294,"[""Impact""]"
63295,"[""Impact""]"
63296,"[""Impact""]"
63297,"[""Impact""]"
63298,"[""Impact""]"
63299,"[""Impact""]"
63300,"[""Impact""]"
63301,"[""Impact""]"
63302,"[""Impact""]"
63303,"[""Impact""]"
63304,"[""Impact""]"
63305,"[""Impact""]"
63306,"[""Impact""]"
63307,"[""Impact""]"
63308,"[""Impact""]"
63309,"[""Impact""]"
63310,"[""Impact""]"
63311,"[""Impact""]"
63312,"[""Impact""]"
63313,"[""Impact""]"
63314,"[""Impact""]"
63315,"[""Impact""]"
63316,"[""Impact""]"
63317,"[""Impact""]"
63318,"[""Impact""]"
63319,"[""Impact""]"
63320,"[""Impact""]"
63321,"[""Impact""]"
63322,"[""Impact""]"
63323,"[""Impact""]"
63324,"[""Impact""]"
63325,"[""Impact""]"
63326,"[""Impact""]"
63327,"[""Impact""]"
63328,"[""Impact""]"
63329,"[""Impact""]"
63330,"[""Impact""]"
63331,"[""Impact""]"
63332,"[""Impact""]"
63333,"[""Impact""]"
63334,"[""Impact""]"
63335,"[""Impact""]"
63336,"[""Impact""]"
63337,"[""Impact""]"
63338,"[""Impact""]"
63339,"[""Impact""]"
63340,"[""Impact""]"
63341,"[""Impact""]"
63342,"[""Impact""]"
63343,"[""Impact""]"
63344,"[""Impact""]"
63345,"[""Impact""]"
63346,"[""Impact""]"
63347,"[""Impact""]"
63348,"[""Impact""]"
63349,"[""Impact""]"
63350,"[""Impact""]"
63351,"[""Impact""]"
63352,"[""Impact""]"
63353,"[""Impact""]"
63354,"[""Impact""]"
63355,"[""Impact""]"
63356,"[""Impact""]"
63357,"[""Impact""]"
63358,"[""Impact""]"
63359,"[""Impact""]"
63360,"[""Impact""]"
63361,"[""Impact""]"
63362,"[""Impact""]"
63363,"[""Impact""]"
63364,"[""Impact""]"
63365,"[""Impact""]"
63366,"[""Impact""]"
63367,"[""Impact""]"
63368,"[""Impact""]"
63369,"[""Impact""]"
63370,"[""Impact""]"
63371,"[""Impact""]"
63372,"[""Impact""]"
63373,"[""Impact""]"
63374,"[""Impact""]"
63375,"[""Impact""]"
63376,"[""Impact""]"
63377,"[""Impact""]"
63378,"[""Impact""]"
63379,"[""Impact""]"
63380,"[""Impact""]"
63381,"[""Impact""]"
63382,"[""Impact""]"
63383,"[""Impact""]"
63384,"[""Impact""]"
63385,"[""Impact""]"
63386,"[""Impact""]"
63387,"[""Impact""]"
63388,"[""Impact""]"
63389,"[""Impact""]"
63390,"[""Impact""]"
63391,"[""Impact""]"
63392,"[""Impact""]"
63393,"[""Impact""]"
63394,"[""Impact""]"
63395,"[""Impact""]"
63396,"[""Impact""]"
63397,"[""Impact""]"
63398,"[""Impact""]"
63399,"[""Impact""]"
63400,"[""Impact""]"
63401,"[""Impact""]"
63402,"[""Impact""]"
63403,"[""Impact""]"
63404,"[""Impact""]"
63405,"[""Impact""]"
63406,"[""Impact""]"
63407,"[""Impact""]"
63408,"[""Impact""]"
63409,"[""Impact""]"
63410,"[""Impact""]"
63411,"[""Impact""]"
63412,"[""Impact""]"
63413,"[""Impact""]"
63414,"[""Impact""]"
63415,"[""Impact""]"
63416,"[""Impact""]"
63417,"[""Impact""]"
63418,"[""Impact""]"
63419,"[""Impact""]"
63420,"[""Impact""]"
63421,"[""Impact""]"
63422,"[""Impact""]"
63423,"[""Impact""]"
63424,"[""Impact""]"
63425,"[""Impact""]"
63426,"[""Impact""]"
63427,"[""Impact""]"
63428,"[""Impact""]"
63429,"[""Impact""]"
63430,"[""Impact""]"
63431,"[""Impact""]"
63432,"[""Impact""]"
63433,"[""Impact""]"
63434,"[""Impact""]"
63435,"[""Impact""]"
63436,"[""Impact""]"
63437,"[""Impact""]"
63438,"[""Impact""]"
63439,"[""Impact""]"
63440,"[""Impact""]"
63441,"[""Impact""]"
63442,"[""Impact""]"
63443,"[""Impact""]"
63444,"[""Impact""]"
63445,"[""Impact""]"
63446,"[""Impact""]"
63447,"[""Impact""]"
63448,"[""Impact""]"
63449,"[""Impact""]"
63450,"[""Impact""]"
63451,"[""Impact""]"
63452,"[""Impact""]"
63453,"[""Impact""]"
63454,"[""Impact""]"
63455,"[""Impact""]"
63456,"[""Impact""]"
63457,"[""Impact""]"
63458,"[""Impact""]"
63459,"[""Impact""]"
63460,"[""Impact""]"
63461,"[""Impact""]"
63462,"[""Impact""]"
63463,"[""Impact""]"
63464,"[""Impact""]"
63465,"[""Impact""]"
63466,"[""Impact""]"
63467,"[""Impact""]"
63468,"[""Impact""]"
63469,"[""Impact""]"
63470,"[""Impact""]"
63471,"[""Impact""]"
63472,"[""Impact""]"
63473,"[""Impact""]"
63474,"[""Impact""]"
63475,"[""Impact""]"
63476,"[""Impact""]"
63477,"[""Impact""]"
63478,"[""Impact""]"
63479,"[""Impact""]"
63480,"[""Impact""]"
63481,"[""Impact""]"
63482,"[""Impact""]"
63483,"[""Impact""]"
63484,"[""Impact""]"
63485,"[""Impact""]"
63486,"[""Impact""]"
63487,"[""Impact""]"
63488,"[""Impact""]"
63489,"[""Impact""]"
63490,"[""Impact""]"
63491,"[""Impact""]"
63492,"[""Impact""]"
63493,"[""Impact""]"
63494,"[""Impact""]"
63495,"[""Impact""]"
63496,"[""Impact""]"
63497,"[""Impact""]"
63498,"[""Impact""]"
63499,"[""Impact""]"
63500,"[""Impact""]"
63501,"[""Impact""]"
63502,"[""Impact""]"
63503,"[""Impact""]"
63504,"[""Impact""]"
63505,"[""Impact""]"
63506,"[""Impact""]"
63507,"[""Impact""]"
63508,"[""Impact""]"
63509,"[""Impact""]"
63510,"[""Impact""]"
63511,"[""Impact""]"
63512,"[""Impact""]"
63513,"[""Impact""]"
63514,"[""Impact""]"
63515,"[""Impact""]"
63516,"[""Impact""]"
63517,"[""Impact""]"
63518,"[""Impact""]"
63519,"[""Impact""]"
63520,"[""Impact""]"
63521,"[""Impact""]"
63522,"[""Impact""]"
63523,"[""Impact""]"
63524,"[""Impact""]"
63525,"[""Impact""]"
63526,"[""Impact""]"
63527,"[""Impact""]"
63528,"[""Impact""]"
63529,"[""Impact""]"
63530,"[""Impact""]"
63531,"[""Impact""]"
63532,"[""Impact""]"
63533,"[""Impact""]"
63534,"[""Impact""]"
63535,"[""Impact""]"
63536,"[""Impact""]"
63537,"[""Impact""]"
63538,"[""Impact""]"
63539,"[""Impact""]"
63540,"[""Impact""]"
63541,"[""Impact""]"
63542,"[""Impact""]"
63543,"[""Impact""]"
63544,"[""Impact""]"
63545,"[""Impact""]"
63546,"[""Impact""]"
63547,"[""Impact""]"
63548,"[""Impact""]"
63549,"[""Impact""]"
63550,"[""Impact""]"
63551,"[""Impact""]"
63552,"[""Impact""]"
63553,"[""Impact""]"
63554,"[""Impact""]"
63555,"[""Impact""]"
63556,"[""Impact""]"
63557,"[""Impact""]"
63558,"[""Impact""]"
63559,"[""Impact""]"
63560,"[""Impact""]"
63561,"[""Impact""]"
63562,"[""Impact""]"
63563,"[""Impact""]"
63564,"[""Impact""]"
63565,"[""Impact""]"
63566,"[""Impact""]"
63567,"[""Impact""]"
63568,"[""Impact""]"
63569,"[""Impact""]"
63570,"[""Impact""]"
63571,"[""Impact""]"
63572,"[""Impact""]"
63573,"[""Impact""]"
63574,"[""Impact""]"
63575,"[""Impact""]"
63576,"[""Impact""]"
63577,"[""Impact""]"
63578,"[""Impact""]"
63579,"[""Impact""]"
63580,"[""Impact""]"
63581,"[""Impact""]"
63582,"[""Impact""]"
63583,"[""Impact""]"
63584,"[""Impact""]"
63585,"[""Impact""]"
63586,"[""Impact""]"
63587,"[""Impact""]"
63588,"[""Impact""]"
63589,"[""Impact""]"
63590,"[""Impact""]"
63591,"[""Impact""]"
63592,"[""Impact""]"
63593,"[""Impact""]"
63594,"[""Impact""]"
63595,"[""Impact""]"
63596,"[""Impact""]"
63597,"[""Impact""]"
63598,"[""Impact""]"
63599,"[""Impact""]"
63600,"[""Impact""]"
63601,"[""Impact""]"
63602,"[""Impact""]"
63603,"[""Impact""]"
63604,"[""Impact""]"
63605,"[""Impact""]"
63606,"[""Impact""]"
63607,"[""Impact""]"
63608,"[""Impact""]"
63609,"[""Impact""]"
63610,"[""Impact""]"
63611,"[""Impact""]"
63612,"[""Impact""]"
63613,"[""Impact""]"
63614,"[""Impact""]"
63615,"[""Impact""]"
63616,"[""Impact""]"
63617,"[""Impact""]"
63618,"[""Impact""]"
63619,"[""Impact""]"
63620,"[""Impact""]"
63621,"[""Impact""]"
63622,"[""Impact""]"
63623,"[""Impact""]"
63624,"[""Impact""]"
63625,"[""Impact""]"
63626,"[""Impact""]"
63627,"[""Impact""]"
63628,"[""Impact""]"
63629,"[""Impact""]"
63630,"[""Impact""]"
63631,"[""Impact""]"
63632,"[""Impact""]"
63633,"[""Impact""]"
63634,"[""Impact""]"
63635,"[""Impact""]"
63636,"[""Impact""]"
63637,"[""Impact""]"
63638,"[""Impact""]"
63639,"[""Impact""]"
63640,"[""Impact""]"
63641,"[""Impact""]"
63642,"[""Impact""]"
63643,"[""Impact""]"
63644,"[""Impact""]"
63645,"[""Impact""]"
63646,"[""Impact""]"
63647,"[""Impact""]"
63648,"[""Impact""]"
63649,"[""Impact""]"
63650,"[""Impact""]"
63651,"[""Impact""]"
63652,"[""Impact""]"
63653,"[""Impact""]"
63654,"[""Impact""]"
63655,"[""Impact""]"
63656,"[""Impact""]"
63657,"[""Impact""]"
63658,"[""Impact""]"
63659,"[""Impact""]"
63660,"[""Impact""]"
63661,"[""Impact""]"
63662,"[""Impact""]"
63663,"[""Impact""]"
63664,"[""Impact""]"
63665,"[""Impact""]"
63666,"[""Impact""]"
63667,"[""Impact""]"
63668,"[""Impact""]"
63669,"[""Impact""]"
63670,"[""Impact""]"
63671,"[""Impact""]"
63672,"[""Impact""]"
63673,"[""Impact""]"
63674,"[""Impact""]"
63675,"[""Impact""]"
63676,"[""Impact""]"
63677,"[""Impact""]"
63678,"[""Impact""]"
63679,"[""Impact""]"
63680,"[""Impact""]"
63681,"[""Impact""]"
63682,"[""Impact""]"
63683,"[""Impact""]"
63684,"[""Impact""]"
63685,"[""Impact""]"
63686,"[""Impact""]"
63687,"[""Impact""]"
63688,"[""Impact""]"
63689,"[""Impact""]"
63690,"[""Impact""]"
63691,"[""Impact""]"
63692,"[""Impact""]"
63693,"[""Impact""]"
63694,"[""Impact""]"
63695,"[""Impact""]"
63696,"[""Impact""]"
63697,"[""Impact""]"
63698,"[""Impact""]"
63699,"[""Impact""]"
63700,"[""Impact""]"
63701,"[""Impact""]"
63702,"[""Impact""]"
63703,"[""Impact""]"
63704,"[""Impact""]"
63705,"[""Impact""]"
63706,"[""Impact""]"
63707,"[""Impact""]"
63708,"[""Impact""]"
63709,"[""Impact""]"
63710,"[""Impact""]"
63711,"[""Impact""]"
63712,"[""Impact""]"
63713,"[""Impact""]"
63714,"[""Impact""]"
63715,"[""Impact""]"
63716,"[""Impact""]"
63717,"[""Impact""]"
63718,"[""Impact""]"
63719,"[""Impact""]"
63720,"[""Impact""]"
63721,"[""Impact""]"
63722,"[""Impact""]"
63723,"[""Impact""]"
63724,"[""Impact""]"
63725,"[""Impact""]"
63726,"[""Impact""]"
63727,"[""Impact""]"
63728,"[""Impact""]"
63729,"[""Impact""]"
63730,"[""Impact""]"
63731,"[""Impact""]"
63732,"[""Impact""]"
63733,"[""Impact""]"
63734,"[""Impact""]"
63735,"[""Impact""]"
63736,"[""Impact""]"
63737,"[""Impact""]"
63738,"[""Impact""]"
63739,"[""Impact""]"
63740,"[""Impact""]"
63741,"[""Impact""]"
63742,"[""Impact""]"
63743,"[""Impact""]"
63744,"[""Impact""]"
63745,"[""Impact""]"
63746,"[""Impact""]"
63747,"[""Impact""]"
63748,"[""Impact""]"
63749,"[""Impact""]"
63750,"[""Impact""]"
63751,"[""Impact""]"
63752,"[""Impact""]"
63753,"[""Impact""]"
63754,"[""Impact""]"
63755,"[""Impact""]"
63756,"[""Impact""]"
63757,"[""Impact""]"
63758,"[""Impact""]"
63759,"[""Impact""]"
63760,"[""Impact""]"
63761,"[""Impact""]"
63762,"[""Impact""]"
63763,"[""Impact""]"
63764,"[""Impact""]"
63765,"[""Impact""]"
63766,"[""Impact""]"
63767,"[""Impact""]"
63768,"[""Impact""]"
63769,"[""Impact""]"
63770,"[""Impact""]"
63771,"[""Impact""]"
63772,"[""Impact""]"
63773,"[""Impact""]"
63774,"[""Impact""]"
63775,"[""Impact""]"
63776,"[""Impact""]"
63777,"[""Impact""]"
63778,"[""Impact""]"
63779,"[""Impact""]"
63780,"[""Impact""]"
63781,"[""Impact""]"
63782,"[""Impact""]"
63783,"[""Impact""]"
63784,"[""Impact""]"
63785,"[""Impact""]"
63786,"[""Impact""]"
63787,"[""Impact""]"
63788,"[""Impact""]"
63789,"[""Impact""]"
63790,"[""Impact""]"
63791,"[""Impact""]"
63792,"[""Impact""]"
63793,"[""Impact""]"
63794,"[""Impact""]"
63795,"[""Impact""]"
63796,"[""Impact""]"
63797,"[""Impact""]"
63798,"[""Impact""]"
63799,"[""Impact""]"
63800,"[""Impact""]"
63801,"[""Impact""]"
63802,"[""Impact""]"
63803,"[""Impact""]"
63804,"[""Impact""]"
63805,"[""Impact""]"
63806,"[""Impact""]"
63807,"[""Impact""]"
63808,"[""Impact""]"
63809,"[""Impact""]"
63810,"[""Impact""]"
63811,"[""Impact""]"
63812,"[""Impact""]"
63813,"[""Impact""]"
63814,"[""Impact""]"
63815,"[""Impact""]"
63816,"[""Impact""]"
63817,"[""Impact""]"
63818,"[""Impact""]"
63819,"[""Impact""]"
63820,"[""Impact""]"
63821,"[""Impact""]"
63822,"[""Impact""]"
63823,"[""Impact""]"
63824,"[""Impact""]"
63825,"[""Impact""]"
63826,"[""Impact""]"
63827,"[""Impact""]"
63828,"[""Impact""]"
63829,"[""Impact""]"
63830,"[""Impact""]"
63831,"[""Impact""]"
63832,"[""Impact""]"
63833,"[""Impact""]"
63834,"[""Impact""]"
63835,"[""Impact""]"
63836,"[""Impact""]"
63837,"[""Impact""]"
63838,"[""Impact""]"
63839,"[""Impact""]"
63840,"[""Impact""]"
63841,"[""Impact""]"
63842,"[""Impact""]"
63843,"[""Impact""]"
63844,"[""Impact""]"
63845,"[""Impact""]"
63846,"[""Impact""]"
63847,"[""Impact""]"
63848,"[""Impact""]"
63849,"[""Impact""]"
63850,"[""Impact""]"
63851,"[""Impact""]"
63852,"[""Impact""]"
63853,"[""Impact""]"
63854,"[""Impact""]"
63855,"[""Impact""]"
63856,"[""Impact""]"
63857,"[""Impact""]"
63858,"[""Impact""]"
63859,"[""Impact""]"
63860,"[""Impact""]"
63861,"[""Impact""]"
63862,"[""Impact""]"
63863,"[""Impact""]"
63864,"[""Impact""]"
63865,"[""Impact""]"
63866,"[""Impact""]"
63867,"[""Impact""]"
63868,"[""Impact""]"
63869,"[""Impact""]"
63870,"[""Impact""]"
63871,"[""Impact""]"
63872,"[""Impact""]"
63873,"[""Impact""]"
63874,"[""Impact""]"
63875,"[""Impact""]"
63876,"[""Impact""]"
63877,"[""Impact""]"
63878,"[""Impact""]"
63879,"[""Impact""]"
63880,"[""Impact""]"
63881,"[""Impact""]"
63882,"[""Impact""]"
63883,"[""Impact""]"
63884,"[""Impact""]"
63885,"[""Impact""]"
63886,"[""Impact""]"
63887,"[""Impact""]"
63888,"[""Impact""]"
63889,"[""Impact""]"
63890,"[""Impact""]"
63891,"[""Impact""]"
63892,"[""Impact""]"
63893,"[""Impact""]"
63894,"[""Impact""]"
63895,"[""Impact""]"
63896,"[""Impact""]"
63897,"[""Impact""]"
63898,"[""Impact""]"
63899,"[""Impact""]"
63900,"[""Impact""]"
63901,"[""Impact""]"
63902,"[""Impact""]"
63903,"[""Impact""]"
63904,"[""Impact""]"
63905,"[""Impact""]"
63906,"[""Impact""]"
63907,"[""Impact""]"
63908,"[""Impact""]"
63909,"[""Impact""]"
63910,"[""Impact""]"
63911,"[""Impact""]"
63912,"[""Impact""]"
63913,"[""Impact""]"
63914,"[""Impact""]"
63915,"[""Impact""]"
63916,"[""Impact""]"
63917,"[""Impact""]"
63918,"[""Impact""]"
63919,"[""Impact""]"
63920,"[""Impact""]"
63921,"[""Impact""]"
63922,"[""Impact""]"
63923,"[""Impact""]"
63924,"[""Impact""]"
63925,"[""Impact""]"
63926,"[""Impact""]"
63927,"[""Impact""]"
63928,"[""Impact""]"
63929,"[""Impact""]"
63930,"[""Impact""]"
63931,"[""Impact""]"
63932,"[""Impact""]"
63933,"[""Impact""]"
63934,"[""Impact""]"
63935,"[""Impact""]"
63936,"[""Impact""]"
63937,"[""Impact""]"
63938,"[""Impact""]"
63939,"[""Impact""]"
63940,"[""Impact""]"
63941,"[""Impact""]"
63942,"[""Impact""]"
63943,"[""Impact""]"
63944,"[""Impact""]"
63945,"[""Impact""]"
63946,"[""Impact""]"
63947,"[""Impact""]"
63948,"[""Impact""]"
63949,"[""Impact""]"
63950,"[""Impact""]"
63951,"[""Impact""]"
63952,"[""Impact""]"
63953,"[""Impact""]"
63954,"[""Impact""]"
63955,"[""Impact""]"
63956,"[""Impact""]"
63957,"[""Impact""]"
63958,"[""Impact""]"
63959,"[""Impact""]"
63960,"[""Impact""]"
63961,"[""Impact""]"
63962,"[""Impact""]"
63963,"[""Impact""]"
63964,"[""Impact""]"
63965,"[""Impact""]"
63966,"[""Impact""]"
63967,"[""Impact""]"
63968,"[""Impact""]"
63969,"[""Impact""]"
63970,"[""Impact""]"
63971,"[""Impact""]"
63972,"[""Impact""]"
63973,"[""Impact""]"
63974,"[""Impact""]"
63975,"[""Impact""]"
63976,"[""Impact""]"
63977,"[""Impact""]"
63978,"[""Impact""]"
63979,"[""Impact""]"
63980,"[""Impact""]"
63981,"[""Impact""]"
63982,"[""Impact""]"
63983,"[""Impact""]"
63984,"[""Impact""]"
63985,"[""Impact""]"
63986,"[""Impact""]"
63987,"[""Impact""]"
63988,"[""Impact""]"
63989,"[""Impact""]"
63990,"[""Impact""]"
63991,"[""Impact""]"
63992,"[""Impact""]"
63993,"[""Impact""]"
63994,"[""Impact""]"
63995,"[""Impact""]"
63996,"[""Impact""]"
63997,"[""Impact""]"
63998,"[""Impact""]"
63999,"[""Impact""]"
64000,"[""Impact""]"
64001,"[""Impact""]"
64002,"[""Impact""]"
64003,"[""Impact""]"
64004,"[""Impact""]"
64005,"[""Impact""]"
64006,"[""Impact""]"
64007,"[""Impact""]"
64008,"[""Impact""]"
64009,"[""Impact""]"
64010,"[""Impact""]"
64011,"[""Impact""]"
64012,"[""Impact""]"
64013,"[""Impact""]"
64014,"[""Impact""]"
64015,"[""Impact""]"
64016,"[""Impact""]"
64017,"[""Impact""]"
64018,"[""Impact""]"
64019,"[""Impact""]"
64020,"[""Impact""]"
64021,"[""Impact""]"
64022,"[""Impact""]"
64023,"[""Impact""]"
64024,"[""Impact""]"
64025,"[""Impact""]"
64026,"[""Impact""]"
64027,"[""Impact""]"
64028,"[""Impact""]"
64029,"[""Impact""]"
64030,"[""Impact""]"
64031,"[""Impact""]"
64032,"[""Impact""]"
64033,"[""Impact""]"
64034,"[""Impact""]"
64035,"[""Impact""]"
64036,"[""Impact""]"
64037,"[""Impact""]"
64038,"[""Impact""]"
64039,"[""Impact""]"
64040,"[""Impact""]"
64041,"[""Impact""]"
64042,"[""Impact""]"
64043,"[""Impact""]"
64044,"[""Impact""]"
64045,"[""Impact""]"
64046,"[""Impact""]"
64047,"[""Impact""]"
64048,"[""Impact""]"
64049,"[""Impact""]"
64050,"[""Impact""]"
64051,"[""Impact""]"
64052,"[""Impact""]"
64053,"[""Impact""]"
64054,"[""Impact""]"
64055,"[""Impact""]"
64056,"[""Impact""]"
64057,"[""Impact""]"
64058,"[""Impact""]"
64059,"[""Impact""]"
64060,"[""Impact""]"
64061,"[""Impact""]"
64062,"[""Impact""]"
64063,"[""Impact""]"
64064,"[""Impact""]"
64065,"[""Impact""]"
64066,"[""Impact""]"
64067,"[""Impact""]"
64068,"[""Impact""]"
64069,"[""Impact""]"
64070,"[""Impact""]"
64071,"[""Impact""]"
64072,"[""Impact""]"
64073,"[""Impact""]"
64074,"[""Impact""]"
64075,"[""Impact""]"
64076,"[""Impact""]"
64077,"[""Impact""]"
64078,"[""Impact""]"
64079,"[""Impact""]"
64080,"[""Impact""]"
64081,"[""Impact""]"
64082,"[""Impact""]"
64083,"[""Impact""]"
64084,"[""Impact""]"
64085,"[""Impact""]"
64086,"[""Impact""]"
64087,"[""Impact""]"
64088,"[""Impact""]"
64089,"[""Impact""]"
64090,"[""Impact""]"
64091,"[""Impact""]"
64092,"[""Impact""]"
64093,"[""Impact""]"
64094,"[""Impact""]"
64095,"[""Impact""]"
64096,"[""Impact""]"
64097,"[""Impact""]"
64098,"[""Impact""]"
64099,"[""Impact""]"
64100,"[""Impact""]"
64101,"[""Impact""]"
64102,"[""Impact""]"
64103,"[""Impact""]"
64104,"[""Impact""]"
64105,"[""Impact""]"
64106,"[""Impact""]"
64107,"[""Impact""]"
64108,"[""Impact""]"
64109,"[""Impact""]"
64110,"[""Impact""]"
64111,"[""Impact""]"
64112,"[""Impact""]"
64113,"[""Impact""]"
64114,"[""Impact""]"
64115,"[""Impact""]"
64116,"[""Impact""]"
64117,"[""Impact""]"
64118,"[""Impact""]"
64119,"[""Impact""]"
64120,"[""Impact""]"
64121,"[""Impact""]"
64122,"[""Impact""]"
64123,"[""Impact""]"
64124,"[""Impact""]"
64125,"[""Impact""]"
64126,"[""Impact""]"
64127,"[""Impact""]"
64128,"[""Impact""]"
64129,"[""Impact""]"
64130,"[""Impact""]"
64131,"[""Impact""]"
64132,"[""Impact""]"
64133,"[""Impact""]"
64134,"[""Impact""]"
64135,"[""Impact""]"
64136,"[""Impact""]"
64137,"[""Impact""]"
64138,"[""Impact""]"
64139,"[""Impact""]"
64140,"[""Impact""]"
64141,"[""Impact""]"
64142,"[""Impact""]"
64143,"[""Impact""]"
64144,"[""Impact""]"
64145,"[""Impact""]"
64146,"[""Impact""]"
64147,"[""Impact""]"
64148,"[""Impact""]"
64149,"[""Impact""]"
64150,"[""Impact""]"
64151,"[""Impact""]"
64152,"[""Impact""]"
64153,"[""Impact""]"
64154,"[""Impact""]"
64155,"[""Impact""]"
64156,"[""Impact""]"
64157,"[""Impact""]"
64158,"[""Impact""]"
64159,"[""Impact""]"
64160,"[""Impact""]"
64161,"[""Impact""]"
64162,"[""Impact""]"
64163,"[""Impact""]"
64164,"[""Impact""]"
64165,"[""Impact""]"
64166,"[""Impact""]"
64167,"[""Impact""]"
64168,"[""Impact""]"
64169,"[""Impact""]"
64170,"[""Impact""]"
64171,"[""Impact""]"
64172,"[""Impact""]"
64173,"[""Impact""]"
64174,"[""Impact""]"
64175,"[""Impact""]"
64176,"[""Impact""]"
64177,"[""Impact""]"
64178,"[""Impact""]"
64179,"[""Impact""]"
64180,"[""Impact""]"
64181,"[""Impact""]"
64182,"[""Impact""]"
64183,"[""Impact""]"
64184,"[""Impact""]"
64185,"[""Impact""]"
64186,"[""Impact""]"
64187,"[""Impact""]"
64188,"[""Impact""]"
64189,"[""Impact""]"
64190,"[""Impact""]"
64191,"[""Impact""]"
64192,"[""Impact""]"
64193,"[""Impact""]"
64194,"[""Impact""]"
64195,"[""Impact""]"
64196,"[""Impact""]"
64197,"[""Impact""]"
64198,"[""Impact""]"
64199,"[""Impact""]"
64200,"[""Impact""]"
64201,"[""Impact""]"
64202,"[""Impact""]"
64203,"[""Impact""]"
64204,"[""Impact""]"
64205,"[""Impact""]"
64206,"[""Impact""]"
64207,"[""Impact""]"
64208,"[""Impact""]"
64209,"[""Impact""]"
64210,"[""Impact""]"
64211,"[""Impact""]"
64212,"[""Impact""]"
64213,"[""Impact""]"
64214,"[""Impact""]"
64215,"[""Impact""]"
64216,"[""Impact""]"
64217,"[""Impact""]"
64218,"[""Impact""]"
64219,"[""Impact""]"
64220,"[""Impact""]"
64221,"[""Impact""]"
64222,"[""Impact""]"
64223,"[""Impact""]"
64224,"[""Impact""]"
64225,"[""Impact""]"
64226,"[""Impact""]"
64227,"[""Impact""]"
64228,"[""Impact""]"
64229,"[""Impact""]"
64230,"[""Impact""]"
64231,"[""Impact""]"
64232,"[""Impact""]"
64233,"[""Impact""]"
64234,"[""Impact""]"
64235,"[""Impact""]"
64236,"[""Impact""]"
64237,"[""Impact""]"
64238,"[""Impact""]"
64239,"[""Impact""]"
64240,"[""Impact""]"
64241,"[""Impact""]"
64242,"[""Impact""]"
64243,"[""Impact""]"
64244,"[""Impact""]"
64245,"[""Impact""]"
64246,"[""Impact""]"
64247,"[""Impact""]"
64248,"[""Impact""]"
64249,"[""Impact""]"
64250,"[""Impact""]"
64251,"[""Impact""]"
64252,"[""Impact""]"
64253,"[""Impact""]"
64254,"[""Impact""]"
64255,"[""Impact""]"
64256,"[""Impact""]"
64257,"[""Impact""]"
64258,"[""Impact""]"
64259,"[""Impact""]"
64260,"[""Impact""]"
64261,"[""Impact""]"
64262,"[""Impact""]"
64263,"[""Impact""]"
64264,"[""Impact""]"
64265,"[""Impact""]"
64266,"[""Impact""]"
64267,"[""Impact""]"
64268,"[""Impact""]"
64269,"[""Impact""]"
64270,"[""Impact""]"
64271,"[""Impact""]"
64272,"[""Impact""]"
64273,"[""Impact""]"
64274,"[""Impact""]"
64275,"[""Impact""]"
64276,"[""Impact""]"
64277,"[""Impact""]"
64278,"[""Impact""]"
64279,"[""Impact""]"
64280,"[""Impact""]"
64281,"[""Impact""]"
64282,"[""Impact""]"
64283,"[""Impact""]"
64284,"[""Impact""]"
64285,"[""Impact""]"
64286,"[""Impact""]"
64287,"[""Impact""]"
64288,"[""Impact""]"
64289,"[""Impact""]"
64290,"[""Impact""]"
64291,"[""Impact""]"
64292,"[""Impact""]"
64293,"[""Impact""]"
64294,"[""Impact""]"
64295,"[""Impact""]"
64296,"[""Impact""]"
64297,"[""Impact""]"
64298,"[""Impact""]"
64299,"[""Impact""]"
64300,"[""Impact""]"
64301,"[""Impact""]"
64302,"[""Impact""]"
64303,"[""Impact""]"
64304,"[""Impact""]"
64305,"[""Impact""]"
64306,"[""Impact""]"
64307,"[""Impact""]"
64308,"[""Impact""]"
64309,"[""Impact""]"
64310,"[""Impact""]"
64311,"[""Impact""]"
64312,"[""Impact""]"
64313,"[""Impact""]"
64314,"[""Impact""]"
64315,"[""Impact""]"
64316,"[""Impact""]"
64317,"[""Impact""]"
64318,"[""Impact""]"
64319,"[""Impact""]"
64320,"[""Impact""]"
64321,"[""Impact""]"
64322,"[""Impact""]"
64323,"[""Impact""]"
64324,"[""Impact""]"
64325,"[""Impact""]"
64326,"[""Impact""]"
64327,"[""Impact""]"
64328,"[""Impact""]"
64329,"[""Impact""]"
64330,"[""Impact""]"
64331,"[""Impact""]"
64332,"[""Impact""]"
64333,"[""Impact""]"
64334,"[""Impact""]"
64335,"[""Impact""]"
64336,"[""Impact""]"
64337,"[""Impact""]"
64338,"[""Impact""]"
64339,"[""Impact""]"
64340,"[""Impact""]"
64341,"[""Impact""]"
64342,"[""Impact""]"
64343,"[""Impact""]"
64344,"[""Impact""]"
64345,"[""Impact""]"
64346,"[""Impact""]"
64347,"[""Impact""]"
64348,"[""Impact""]"
64349,"[""Impact""]"
64350,"[""Impact""]"
64351,"[""Impact""]"
64352,"[""Impact""]"
64353,"[""Impact""]"
64354,"[""Impact""]"
64355,"[""Impact""]"
64356,"[""Impact""]"
64357,"[""Impact""]"
64358,"[""Impact""]"
64359,"[""Impact""]"
64360,"[""Impact""]"
64361,"[""Impact""]"
64362,"[""Impact""]"
64363,"[""Impact""]"
64364,"[""Impact""]"
64365,"[""Impact""]"
64366,"[""Impact""]"
64367,"[""Impact""]"
64368,"[""Impact""]"
64369,"[""Impact""]"
64370,"[""Impact""]"
64371,"[""Impact""]"
64372,"[""Impact""]"
64373,"[""Impact""]"
64374,"[""Impact""]"
64375,"[""Impact""]"
64376,"[""Impact""]"
64377,"[""Impact""]"
64378,"[""Impact""]"
64379,"[""Impact""]"
64380,"[""Impact""]"
64381,"[""Impact""]"
64382,"[""Impact""]"
64383,"[""Impact""]"
64384,"[""Impact""]"
64385,"[""Impact""]"
64386,"[""Impact""]"
64387,"[""Impact""]"
64388,"[""Impact""]"
64389,"[""Impact""]"
64390,"[""Impact""]"
64391,"[""Impact""]"
64392,"[""Impact""]"
64393,"[""Impact""]"
64394,"[""Impact""]"
64395,"[""Impact""]"
64396,"[""Impact""]"
64397,"[""Impact""]"
64398,"[""Impact""]"
64399,"[""Impact""]"
64400,"[""Impact""]"
64401,"[""Impact""]"
64402,"[""Impact""]"
64403,"[""Impact""]"
64404,"[""Impact""]"
64405,"[""Impact""]"
64406,"[""Impact""]"
64407,"[""Impact""]"
64408,"[""Impact""]"
64409,"[""Impact""]"
64410,"[""Impact""]"
64411,"[""Impact""]"
64412,"[""Impact""]"
64413,"[""Impact""]"
64414,"[""Impact""]"
64415,"[""Impact""]"
64416,"[""Impact""]"
64417,"[""Impact""]"
64418,"[""Impact""]"
64419,"[""Impact""]"
64420,"[""Impact""]"
64421,"[""Impact""]"
64422,"[""Impact""]"
64423,"[""Impact""]"
64424,"[""Impact""]"
64425,"[""Impact""]"
64426,"[""Impact""]"
64427,"[""Impact""]"
64428,"[""Impact""]"
64429,"[""Impact""]"
64430,"[""Impact""]"
64431,"[""Impact""]"
64432,"[""Impact""]"
64433,"[""Impact""]"
64434,"[""Impact""]"
64435,"[""Impact""]"
64436,"[""Impact""]"
64437,"[""Impact""]"
64438,"[""Impact""]"
64439,"[""Impact""]"
64440,"[""Impact""]"
64441,"[""Impact""]"
64442,"[""Impact""]"
64443,"[""Impact""]"
64444,"[""Impact""]"
64445,"[""Impact""]"
64446,"[""Impact""]"
64447,"[""Impact""]"
64448,"[""Impact""]"
64449,"[""Impact""]"
64450,"[""Impact""]"
64451,"[""Impact""]"
64452,"[""Impact""]"
64453,"[""Impact""]"
64454,"[""Impact""]"
64455,"[""Impact""]"
64456,"[""Impact""]"
64457,"[""Impact""]"
64458,"[""Impact""]"
64459,"[""Impact""]"
64460,"[""Impact""]"
64461,"[""Impact""]"
64462,"[""Impact""]"
64463,"[""Impact""]"
64464,"[""Impact""]"
64465,"[""Impact""]"
64466,"[""Impact""]"
64467,"[""Impact""]"
64468,"[""Impact""]"
64469,"[""Impact""]"
64470,"[""Impact""]"
64471,"[""Impact""]"
64472,"[""Impact""]"
64473,"[""Impact""]"
64474,"[""Impact""]"
64475,"[""Impact""]"
64476,"[""Impact""]"
64477,"[""Impact""]"
64478,"[""Impact""]"
64479,"[""Impact""]"
64480,"[""Impact""]"
64481,"[""Impact""]"
64482,"[""Impact""]"
64483,"[""Impact""]"
64484,"[""Impact""]"
64485,"[""Impact""]"
64486,"[""Impact""]"
64487,"[""Impact""]"
64488,"[""Impact""]"
64489,"[""Impact""]"
64490,"[""Impact""]"
64491,"[""Impact""]"
64492,"[""Impact""]"
64493,"[""Impact""]"
64494,"[""Impact""]"
64495,"[""Impact""]"
64496,"[""Impact""]"
64497,"[""Impact""]"
64498,"[""Impact""]"
64499,"[""Impact""]"
64500,"[""Impact""]"
64501,"[""Impact""]"
64502,"[""Impact""]"
64503,"[""Impact""]"
64504,"[""Impact""]"
64505,"[""Impact""]"
64506,"[""Impact""]"
64507,"[""Impact""]"
64508,"[""Impact""]"
64509,"[""Impact""]"
64510,"[""Impact""]"
64511,"[""Impact""]"
64512,"[""Impact""]"
64513,"[""Impact""]"
64514,"[""Impact""]"
64515,"[""Impact""]"
64516,"[""Impact""]"
64517,"[""Impact""]"
64518,"[""Impact""]"
64519,"[""Impact""]"
64520,"[""Impact""]"
64521,"[""Impact""]"
64522,"[""Impact""]"
64523,"[""Impact""]"
64524,"[""Impact""]"
64525,"[""Impact""]"
64526,"[""Impact""]"
64527,"[""Impact""]"
64528,"[""Impact""]"
64529,"[""Impact""]"
64530,"[""Impact""]"
64531,"[""Impact""]"
64532,"[""Impact""]"
64533,"[""Impact""]"
64534,"[""Impact""]"
64535,"[""Impact""]"
64536,"[""Impact""]"
64537,"[""Impact""]"
64538,"[""Impact""]"
64539,"[""Impact""]"
64540,"[""Impact""]"
64541,"[""Impact""]"
64542,"[""Impact""]"
64543,"[""Impact""]"
64544,"[""Impact""]"
64545,"[""Impact""]"
64546,"[""Impact""]"
64547,"[""Impact""]"
64548,"[""Impact""]"
64549,"[""Impact""]"
64550,"[""Impact""]"
64551,"[""Impact""]"
64552,"[""Impact""]"
64553,"[""Impact""]"
64554,"[""Impact""]"
64555,"[""Impact""]"
64556,"[""Impact""]"
64557,"[""Impact""]"
64558,"[""Impact""]"
64559,"[""Impact""]"
64560,"[""Impact""]"
64561,"[""Impact""]"
64562,"[""Impact""]"
64563,"[""Impact""]"
64564,"[""Impact""]"
64565,"[""Impact""]"
64566,"[""Impact""]"
64567,"[""Impact""]"
64568,"[""Impact""]"
64569,"[""Impact""]"
64570,"[""Impact""]"
64571,"[""Impact""]"
64572,"[""Impact""]"
64573,"[""Impact""]"
64574,"[""Impact""]"
64575,"[""Impact""]"
64576,"[""Impact""]"
64577,"[""Impact""]"
64578,"[""Impact""]"
64579,"[""Impact""]"
64580,"[""Impact""]"
64581,"[""Impact""]"
64582,"[""Impact""]"
64583,"[""Impact""]"
64584,"[""Impact""]"
64585,"[""Impact""]"
64586,"[""Impact""]"
64587,"[""Impact""]"
64588,"[""Impact""]"
64589,"[""Impact""]"
64590,"[""Impact""]"
64591,"[""Impact""]"
64592,"[""Impact""]"
64593,"[""Impact""]"
64594,"[""Impact""]"
64595,"[""Impact""]"
64596,"[""Impact""]"
64597,"[""Impact""]"
64598,"[""Impact""]"
64599,"[""Impact""]"
64600,"[""Impact""]"
64601,"[""Impact""]"
64602,"[""Impact""]"
64603,"[""Impact""]"
64604,"[""Impact""]"
64605,"[""Impact""]"
64606,"[""Impact""]"
64607,"[""Impact""]"
64608,"[""Impact""]"
64609,"[""Impact""]"
64610,"[""Impact""]"
64611,"[""Impact""]"
64612,"[""Impact""]"
64613,"[""Impact""]"
64614,"[""Impact""]"
64615,"[""Impact""]"
64616,"[""Impact""]"
64617,"[""Impact""]"
64618,"[""Impact""]"
64619,"[""Impact""]"
64620,"[""Impact""]"
64621,"[""Impact""]"
64622,"[""Impact""]"
64623,"[""Impact""]"
64624,"[""Impact""]"
64625,"[""Impact""]"
64626,"[""Impact""]"
64627,"[""Impact""]"
64628,"[""Impact""]"
64629,"[""Impact""]"
64630,"[""Impact""]"
64631,"[""Impact""]"
64632,"[""Impact""]"
64633,"[""Impact""]"
64634,"[""Impact""]"
64635,"[""Impact""]"
64636,"[""Impact""]"
64637,"[""Impact""]"
64638,"[""Impact""]"
64639,"[""Impact""]"
64640,"[""Impact""]"
64641,"[""Impact""]"
64642,"[""Impact""]"
64643,"[""Impact""]"
64644,"[""Impact""]"
64645,"[""Impact""]"
64646,"[""Impact""]"
64647,"[""Impact""]"
64648,"[""Impact""]"
64649,"[""Impact""]"
64650,"[""Impact""]"
64651,"[""Impact""]"
64652,"[""Impact""]"
64653,"[""Impact""]"
64654,"[""Impact""]"
64655,"[""Impact""]"
64656,"[""Impact""]"
64657,"[""Impact""]"
64658,"[""Impact""]"
64659,"[""Impact""]"
64660,"[""Impact""]"
64661,"[""Impact""]"
64662,"[""Impact""]"
64663,"[""Impact""]"
64664,"[""Impact""]"
64665,"[""Impact""]"
64666,"[""Impact""]"
64667,"[""Impact""]"
64668,"[""Impact""]"
64669,"[""Impact""]"
64670,"[""Impact""]"
64671,"[""Impact""]"
64672,"[""Impact""]"
64673,"[""Impact""]"
64674,"[""Impact""]"
64675,"[""Impact""]"
64676,"[""Impact""]"
64677,"[""Impact""]"
64678,"[""Impact""]"
64679,"[""Impact""]"
64680,"[""Impact""]"
64681,"[""Impact""]"
64682,"[""Impact""]"
64683,"[""Impact""]"
64684,"[""Impact""]"
64685,"[""Impact""]"
64686,"[""Impact""]"
64687,"[""Impact""]"
64688,"[""Impact""]"
64689,"[""Impact""]"
64690,"[""Impact""]"
64691,"[""Impact""]"
64692,"[""Impact""]"
64693,"[""Impact""]"
64694,"[""Impact""]"
64695,"[""Impact""]"
64696,"[""Impact""]"
64697,"[""Impact""]"
64698,"[""Impact""]"
64699,"[""Impact""]"
64700,"[""Impact""]"
64701,"[""Impact""]"
64702,"[""Impact""]"
64703,"[""Impact""]"
64704,"[""Impact""]"
64705,"[""Impact""]"
64706,"[""Impact""]"
64707,"[""Impact""]"
64708,"[""Impact""]"
64709,"[""Impact""]"
64710,"[""Impact""]"
64711,"[""Impact""]"
64712,"[""Impact""]"
64713,"[""Impact""]"
64714,"[""Impact""]"
64715,"[""Impact""]"
64716,"[""Impact""]"
64717,"[""Impact""]"
64718,"[""Impact""]"
64719,"[""Impact""]"
64720,"[""Impact""]"
64721,"[""Impact""]"
64722,"[""Impact""]"
64723,"[""Impact""]"
64724,"[""Impact""]"
64725,"[""Impact""]"
64726,"[""Impact""]"
64727,"[""Impact""]"
64728,"[""Impact""]"
64729,"[""Impact""]"
64730,"[""Impact""]"
64731,"[""Impact""]"
64732,"[""Impact""]"
64733,"[""Impact""]"
64734,"[""Impact""]"
64735,"[""Impact""]"
64736,"[""Impact""]"
64737,"[""Impact""]"
64738,"[""Impact""]"
64739,"[""Impact""]"
64740,"[""Impact""]"
64741,"[""Impact""]"
64742,"[""Impact""]"
64743,"[""Impact""]"
64744,"[""Impact""]"
64745,"[""Impact""]"
64746,"[""Impact""]"
64747,"[""Impact""]"
64748,"[""Impact""]"
64749,"[""Impact""]"
64750,"[""Impact""]"
64751,"[""Impact""]"
64752,"[""Impact""]"
64753,"[""Impact""]"
64754,"[""Impact""]"
64755,"[""Impact""]"
64756,"[""Impact""]"
64757,"[""Impact""]"
64758,"[""Impact""]"
64759,"[""Impact""]"
64760,"[""Impact""]"
64761,"[""Impact""]"
64762,"[""Impact""]"
64763,"[""Impact""]"
64764,"[""Impact""]"
64765,"[""Impact""]"
64766,"[""Impact""]"
64767,"[""Impact""]"
64768,"[""Impact""]"
64769,"[""Impact""]"
64770,"[""Impact""]"
64771,"[""Impact""]"
64772,"[""Impact""]"
64773,"[""Impact""]"
64774,"[""Impact""]"
64775,"[""Impact""]"
64776,"[""Impact""]"
64777,"[""Impact""]"
64778,"[""Impact""]"
64779,"[""Impact""]"
64780,"[""Impact""]"
64781,"[""Impact""]"
64782,"[""Impact""]"
64783,"[""Impact""]"
64784,"[""Impact""]"
64785,"[""Impact""]"
64786,"[""Impact""]"
64787,"[""Impact""]"
64788,"[""Impact""]"
64789,"[""Impact""]"
64790,"[""Impact""]"
64791,"[""Impact""]"
64792,"[""Impact""]"
64793,"[""Impact""]"
64794,"[""Impact""]"
64795,"[""Impact""]"
64796,"[""Impact""]"
64797,"[""Impact""]"
64798,"[""Impact""]"
64799,"[""Impact""]"
64800,"[""Impact""]"
64801,"[""Impact""]"
64802,"[""Impact""]"
64803,"[""Impact""]"
64804,"[""Impact""]"
64805,"[""Impact""]"
64806,"[""Impact""]"
64807,"[""Impact""]"
64808,"[""Impact""]"
64809,"[""Impact""]"
64810,"[""Impact""]"
64811,"[""Impact""]"
64812,"[""Impact""]"
64813,"[""Impact""]"
64814,"[""Impact""]"
64815,"[""Impact""]"
64816,"[""Impact""]"
64817,"[""Impact""]"
64818,"[""Impact""]"
64819,"[""Impact""]"
64820,"[""Impact""]"
64821,"[""Impact""]"
64822,"[""Impact""]"
64823,"[""Impact""]"
64824,"[""Impact""]"
64825,"[""Impact""]"
64826,"[""Impact""]"
64827,"[""Impact""]"
64828,"[""Impact""]"
64829,"[""Impact""]"
64830,"[""Impact""]"
64831,"[""Impact""]"
64832,"[""Impact""]"
64833,"[""Impact""]"
64834,"[""Impact""]"
64835,"[""Impact""]"
64836,"[""Impact""]"
64837,"[""Impact""]"
64838,"[""Impact""]"
64839,"[""Impact""]"
64840,"[""Impact""]"
64841,"[""Impact""]"
64842,"[""Impact""]"
64843,"[""Impact""]"
64844,"[""Impact""]"
64845,"[""Impact""]"
64846,"[""Impact""]"
64847,"[""Impact""]"
64848,"[""Impact""]"
64849,"[""Impact""]"
64850,"[""Impact""]"
64851,"[""Impact""]"
64852,"[""Impact""]"
64853,"[""Impact""]"
64854,"[""Impact""]"
64855,"[""Impact""]"
64856,"[""Impact""]"
64857,"[""Impact""]"
64858,"[""Impact""]"
64859,"[""Impact""]"
64860,"[""Impact""]"
64861,"[""Impact""]"
64862,"[""Impact""]"
64863,"[""Impact""]"
64864,"[""Impact""]"
64865,"[""Impact""]"
64866,"[""Impact""]"
64867,"[""Impact""]"
64868,"[""Impact""]"
64869,"[""Impact""]"
64870,"[""Impact""]"
64871,"[""Impact""]"
64872,"[""Impact""]"
64873,"[""Impact""]"
64874,"[""Impact""]"
64875,"[""Impact""]"
64876,"[""Impact""]"
64877,"[""Impact""]"
64878,"[""Impact""]"
64879,"[""Impact""]"
64880,"[""Impact""]"
64881,"[""Impact""]"
64882,"[""Impact""]"
64883,"[""Impact""]"
64884,"[""Impact""]"
64885,"[""Impact""]"
64886,"[""Impact""]"
64887,"[""Impact""]"
64888,"[""Impact""]"
64889,"[""Impact""]"
64890,"[""Impact""]"
64891,"[""Impact""]"
64892,"[""Impact""]"
64893,"[""Impact""]"
64894,"[""Impact""]"
64895,"[""Impact""]"
64896,"[""Impact""]"
64897,"[""Impact""]"
64898,"[""Impact""]"
64899,"[""Impact""]"
64900,"[""Impact""]"
64901,"[""Impact""]"
64902,"[""Impact""]"
64903,"[""Impact""]"
64904,"[""Impact""]"
64905,"[""Impact""]"
64906,"[""Impact""]"
64907,"[""Impact""]"
64908,"[""Impact""]"
64909,"[""Impact""]"
64910,"[""Impact""]"
64911,"[""Impact""]"
64912,"[""Impact""]"
64913,"[""Impact""]"
64914,"[""Impact""]"
64915,"[""Impact""]"
64916,"[""Impact""]"
64917,"[""Impact""]"
64918,"[""Impact""]"
64919,"[""Impact""]"
64920,"[""Impact""]"
64921,"[""Impact""]"
64922,"[""Impact""]"
64923,"[""Impact""]"
64924,"[""Impact""]"
64925,"[""Impact""]"
64926,"[""Impact""]"
64927,"[""Impact""]"
64928,"[""Impact""]"
64929,"[""Impact""]"
64930,"[""Impact""]"
64931,"[""Impact""]"
64932,"[""Impact""]"
64933,"[""Impact""]"
64934,"[""Impact""]"
64935,"[""Impact""]"
64936,"[""Impact""]"
64937,"[""Impact""]"
64938,"[""Impact""]"
64939,"[""Impact""]"
64940,"[""Impact""]"
64941,"[""Impact""]"
64942,"[""Impact""]"
64943,"[""Impact""]"
64944,"[""Impact""]"
64945,"[""Impact""]"
64946,"[""Impact""]"
64947,"[""Impact""]"
64948,"[""Impact""]"
64949,"[""Impact""]"
64950,"[""Impact""]"
64951,"[""Impact""]"
64952,"[""Impact""]"
64953,"[""Impact""]"
64954,"[""Impact""]"
64955,"[""Impact""]"
64956,"[""Impact""]"
64957,"[""Impact""]"
64958,"[""Impact""]"
64959,"[""Impact""]"
64960,"[""Impact""]"
64961,"[""Impact""]"
64962,"[""Impact""]"
64963,"[""Impact""]"
64964,"[""Impact""]"
64965,"[""Impact""]"
64966,"[""Impact""]"
64967,"[""Impact""]"
64968,"[""Impact""]"
64969,"[""Impact""]"
64970,"[""Impact""]"
64971,"[""Impact""]"
64972,"[""Impact""]"
64973,"[""Impact""]"
64974,"[""Impact""]"
64975,"[""Impact""]"
64976,"[""Impact""]"
64977,"[""Impact""]"
64978,"[""Impact""]"
64979,"[""Impact""]"
64980,"[""Impact""]"
64981,"[""Impact""]"
64982,"[""Impact""]"
64983,"[""Impact""]"
64984,"[""Impact""]"
64985,"[""Impact""]"
64986,"[""Impact""]"
64987,"[""Impact""]"
64988,"[""Impact""]"
64989,"[""Impact""]"
64990,"[""Impact""]"
64991,"[""Impact""]"
64992,"[""Impact""]"
64993,"[""Impact""]"
64994,"[""Impact""]"
64995,"[""Impact""]"
64996,"[""Impact""]"
64997,"[""Impact""]"
64998,"[""Impact""]"
64999,"[""Impact""]"
65000,"[""Impact""]"
65001,"[""Impact""]"
65002,"[""Impact""]"
65003,"[""Impact""]"
65004,"[""Impact""]"
65005,"[""Impact""]"
65006,"[""Impact""]"
65007,"[""Impact""]"
65008,"[""Impact""]"
65009,"[""Impact""]"
65010,"[""Impact""]"
65011,"[""Impact""]"
65012,"[""Impact""]"
65013,"[""Impact""]"
65014,"[""Impact""]"
65015,"[""Impact""]"
65016,"[""Impact""]"
65017,"[""Impact""]"
65018,"[""Impact""]"
65019,"[""Impact""]"
65020,"[""Impact""]"
65021,"[""Impact""]"
65022,"[""Impact""]"
65023,"[""Impact""]"
65024,"[""Impact""]"
65025,"[""Impact""]"
65026,"[""Impact""]"
65027,"[""Impact""]"
65028,"[""Impact""]"
65029,"[""Impact""]"
65030,"[""Impact""]"
65031,"[""Impact""]"
65032,"[""Impact""]"
65033,"[""Impact""]"
65034,"[""Impact""]"
65035,"[""Impact""]"
65036,"[""Impact""]"
65037,"[""Impact""]"
65038,"[""Impact""]"
65039,"[""Impact""]"
65040,"[""Impact""]"
65041,"[""Impact""]"
65042,"[""Impact""]"
65043,"[""Impact""]"
65044,"[""Impact""]"
65045,"[""Impact""]"
65046,"[""Impact""]"
65047,"[""Impact""]"
65048,"[""Impact""]"
65049,"[""Impact""]"
65050,"[""Impact""]"
65051,"[""Impact""]"
65052,"[""Impact""]"
65053,"[""Impact""]"
65054,"[""Impact""]"
65055,"[""Impact""]"
65056,"[""Impact""]"
65057,"[""Impact""]"
65058,"[""Impact""]"
65059,"[""Impact""]"
65060,"[""Impact""]"
65061,"[""Impact""]"
65062,"[""Impact""]"
65063,"[""Impact""]"
65064,"[""Impact""]"
65065,"[""Impact""]"
65066,"[""Impact""]"
65067,"[""Impact""]"
65068,"[""Impact""]"
65069,"[""Impact""]"
65070,"[""Impact""]"
65071,"[""Impact""]"
65072,"[""Impact""]"
65073,"[""Impact""]"
65074,"[""Impact""]"
65075,"[""Impact""]"
65076,"[""Impact""]"
65077,"[""Impact""]"
65078,"[""Impact""]"
65079,"[""Impact""]"
65080,"[""Impact""]"
65081,"[""Impact""]"
65082,"[""Impact""]"
65083,"[""Impact""]"
65084,"[""Impact""]"
65085,"[""Impact""]"
65086,"[""Impact""]"
65087,"[""Impact""]"
65088,"[""Impact""]"
65089,"[""Impact""]"
65090,"[""Impact""]"
65091,"[""Impact""]"
65092,"[""Impact""]"
65093,"[""Impact""]"
65094,"[""Impact""]"
65095,"[""Impact""]"
65096,"[""Impact""]"
65097,"[""Impact""]"
65098,"[""Impact""]"
65099,"[""Impact""]"
65100,"[""Impact""]"
65101,"[""Impact""]"
65102,"[""Impact""]"
65103,"[""Impact""]"
65104,"[""Impact""]"
65105,"[""Impact""]"
65106,"[""Impact""]"
65107,"[""Impact""]"
65108,"[""Impact""]"
65109,"[""Impact""]"
65110,"[""Impact""]"
65111,"[""Impact""]"
65112,"[""Impact""]"
65113,"[""Impact""]"
65114,"[""Impact""]"
65115,"[""Impact""]"
65116,"[""Impact""]"
65117,"[""Impact""]"
65118,"[""Impact""]"
65119,"[""Impact""]"
65120,"[""Impact""]"
65121,"[""Impact""]"
65122,"[""Impact""]"
65123,"[""Impact""]"
65124,"[""Impact""]"
65125,"[""Impact""]"
65126,"[""Impact""]"
65127,"[""Impact""]"
65128,"[""Impact""]"
65129,"[""Impact""]"
65130,"[""Impact""]"
65131,"[""Impact""]"
65132,"[""Impact""]"
65133,"[""Impact""]"
65134,"[""Impact""]"
65135,"[""Impact""]"
65136,"[""Impact""]"
65137,"[""Impact""]"
65138,"[""Impact""]"
65139,"[""Impact""]"
65140,"[""Impact""]"
65141,"[""Impact""]"
65142,"[""Impact""]"
65143,"[""Impact""]"
65144,"[""Impact""]"
65145,"[""Impact""]"
65146,"[""Impact""]"
65147,"[""Impact""]"
65148,"[""Impact""]"
65149,"[""Impact""]"
65150,"[""Impact""]"
65151,"[""Impact""]"
65152,"[""Impact""]"
65153,"[""Impact""]"
65154,"[""Impact""]"
65155,"[""Impact""]"
65156,"[""Impact""]"
65157,"[""Impact""]"
65158,"[""Impact""]"
65159,"[""Impact""]"
65160,"[""Impact""]"
65161,"[""Impact""]"
65162,"[""Impact""]"
65163,"[""Impact""]"
65164,"[""Impact""]"
65165,"[""Impact""]"
65166,"[""Impact""]"
65167,"[""Impact""]"
65168,"[""Impact""]"
65169,"[""Impact""]"
65170,"[""Impact""]"
65171,"[""Impact""]"
65172,"[""Impact""]"
65173,"[""Impact""]"
65174,"[""Impact""]"
65175,"[""Impact""]"
65176,"[""Impact""]"
65177,"[""Impact""]"
65178,"[""Impact""]"
65179,"[""Impact""]"
65180,"[""Impact""]"
65181,"[""Impact""]"
65182,"[""Impact""]"
65183,"[""Impact""]"
65184,"[""Impact""]"
65185,"[""Impact""]"
65186,"[""Impact""]"
65187,"[""Impact""]"
65188,"[""Impact""]"
65189,"[""Impact""]"
65190,"[""Impact""]"
65191,"[""Impact""]"
65192,"[""Impact""]"
65193,"[""Impact""]"
65194,"[""Impact""]"
65195,"[""Impact""]"
65196,"[""Impact""]"
65197,"[""Impact""]"
65198,"[""Impact""]"
65199,"[""Impact""]"
65200,"[""Impact""]"
65201,"[""Impact""]"
65202,"[""Impact""]"
65203,"[""Impact""]"
65204,"[""Impact""]"
65205,"[""Impact""]"
65206,"[""Impact""]"
65207,"[""Impact""]"
65208,"[""Impact""]"
65209,"[""Impact""]"
65210,"[""Impact""]"
65211,"[""Impact""]"
65212,"[""Impact""]"
65213,"[""Impact""]"
65214,"[""Impact""]"
65215,"[""Impact""]"
65216,"[""Impact""]"
65217,"[""Impact""]"
65218,"[""Impact""]"
65219,"[""Impact""]"
65220,"[""Impact""]"
65221,"[""Impact""]"
65222,"[""Impact""]"
65223,"[""Impact""]"
65224,"[""Impact""]"
65225,"[""Impact""]"
65226,"[""Impact""]"
65227,"[""Impact""]"
65228,"[""Impact""]"
65229,"[""Impact""]"
65230,"[""Impact""]"
65231,"[""Impact""]"
65232,"[""Impact""]"
65233,"[""Impact""]"
65234,"[""Impact""]"
65235,"[""Impact""]"
65236,"[""Impact""]"
65237,"[""Impact""]"
65238,"[""Impact""]"
65239,"[""Impact""]"
65240,"[""Impact""]"
65241,"[""Impact""]"
65242,"[""Impact""]"
65243,"[""Impact""]"
65244,"[""Impact""]"
65245,"[""Impact""]"
65246,"[""Impact""]"
65247,"[""Impact""]"
65248,"[""Impact""]"
65249,"[""Impact""]"
65250,"[""Impact""]"
65251,"[""Impact""]"
65252,"[""Impact""]"
65253,"[""Impact""]"
65254,"[""Impact""]"
65255,"[""Impact""]"
65256,"[""Impact""]"
65257,"[""Impact""]"
65258,"[""Impact""]"
65259,"[""Impact""]"
65260,"[""Impact""]"
65261,"[""Impact""]"
65262,"[""Impact""]"
65263,"[""Impact""]"
65264,"[""Impact""]"
65265,"[""Impact""]"
65266,"[""Impact""]"
65267,"[""Impact""]"
65268,"[""Impact""]"
65269,"[""Impact""]"
65270,"[""Impact""]"
65271,"[""Impact""]"
65272,"[""Impact""]"
65273,"[""Impact""]"
65274,"[""Impact""]"
65275,"[""Impact""]"
65276,"[""Impact""]"
65277,"[""Impact""]"
65278,"[""Impact""]"
65279,"[""Impact""]"
65280,"[""Impact""]"
65281,"[""Impact""]"
65282,"[""Impact""]"
65283,"[""Impact""]"
65284,"[""Impact""]"
65285,"[""Impact""]"
65286,"[""Impact""]"
65287,"[""Impact""]"
65288,"[""Impact""]"
65289,"[""Impact""]"
65290,"[""Impact""]"
65291,"[""Impact""]"
65292,"[""Impact""]"
65293,"[""Impact""]"
65294,"[""Impact""]"
65295,"[""Impact""]"
65296,"[""Impact""]"
65297,"[""Impact""]"
65298,"[""Impact""]"
65299,"[""Impact""]"
65300,"[""Impact""]"
65301,"[""Impact""]"
65302,"[""Impact""]"
65303,"[""Impact""]"
65304,"[""Impact""]"
65305,"[""Impact""]"
65306,"[""Impact""]"
65307,"[""Impact""]"
65308,"[""Impact""]"
65309,"[""Impact""]"
65310,"[""Impact""]"
65311,"[""Impact""]"
65312,"[""Impact""]"
65313,"[""Impact""]"
65314,"[""Impact""]"
65315,"[""Impact""]"
65316,"[""Impact""]"
65317,"[""Impact""]"
65318,"[""Impact""]"
65319,"[""Impact""]"
65320,"[""Impact""]"
65321,"[""Impact""]"
65322,"[""Impact""]"
65323,"[""Impact""]"
65324,"[""Impact""]"
65325,"[""Impact""]"
65326,"[""Impact""]"
65327,"[""Impact""]"
65328,"[""Impact""]"
65329,"[""Impact""]"
65330,"[""Impact""]"
65331,"[""Impact""]"
65332,"[""Impact""]"
65333,"[""Impact""]"
65334,"[""Impact""]"
65335,"[""Impact""]"
65336,"[""Impact""]"
65337,"[""Impact""]"
65338,"[""Impact""]"
65339,"[""Impact""]"
65340,"[""Impact""]"
65341,"[""Impact""]"
65342,"[""Impact""]"
65343,"[""Impact""]"
65344,"[""Impact""]"
65345,"[""Impact""]"
65346,"[""Impact""]"
65347,"[""Impact""]"
65348,"[""Impact""]"
65349,"[""Impact""]"
65350,"[""Impact""]"
65351,"[""Impact""]"
65352,"[""Impact""]"
65353,"[""Impact""]"
65354,"[""Impact""]"
65355,"[""Impact""]"
65356,"[""Impact""]"
65357,"[""Impact""]"
65358,"[""Impact""]"
65359,"[""Impact""]"
65360,"[""Impact""]"
65361,"[""Impact""]"
65362,"[""Impact""]"
65363,"[""Impact""]"
65364,"[""Impact""]"
65365,"[""Impact""]"
65366,"[""Impact""]"
65367,"[""Impact""]"
65368,"[""Impact""]"
65369,"[""Impact""]"
65370,"[""Impact""]"
65371,"[""Impact""]"
65372,"[""Impact""]"
65373,"[""Impact""]"
65374,"[""Impact""]"
65375,"[""Impact""]"
65376,"[""Impact""]"
65377,"[""Impact""]"
65378,"[""Impact""]"
65379,"[""Impact""]"
65380,"[""Impact""]"
65381,"[""Impact""]"
65382,"[""Impact""]"
65383,"[""Impact""]"
65384,"[""Impact""]"
65385,"[""Impact""]"
65386,"[""Impact""]"
65387,"[""Impact""]"
65388,"[""Impact""]"
65389,"[""Impact""]"
65390,"[""Impact""]"
65391,"[""Impact""]"
65392,"[""Impact""]"
65393,"[""Impact""]"
65394,"[""Impact""]"
65395,"[""Impact""]"
65396,"[""Impact""]"
65397,"[""Impact""]"
65398,"[""Impact""]"
65399,"[""Impact""]"
65400,"[""Impact""]"
65401,"[""Impact""]"
65402,"[""Impact""]"
65403,"[""Impact""]"
65404,"[""Impact""]"
65405,"[""Impact""]"
65406,"[""Impact""]"
65407,"[""Impact""]"
65408,"[""Impact""]"
65409,"[""Impact""]"
65410,"[""Impact""]"
65411,"[""Impact""]"
65412,"[""Impact""]"
65413,"[""Impact""]"
65414,"[""Impact""]"
65415,"[""Impact""]"
65416,"[""Impact""]"
65417,"[""Impact""]"
65418,"[""Impact""]"
65419,"[""Impact""]"
65420,"[""Impact""]"
65421,"[""Impact""]"
65422,"[""Impact""]"
65423,"[""Impact""]"
65424,"[""Impact""]"
65425,"[""Impact""]"
65426,"[""Impact""]"
65427,"[""Impact""]"
65428,"[""Impact""]"
65429,"[""Impact""]"
65430,"[""Impact""]"
65431,"[""Impact""]"
65432,"[""Impact""]"
65433,"[""Impact""]"
65434,"[""Impact""]"
65435,"[""Impact""]"
65436,"[""Impact""]"
65437,"[""Impact""]"
65438,"[""Impact""]"
65439,"[""Impact""]"
65440,"[""Impact""]"
65441,"[""Impact""]"
65442,"[""Impact""]"
65443,"[""Impact""]"
65444,"[""Impact""]"
65445,"[""Impact""]"
65446,"[""Impact""]"
65447,"[""Impact""]"
65448,"[""Impact""]"
65449,"[""Impact""]"
65450,"[""Impact""]"
65451,"[""Impact""]"
65452,"[""Impact""]"
65453,"[""Impact""]"
65454,"[""Impact""]"
65455,"[""Impact""]"
65456,"[""Impact""]"
65457,"[""Impact""]"
65458,"[""Impact""]"
65459,"[""Impact""]"
65460,"[""Impact""]"
65461,"[""Impact""]"
65462,"[""Impact""]"
65463,"[""Impact""]"
65464,"[""Impact""]"
65465,"[""Impact""]"
65466,"[""Impact""]"
65467,"[""Impact""]"
65468,"[""Impact""]"
65469,"[""Impact""]"
65470,"[""Impact""]"
65471,"[""Impact""]"
65472,"[""Impact""]"
65473,"[""Impact""]"
65474,"[""Impact""]"
65475,"[""Impact""]"
65476,"[""Impact""]"
65477,"[""Impact""]"
65478,"[""Impact""]"
65479,"[""Impact""]"
65480,"[""Impact""]"
65481,"[""Impact""]"
65482,"[""Impact""]"
65483,"[""Impact""]"
65484,"[""Impact""]"
65485,"[""Impact""]"
65486,"[""Impact""]"
65487,"[""Impact""]"
65488,"[""Impact""]"
65489,"[""Impact""]"
65490,"[""Impact""]"
65491,"[""Impact""]"
65492,"[""Impact""]"
65493,"[""Impact""]"
65494,"[""Impact""]"
65495,"[""Impact""]"
65496,"[""Impact""]"
65497,"[""Impact""]"
65498,"[""Impact""]"
65499,"[""Impact""]"
65500,"[""Impact""]"
65501,"[""Impact""]"
65502,"[""Impact""]"
65503,"[""Impact""]"
65504,"[""Impact""]"
65505,"[""Impact""]"
65506,"[""Impact""]"
65507,"[""Impact""]"
65508,"[""Impact""]"
65509,"[""Impact""]"
65510,"[""Impact""]"
65511,"[""Impact""]"
65512,"[""Impact""]"
65513,"[""Impact""]"
65514,"[""Impact""]"
65515,"[""Impact""]"
65516,"[""Impact""]"
65517,"[""Impact""]"
65518,"[""Impact""]"
65519,"[""Impact""]"
65520,"[""Impact""]"
65521,"[""Impact""]"
65522,"[""Impact""]"
65523,"[""Impact""]"
65524,"[""Impact""]"
65525,"[""Impact""]"
65526,"[""Impact""]"
65527,"[""Impact""]"
65528,"[""Impact""]"
65529,"[""Impact""]"
65530,"[""Impact""]"
65531,"[""Impact""]"
65532,"[""Impact""]"
65533,"[""Impact""]"
65534,"[""Impact""]"
65535,"[""Impact""]"
65536,"[""Impact""]"
65537,"[""Impact""]"
65538,"[""Impact""]"
65539,"[""Impact""]"
65540,"[""Impact""]"
65541,"[""Impact""]"
65542,"[""Impact""]"
65543,"[""Impact""]"
65544,"[""Impact""]"
65545,"[""Impact""]"
65546,"[""Impact""]"
65547,"[""Impact""]"
65548,"[""Impact""]"
65549,"[""Impact""]"
65550,"[""Impact""]"
65551,"[""Impact""]"
65552,"[""Impact""]"
65553,"[""Impact""]"
65554,"[""Impact""]"
65555,"[""Impact""]"
65556,"[""Impact""]"
65557,"[""Impact""]"
65558,"[""Impact""]"
65559,"[""Impact""]"
65560,"[""Impact""]"
65561,"[""Impact""]"
65562,"[""Impact""]"
65563,"[""Impact""]"
65564,"[""Impact""]"
65565,"[""Impact""]"
65566,"[""Impact""]"
65567,"[""Impact""]"
65568,"[""Impact""]"
65569,"[""Impact""]"
65570,"[""Impact""]"
65571,"[""Impact""]"
65572,"[""Impact""]"
65573,"[""Impact""]"
65574,"[""Impact""]"
65575,"[""Impact""]"
65576,"[""Impact""]"
65577,"[""Impact""]"
65578,"[""Impact""]"
65579,"[""Impact""]"
65580,"[""Impact""]"
65581,"[""Impact""]"
65582,"[""Impact""]"
65583,"[""Impact""]"
65584,"[""Impact""]"
65585,"[""Impact""]"
65586,"[""Impact""]"
65587,"[""Impact""]"
65588,"[""Impact""]"
65589,"[""Impact""]"
65590,"[""Impact""]"
65591,"[""Impact""]"
65592,"[""Impact""]"
65593,"[""Impact""]"
65594,"[""Impact""]"
65595,"[""Impact""]"
65596,"[""Impact""]"
65597,"[""Impact""]"
65598,"[""Impact""]"
65599,"[""Impact""]"
65600,"[""Impact""]"
65601,"[""Impact""]"
65602,"[""Impact""]"
65603,"[""Impact""]"
65604,"[""Impact""]"
65605,"[""Impact""]"
65606,"[""Impact""]"
65607,"[""Impact""]"
65608,"[""Impact""]"
65609,"[""Impact""]"
65610,"[""Impact""]"
65611,"[""Impact""]"
65612,"[""Impact""]"
65613,"[""Impact""]"
65614,"[""Impact""]"
65615,"[""Impact""]"
65616,"[""Impact""]"
65617,"[""Impact""]"
65618,"[""Impact""]"
65619,"[""Impact""]"
65620,"[""Impact""]"
65621,"[""Impact""]"
65622,"[""Impact""]"
65623,"[""Impact""]"
65624,"[""Impact""]"
65625,"[""Impact""]"
65626,"[""Impact""]"
65627,"[""Impact""]"
65628,"[""Impact""]"
65629,"[""Impact""]"
65630,"[""Impact""]"
65631,"[""Impact""]"
65632,"[""Impact""]"
65633,"[""Impact""]"
65634,"[""Impact""]"
65635,"[""Impact""]"
65636,"[""Impact""]"
65637,"[""Impact""]"
65638,"[""Impact""]"
65639,"[""Impact""]"
65640,"[""Impact""]"
65641,"[""Impact""]"
65642,"[""Impact""]"
65643,"[""Impact""]"
65644,"[""Impact""]"
65645,"[""Impact""]"
65646,"[""Impact""]"
65647,"[""Impact""]"
65648,"[""Impact""]"
65649,"[""Impact""]"
65650,"[""Impact""]"
65651,"[""Impact""]"
65652,"[""Impact""]"
65653,"[""Impact""]"
65654,"[""Impact""]"
65655,"[""Impact""]"
65656,"[""Impact""]"
65657,"[""Impact""]"
65658,"[""Impact""]"
65659,"[""Impact""]"
65660,"[""Impact""]"
65661,"[""Impact""]"
65662,"[""Impact""]"
65663,"[""Impact""]"
65664,"[""Impact""]"
65665,"[""Impact""]"
65666,"[""Impact""]"
65667,"[""Impact""]"
65668,"[""Impact""]"
65669,"[""Impact""]"
65670,"[""Impact""]"
65671,"[""Impact""]"
65672,"[""Impact""]"
65673,"[""Impact""]"
65674,"[""Impact""]"
65675,"[""Impact""]"
65676,"[""Impact""]"
65677,"[""Impact""]"
65678,"[""Impact""]"
65679,"[""Impact""]"
65680,"[""Impact""]"
65681,"[""Impact""]"
65682,"[""Impact""]"
65683,"[""Impact""]"
65684,"[""Impact""]"
65685,"[""Impact""]"
65686,"[""Impact""]"
65687,"[""Impact""]"
65688,"[""Impact""]"
65689,"[""Impact""]"
65690,"[""Impact""]"
65691,"[""Impact""]"
65692,"[""Impact""]"
65693,"[""Impact""]"
65694,"[""Impact""]"
65695,"[""Impact""]"
65696,"[""Impact""]"
65697,"[""Impact""]"
65698,"[""Impact""]"
65699,"[""Impact""]"
65700,"[""Impact""]"
65701,"[""Impact""]"
65702,"[""Impact""]"
65703,"[""Impact""]"
65704,"[""Impact""]"
65705,"[""Impact""]"
65706,"[""Impact""]"
65707,"[""Impact""]"
65708,"[""Impact""]"
65709,"[""Impact""]"
65710,"[""Impact""]"
65711,"[""Impact""]"
65712,"[""Impact""]"
65713,"[""Impact""]"
65714,"[""Impact""]"
65715,"[""Impact""]"
65716,"[""Impact""]"
65717,"[""Impact""]"
65718,"[""Impact""]"
65719,"[""Impact""]"
65720,"[""Impact""]"
65721,"[""Impact""]"
65722,"[""Impact""]"
65723,"[""Impact""]"
65724,"[""Impact""]"
65725,"[""Impact""]"
65726,"[""Impact""]"
65727,"[""Impact""]"
65728,"[""Impact""]"
65729,"[""Impact""]"
65730,"[""Impact""]"
65731,"[""Impact""]"
65732,"[""Impact""]"
65733,"[""Impact""]"
65734,"[""Impact""]"
65735,"[""Impact""]"
65736,"[""Impact""]"
65737,"[""Impact""]"
65738,"[""Impact""]"
65739,"[""Impact""]"
65740,"[""Impact""]"
65741,"[""Impact""]"
65742,"[""Impact""]"
65743,"[""Impact""]"
65744,"[""Impact""]"
65745,"[""Impact""]"
65746,"[""Impact""]"
65747,"[""Impact""]"
65748,"[""Impact""]"
65749,"[""Impact""]"
65750,"[""Impact""]"
65751,"[""Impact""]"
65752,"[""Impact""]"
65753,"[""Impact""]"
65754,"[""Impact""]"
65755,"[""Impact""]"
65756,"[""Impact""]"
65757,"[""Impact""]"
65758,"[""Impact""]"
65759,"[""Impact""]"
65760,"[""Impact""]"
65761,"[""Impact""]"
65762,"[""Impact""]"
65763,"[""Impact""]"
65764,"[""Impact""]"
65765,"[""Impact""]"
65766,"[""Impact""]"
65767,"[""Impact""]"
65768,"[""Impact""]"
65769,"[""Impact""]"
65770,"[""Impact""]"
65771,"[""Impact""]"
65772,"[""Impact""]"
65773,"[""Impact""]"
65774,"[""Impact""]"
65775,"[""Impact""]"
65776,"[""Impact""]"
65777,"[""Impact""]"
65778,"[""Impact""]"
65779,"[""Impact""]"
65780,"[""Impact""]"
65781,"[""Impact""]"
65782,"[""Impact""]"
65783,"[""Impact""]"
65784,"[""Impact""]"
65785,"[""Impact""]"
65786,"[""Impact""]"
65787,"[""Impact""]"
65788,"[""Impact""]"
65789,"[""Impact""]"
65790,"[""Impact""]"
65791,"[""Impact""]"
65792,"[""Impact""]"
65793,"[""Impact""]"
65794,"[""Impact""]"
65795,"[""Impact""]"
65796,"[""Impact""]"
65797,"[""Impact""]"
65798,"[""Impact""]"
65799,"[""Impact""]"
65800,"[""Impact""]"
65801,"[""Impact""]"
65802,"[""Impact""]"
65803,"[""Impact""]"
65804,"[""Impact""]"
65805,"[""Impact""]"
65806,"[""Impact""]"
65807,"[""Impact""]"
65808,"[""Impact""]"
65809,"[""Impact""]"
65810,"[""Impact""]"
65811,"[""Impact""]"
65812,"[""Impact""]"
65813,"[""Impact""]"
65814,"[""Impact""]"
65815,"[""Impact""]"
65816,"[""Impact""]"
65817,"[""Impact""]"
65818,"[""Impact""]"
65819,"[""Impact""]"
65820,"[""Impact""]"
65821,"[""Impact""]"
65822,"[""Impact""]"
65823,"[""Impact""]"
65824,"[""Impact""]"
65825,"[""Impact""]"
65826,"[""Impact""]"
65827,"[""Impact""]"
65828,"[""Impact""]"
65829,"[""Impact""]"
65830,"[""Impact""]"
65831,"[""Impact""]"
65832,"[""Impact""]"
65833,"[""Impact""]"
65834,"[""Impact""]"
65835,"[""Impact""]"
65836,"[""Impact""]"
65837,"[""Impact""]"
65838,"[""Impact""]"
65839,"[""Impact""]"
65840,"[""Impact""]"
65841,"[""Impact""]"
65842,"[""Impact""]"
65843,"[""Impact""]"
65844,"[""Impact""]"
65845,"[""Impact""]"
65846,"[""Impact""]"
65847,"[""Impact""]"
65848,"[""Impact""]"
65849,"[""Impact""]"
65850,"[""Impact""]"
65851,"[""Impact""]"
65852,"[""Impact""]"
65853,"[""Impact""]"
65854,"[""Impact""]"
65855,"[""Impact""]"
65856,"[""Impact""]"
65857,"[""Impact""]"
65858,"[""Impact""]"
65859,"[""Impact""]"
65860,"[""Impact""]"
65861,"[""Impact""]"
65862,"[""Impact""]"
65863,"[""Impact""]"
65864,"[""Impact""]"
65865,"[""Impact""]"
65866,"[""Impact""]"
65867,"[""Impact""]"
65868,"[""Impact""]"
65869,"[""Impact""]"
65870,"[""Impact""]"
65871,"[""Impact""]"
65872,"[""Impact""]"
65873,"[""Impact""]"
65874,"[""Impact""]"
65875,"[""Impact""]"
65876,"[""Impact""]"
65877,"[""Impact""]"
65878,"[""Impact""]"
65879,"[""Impact""]"
65880,"[""Impact""]"
65881,"[""Impact""]"
65882,"[""Impact""]"
65883,"[""Impact""]"
65884,"[""Impact""]"
65885,"[""Impact""]"
65886,"[""Impact""]"
65887,"[""Impact""]"
65888,"[""Impact""]"
65889,"[""Impact""]"
65890,"[""Impact""]"
65891,"[""Impact""]"
65892,"[""Impact""]"
65893,"[""Impact""]"
65894,"[""Impact""]"
65895,"[""Impact""]"
65896,"[""Impact""]"
65897,"[""Impact""]"
65898,"[""Impact""]"
65899,"[""Impact""]"
65900,"[""Impact""]"
65901,"[""Impact""]"
65902,"[""Impact""]"
65903,"[""Impact""]"
65904,"[""Impact""]"
65905,"[""Impact""]"
65906,"[""Impact""]"
65907,"[""Impact""]"
65908,"[""Impact""]"
65909,"[""Impact""]"
65910,"[""Impact""]"
65911,"[""Impact""]"
65912,"[""Impact""]"
65913,"[""Impact""]"
65914,"[""Impact""]"
65915,"[""Impact""]"
65916,"[""Impact""]"
65917,"[""Impact""]"
65918,"[""Impact""]"
65919,"[""Impact""]"
65920,"[""Impact""]"
65921,"[""Impact""]"
65922,"[""Impact""]"
65923,"[""Impact""]"
65924,"[""Impact""]"
65925,"[""Impact""]"
65926,"[""Impact""]"
65927,"[""Impact""]"
65928,"[""Impact""]"
65929,"[""Impact""]"
65930,"[""Impact""]"
65931,"[""Impact""]"
65932,"[""Impact""]"
65933,"[""Impact""]"
65934,"[""Impact""]"
65935,"[""Impact""]"
65936,"[""Impact""]"
65937,"[""Impact""]"
65938,"[""Impact""]"
65939,"[""Impact""]"
65940,"[""Impact""]"
65941,"[""Impact""]"
65942,"[""Impact""]"
65943,"[""Impact""]"
65944,"[""Impact""]"
65945,"[""Impact""]"
65946,"[""Impact""]"
65947,"[""Impact""]"
65948,"[""Impact""]"
65949,"[""Impact""]"
65950,"[""Impact""]"
65951,"[""Impact""]"
65952,"[""Impact""]"
65953,"[""Impact""]"
65954,"[""Impact""]"
65955,"[""Impact""]"
65956,"[""Impact""]"
65957,"[""Impact""]"
65958,"[""Impact""]"
65959,"[""Impact""]"
65960,"[""Impact""]"
65961,"[""Impact""]"
65962,"[""Impact""]"
65963,"[""Impact""]"
65964,"[""Impact""]"
65965,"[""Impact""]"
65966,"[""Impact""]"
65967,"[""Impact""]"
65968,"[""Impact""]"
65969,"[""Impact""]"
65970,"[""Impact""]"
65971,"[""Impact""]"
65972,"[""Impact""]"
65973,"[""Impact""]"
65974,"[""Impact""]"
65975,"[""Impact""]"
65976,"[""Impact""]"
65977,"[""Impact""]"
65978,"[""Impact""]"
65979,"[""Impact""]"
65980,"[""Impact""]"
65981,"[""Impact""]"
65982,"[""Impact""]"
65983,"[""Impact""]"
65984,"[""Impact""]"
65985,"[""Impact""]"
65986,"[""Impact""]"
65987,"[""Impact""]"
65988,"[""Impact""]"
65989,"[""Impact""]"
65990,"[""Impact""]"
65991,"[""Impact""]"
65992,"[""Impact""]"
65993,"[""Impact""]"
65994,"[""Impact""]"
65995,"[""Impact""]"
65996,"[""Impact""]"
65997,"[""Impact""]"
65998,"[""Impact""]"
65999,"[""Impact""]"
66000,"[""Impact""]"
66001,"[""Impact""]"
66002,"[""Impact""]"
66003,"[""Impact""]"
66004,"[""Impact""]"
66005,"[""Impact""]"
66006,"[""Impact""]"
66007,"[""Impact""]"
66008,"[""Impact""]"
66009,"[""Impact""]"
66010,"[""Impact""]"
66011,"[""Impact""]"
66012,"[""Impact""]"
66013,"[""Impact""]"
66014,"[""Impact""]"
66015,"[""Impact""]"
66016,"[""Impact""]"
66017,"[""Impact""]"
66018,"[""Impact""]"
66019,"[""Impact""]"
66020,"[""Impact""]"
66021,"[""Impact""]"
66022,"[""Impact""]"
66023,"[""Impact""]"
66024,"[""Impact""]"
66025,"[""Impact""]"
66026,"[""Impact""]"
66027,"[""Impact""]"
66028,"[""Impact""]"
66029,"[""Impact""]"
66030,"[""Impact""]"
66031,"[""Impact""]"
66032,"[""Impact""]"
66033,"[""Impact""]"
66034,"[""Impact""]"
66035,"[""Impact""]"
66036,"[""Impact""]"
66037,"[""Impact""]"
66038,"[""Impact""]"
66039,"[""Impact""]"
66040,"[""Impact""]"
66041,"[""Impact""]"
66042,"[""Impact""]"
66043,"[""Impact""]"
66044,"[""Impact""]"
66045,"[""Impact""]"
66046,"[""Impact""]"
66047,"[""Impact""]"
66048,"[""Impact""]"
66049,"[""Impact""]"
66050,"[""Impact""]"
66051,"[""Impact""]"
66052,"[""Impact""]"
66053,"[""Impact""]"
66054,"[""Impact""]"
66055,"[""Impact""]"
66056,"[""Impact""]"
66057,"[""Impact""]"
66058,"[""Impact""]"
66059,"[""Impact""]"
66060,"[""Impact""]"
66061,"[""Impact""]"
66062,"[""Impact""]"
66063,"[""Impact""]"
66064,"[""Impact""]"
66065,"[""Impact""]"
66066,"[""Impact""]"
66067,"[""Impact""]"
66068,"[""Impact""]"
66069,"[""Impact""]"
66070,"[""Impact""]"
66071,"[""Impact""]"
66072,"[""Impact""]"
66073,"[""Impact""]"
66074,"[""Impact""]"
66075,"[""Impact""]"
66076,"[""Impact""]"
66077,"[""Impact""]"
66078,"[""Impact""]"
66079,"[""Impact""]"
66080,"[""Impact""]"
66081,"[""Impact""]"
66082,"[""Impact""]"
66083,"[""Impact""]"
66084,"[""Impact""]"
66085,"[""Impact""]"
66086,"[""Impact""]"
66087,"[""Impact""]"
66088,"[""Impact""]"
66089,"[""Impact""]"
66090,"[""Impact""]"
66091,"[""Impact""]"
66092,"[""Impact""]"
66093,"[""Impact""]"
66094,"[""Impact""]"
66095,"[""Impact""]"
66096,"[""Impact""]"
66097,"[""Impact""]"
66098,"[""Impact""]"
66099,"[""Impact""]"
66100,"[""Impact""]"
66101,"[""Impact""]"
66102,"[""Impact""]"
66103,"[""Impact""]"
66104,"[""Impact""]"
66105,"[""Impact""]"
66106,"[""Impact""]"
66107,"[""Impact""]"
66108,"[""Impact""]"
66109,"[""Impact""]"
66110,"[""Impact""]"
66111,"[""Impact""]"
66112,"[""Impact""]"
66113,"[""Impact""]"
66114,"[""Impact""]"
66115,"[""Impact""]"
66116,"[""Impact""]"
66117,"[""Impact""]"
66118,"[""Impact""]"
66119,"[""Impact""]"
66120,"[""Impact""]"
66121,"[""Impact""]"
66122,"[""Impact""]"
66123,"[""Impact""]"
66124,"[""Impact""]"
66125,"[""Impact""]"
66126,"[""Impact""]"
66127,"[""Impact""]"
66128,"[""Impact""]"
66129,"[""Impact""]"
66130,"[""Impact""]"
66131,"[""Impact""]"
66132,"[""Impact""]"
66133,"[""Impact""]"
66134,"[""Impact""]"
66135,"[""Impact""]"
66136,"[""Impact""]"
66137,"[""Impact""]"
66138,"[""Impact""]"
66139,"[""Impact""]"
66140,"[""Impact""]"
66141,"[""Impact""]"
66142,"[""Impact""]"
66143,"[""Impact""]"
66144,"[""Impact""]"
66145,"[""Impact""]"
66146,"[""Impact""]"
66147,"[""Impact""]"
66148,"[""Impact""]"
66149,"[""Impact""]"
66150,"[""Impact""]"
66151,"[""Impact""]"
66152,"[""Impact""]"
66153,"[""Impact""]"
66154,"[""Impact""]"
66155,"[""Impact""]"
66156,"[""Impact""]"
66157,"[""Impact""]"
66158,"[""Impact""]"
66159,"[""Impact""]"
66160,"[""Impact""]"
66161,"[""Impact""]"
66162,"[""Impact""]"
66163,"[""Impact""]"
66164,"[""Impact""]"
66165,"[""Impact""]"
66166,"[""Impact""]"
66167,"[""Impact""]"
66168,"[""Impact""]"
66169,"[""Impact""]"
66170,"[""Impact""]"
66171,"[""Impact""]"
66172,"[""Impact""]"
66173,"[""Impact""]"
66174,"[""Impact""]"
66175,"[""Impact""]"
66176,"[""Impact""]"
66177,"[""Impact""]"
66178,"[""Impact""]"
66179,"[""Impact""]"
66180,"[""Impact""]"
66181,"[""Impact""]"
66182,"[""Impact""]"
66183,"[""Impact""]"
66184,"[""Impact""]"
66185,"[""Impact""]"
66186,"[""Impact""]"
66187,"[""Impact""]"
66188,"[""Impact""]"
66189,"[""Impact""]"
66190,"[""Impact""]"
66191,"[""Impact""]"
66192,"[""Impact""]"
66193,"[""Impact""]"
66194,"[""Impact""]"
66195,"[""Impact""]"
66196,"[""Impact""]"
66197,"[""Impact""]"
66198,"[""Impact""]"
66199,"[""Impact""]"
66200,"[""Impact""]"
66201,"[""Impact""]"
66202,"[""Impact""]"
66203,"[""Impact""]"
66204,"[""Impact""]"
66205,"[""Impact""]"
66206,"[""Impact""]"
66207,"[""Impact""]"
66208,"[""Impact""]"
66209,"[""Impact""]"
66210,"[""Impact""]"
66211,"[""Impact""]"
66212,"[""Impact""]"
66213,"[""Impact""]"
66214,"[""Impact""]"
66215,"[""Impact""]"
66216,"[""Impact""]"
66217,"[""Impact""]"
66218,"[""Impact""]"
66219,"[""Impact""]"
66220,"[""Impact""]"
66221,"[""Impact""]"
66222,"[""Impact""]"
66223,"[""Impact""]"
66224,"[""Impact""]"
66225,"[""Impact""]"
66226,"[""Impact""]"
66227,"[""Impact""]"
66228,"[""Impact""]"
66229,"[""Impact""]"
66230,"[""Impact""]"
66231,"[""Impact""]"
66232,"[""Impact""]"
66233,"[""Impact""]"
66234,"[""Impact""]"
66235,"[""Impact""]"
66236,"[""Impact""]"
66237,"[""Impact""]"
66238,"[""Impact""]"
66239,"[""Impact""]"
66240,"[""Impact""]"
66241,"[""Impact""]"
66242,"[""Impact""]"
66243,"[""Impact""]"
66244,"[""Impact""]"
66245,"[""Impact""]"
66246,"[""Impact""]"
66247,"[""Impact""]"
66248,"[""Impact""]"
66249,"[""Impact""]"
66250,"[""Impact""]"
66251,"[""Impact""]"
66252,"[""Impact""]"
66253,"[""Impact""]"
66254,"[""Impact""]"
66255,"[""Impact""]"
66256,"[""Impact""]"
66257,"[""Impact""]"
66258,"[""Impact""]"
66259,"[""Impact""]"
66260,"[""Impact""]"
66261,"[""Impact""]"
66262,"[""Impact""]"
66263,"[""Impact""]"
66264,"[""Impact""]"
66265,"[""Impact""]"
66266,"[""Impact""]"
66267,"[""Impact""]"
66268,"[""Impact""]"
66269,"[""Impact""]"
66270,"[""Impact""]"
66271,"[""Impact""]"
66272,"[""Impact""]"
66273,"[""Impact""]"
66274,"[""Impact""]"
66275,"[""Impact""]"
66276,"[""Impact""]"
66277,"[""Impact""]"
66278,"[""Impact""]"
66279,"[""Impact""]"
66280,"[""Impact""]"
66281,"[""Impact""]"
66282,"[""Impact""]"
66283,"[""Impact""]"
66284,"[""Impact""]"
66285,"[""Impact""]"
66286,"[""Impact""]"
66287,"[""Impact""]"
66288,"[""Impact""]"
66289,"[""Impact""]"
66290,"[""Impact""]"
66291,"[""Impact""]"
66292,"[""Impact""]"
66293,"[""Impact""]"
66294,"[""Impact""]"
66295,"[""Impact""]"
66296,"[""Impact""]"
66297,"[""Impact""]"
66298,"[""Impact""]"
66299,"[""Impact""]"
66300,"[""Impact""]"
66301,"[""Impact""]"
66302,"[""Impact""]"
66303,"[""Impact""]"
66304,"[""Impact""]"
66305,"[""Impact""]"
66306,"[""Impact""]"
66307,"[""Impact""]"
66308,"[""Impact""]"
66309,"[""Impact""]"
66310,"[""Impact""]"
66311,"[""Impact""]"
66312,"[""Impact""]"
66313,"[""Impact""]"
66314,"[""Impact""]"
66315,"[""Impact""]"
66316,"[""Impact""]"
66317,"[""Impact""]"
66318,"[""Impact""]"
66319,"[""Impact""]"
66320,"[""Impact""]"
66321,"[""Impact""]"
66322,"[""Impact""]"
66323,"[""Impact""]"
66324,"[""Impact""]"
66325,"[""Impact""]"
66326,"[""Impact""]"
66327,"[""Impact""]"
66328,"[""Impact""]"
66329,"[""Impact""]"
66330,"[""Impact""]"
66331,"[""Impact""]"
66332,"[""Impact""]"
66333,"[""Impact""]"
66334,"[""Impact""]"
66335,"[""Impact""]"
66336,"[""Impact""]"
66337,"[""Impact""]"
66338,"[""Impact""]"
66339,"[""Impact""]"
66340,"[""Impact""]"
66341,"[""Impact""]"
66342,"[""Impact""]"
66343,"[""Impact""]"
66344,"[""Impact""]"
66345,"[""Impact""]"
66346,"[""Impact""]"
66347,"[""Impact""]"
66348,"[""Impact""]"
66349,"[""Impact""]"
66350,"[""Impact""]"
66351,"[""Impact""]"
66352,"[""Impact""]"
66353,"[""Impact""]"
66354,"[""Impact""]"
66355,"[""Impact""]"
66356,"[""Impact""]"
66357,"[""Impact""]"
66358,"[""Impact""]"
66359,"[""Impact""]"
66360,"[""Impact""]"
66361,"[""Impact""]"
66362,"[""Impact""]"
66363,"[""Impact""]"
66364,"[""Impact""]"
66365,"[""Impact""]"
66366,"[""Impact""]"
66367,"[""Impact""]"
66368,"[""Impact""]"
66369,"[""Impact""]"
66370,"[""Impact""]"
66371,"[""Impact""]"
66372,"[""Impact""]"
66373,"[""Impact""]"
66374,"[""Impact""]"
66375,"[""Impact""]"
66376,"[""Impact""]"
66377,"[""Impact""]"
66378,"[""Impact""]"
66379,"[""Impact""]"
66380,"[""Impact""]"
66381,"[""Impact""]"
66382,"[""Impact""]"
66383,"[""Impact""]"
66384,"[""Impact""]"
66385,"[""Impact""]"
66386,"[""Impact""]"
66387,"[""Impact""]"
66388,"[""Impact""]"
66389,"[""Impact""]"
66390,"[""Impact""]"
66391,"[""Impact""]"
66392,"[""Impact""]"
66393,"[""Impact""]"
66394,"[""Impact""]"
66395,"[""Impact""]"
66396,"[""Impact""]"
66397,"[""Impact""]"
66398,"[""Impact""]"
66399,"[""Impact""]"
66400,"[""Impact""]"
66401,"[""Impact""]"
66402,"[""Impact""]"
66403,"[""Impact""]"
66404,"[""Impact""]"
66405,"[""Impact""]"
66406,"[""Impact""]"
66407,"[""Impact""]"
66408,"[""Impact""]"
66409,"[""Impact""]"
66410,"[""Impact""]"
66411,"[""Impact""]"
66412,"[""Impact""]"
66413,"[""Impact""]"
66414,"[""Impact""]"
66415,"[""Impact""]"
66416,"[""Impact""]"
66417,"[""Impact""]"
66418,"[""Impact""]"
66419,"[""Impact""]"
66420,"[""Impact""]"
66421,"[""Impact""]"
66422,"[""Impact""]"
66423,"[""Impact""]"
66424,"[""Impact""]"
66425,"[""Impact""]"
66426,"[""Impact""]"
66427,"[""Impact""]"
66428,"[""Impact""]"
66429,"[""Impact""]"
66430,"[""Impact""]"
66431,"[""Impact""]"
66432,"[""Impact""]"
66433,"[""Impact""]"
66434,"[""Impact""]"
66435,"[""Impact""]"
66436,"[""Impact""]"
66437,"[""Impact""]"
66438,"[""Impact""]"
66439,"[""Impact""]"
66440,"[""Impact""]"
66441,"[""Impact""]"
66442,"[""Impact""]"
66443,"[""Impact""]"
66444,"[""Impact""]"
66445,"[""Impact""]"
66446,"[""Impact""]"
66447,"[""Impact""]"
66448,"[""Impact""]"
66449,"[""Impact""]"
66450,"[""Impact""]"
66451,"[""Impact""]"
66452,"[""Impact""]"
66453,"[""Impact""]"
66454,"[""Impact""]"
66455,"[""Impact""]"
66456,"[""Impact""]"
66457,"[""Impact""]"
66458,"[""Impact""]"
66459,"[""Impact""]"
66460,"[""Impact""]"
66461,"[""Impact""]"
66462,"[""Impact""]"
66463,"[""Impact""]"
66464,"[""Impact""]"
66465,"[""Impact""]"
66466,"[""Impact""]"
66467,"[""Impact""]"
66468,"[""Impact""]"
66469,"[""Impact""]"
66470,"[""Impact""]"
66471,"[""Impact""]"
66472,"[""Impact""]"
66473,"[""Impact""]"
66474,"[""Impact""]"
66475,"[""Impact""]"
66476,"[""Impact""]"
66477,"[""Impact""]"
66478,"[""Impact""]"
66479,"[""Impact""]"
66480,"[""Impact""]"
66481,"[""Impact""]"
66482,"[""Impact""]"
66483,"[""Impact""]"
66484,"[""Impact""]"
66485,"[""Impact""]"
66486,"[""Impact""]"
66487,"[""Impact""]"
66488,"[""Impact""]"
66489,"[""Impact""]"
66490,"[""Impact""]"
66491,"[""Impact""]"
66492,"[""Impact""]"
66493,"[""Impact""]"
66494,"[""Impact""]"
66495,"[""Impact""]"
66496,"[""Impact""]"
66497,"[""Impact""]"
66498,"[""Impact""]"
66499,"[""Impact""]"
66500,"[""Impact""]"
66501,"[""Impact""]"
66502,"[""Impact""]"
66503,"[""Impact""]"
66504,"[""Impact""]"
66505,"[""Impact""]"
66506,"[""Impact""]"
66507,"[""Impact""]"
66508,"[""Impact""]"
66509,"[""Impact""]"
66510,"[""Impact""]"
66511,"[""Impact""]"
66512,"[""Impact""]"
66513,"[""Impact""]"
66514,"[""Impact""]"
66515,"[""Impact""]"
66516,"[""Impact""]"
66517,"[""Impact""]"
66518,"[""Impact""]"
66519,"[""Impact""]"
66520,"[""Impact""]"
66521,"[""Impact""]"
66522,"[""Impact""]"
66523,"[""Impact""]"
66524,"[""Impact""]"
66525,"[""Impact""]"
66526,"[""Impact""]"
66527,"[""Impact""]"
66528,"[""Impact""]"
66529,"[""Impact""]"
66530,"[""Impact""]"
66531,"[""Impact""]"
66532,"[""Impact""]"
66533,"[""Impact""]"
66534,"[""Impact""]"
66535,"[""Impact""]"
66536,"[""Impact""]"
66537,"[""Impact""]"
66538,"[""Impact""]"
66539,"[""Impact""]"
66540,"[""Impact""]"
66541,"[""Impact""]"
66542,"[""Impact""]"
66543,"[""Impact""]"
66544,"[""Impact""]"
66545,"[""Impact""]"
66546,"[""Impact""]"
66547,"[""Impact""]"
66548,"[""Impact""]"
66549,"[""Impact""]"
66550,"[""Impact""]"
66551,"[""Impact""]"
66552,"[""Impact""]"
66553,"[""Impact""]"
66554,"[""Impact""]"
66555,"[""Impact""]"
66556,"[""Impact""]"
66557,"[""Impact""]"
66558,"[""Impact""]"
66559,"[""Impact""]"
66560,"[""Impact""]"
66561,"[""Impact""]"
66562,"[""Impact""]"
66563,"[""Impact""]"
66564,"[""Impact""]"
66565,"[""Impact""]"
66566,"[""Impact""]"
66567,"[""Impact""]"
66568,"[""Impact""]"
66569,"[""Impact""]"
66570,"[""Impact""]"
66571,"[""Impact""]"
66572,"[""Impact""]"
66573,"[""Impact""]"
66574,"[""Impact""]"
66575,"[""Impact""]"
66576,"[""Impact""]"
66577,"[""Impact""]"
66578,"[""Impact""]"
66579,"[""Impact""]"
66580,"[""Impact""]"
66581,"[""Impact""]"
66582,"[""Impact""]"
66583,"[""Impact""]"
66584,"[""Impact""]"
66585,"[""Impact""]"
66586,"[""Impact""]"
66587,"[""Impact""]"
66588,"[""Impact""]"
66589,"[""Impact""]"
66590,"[""Impact""]"
66591,"[""Impact""]"
66592,"[""Impact""]"
66593,"[""Impact""]"
66594,"[""Impact""]"
66595,"[""Impact""]"
66596,"[""Impact""]"
66597,"[""Impact""]"
66598,"[""Impact""]"
66599,"[""Impact""]"
66600,"[""Impact""]"
66601,"[""Impact""]"
66602,"[""Impact""]"
66603,"[""Impact""]"
66604,"[""Impact""]"
66605,"[""Impact""]"
66606,"[""Impact""]"
66607,"[""Impact""]"
66608,"[""Impact""]"
66609,"[""Impact""]"
66610,"[""Impact""]"
66611,"[""Impact""]"
66612,"[""Impact""]"
66613,"[""Impact""]"
66614,"[""Impact""]"
66615,"[""Impact""]"
66616,"[""Impact""]"
66617,"[""Impact""]"
66618,"[""Impact""]"
66619,"[""Impact""]"
66620,"[""Impact""]"
66621,"[""Impact""]"
66622,"[""Impact""]"
66623,"[""Impact""]"
66624,"[""Impact""]"
66625,"[""Impact""]"
66626,"[""Impact""]"
66627,"[""Impact""]"
66628,"[""Impact""]"
66629,"[""Impact""]"
66630,"[""Impact""]"
66631,"[""Impact""]"
66632,"[""Impact""]"
66633,"[""Impact""]"
66634,"[""Impact""]"
66635,"[""Impact""]"
66636,"[""Impact""]"
66637,"[""Impact""]"
66638,"[""Impact""]"
66639,"[""Impact""]"
66640,"[""Impact""]"
66641,"[""Impact""]"
66642,"[""Impact""]"
66643,"[""Impact""]"
66644,"[""Impact""]"
66645,"[""Impact""]"
66646,"[""Impact""]"
66647,"[""Impact""]"
66648,"[""Impact""]"
66649,"[""Impact""]"
66650,"[""Impact""]"
66651,"[""Impact""]"
66652,"[""Impact""]"
66653,"[""Impact""]"
66654,"[""Impact""]"
66655,"[""Impact""]"
66656,"[""Impact""]"
66657,"[""Impact""]"
66658,"[""Impact""]"
66659,"[""Impact""]"
66660,"[""Impact""]"
66661,"[""Impact""]"
66662,"[""Impact""]"
66663,"[""Impact""]"
66664,"[""Impact""]"
66665,"[""Impact""]"
66666,"[""Impact""]"
66667,"[""Impact""]"
66668,"[""Impact""]"
66669,"[""Impact""]"
66670,"[""Impact""]"
66671,"[""Impact""]"
66672,"[""Impact""]"
66673,"[""Impact""]"
66674,"[""Impact""]"
66675,"[""Impact""]"
66676,"[""Impact""]"
66677,"[""Impact""]"
66678,"[""Impact""]"
66679,"[""Impact""]"
66680,"[""Impact""]"
66681,"[""Impact""]"
66682,"[""Impact""]"
66683,"[""Impact""]"
66684,"[""Impact""]"
66685,"[""Impact""]"
66686,"[""Impact""]"
66687,"[""Impact""]"
66688,"[""Impact""]"
66689,"[""Impact""]"
66690,"[""Impact""]"
66691,"[""Impact""]"
66692,"[""Impact""]"
66693,"[""Impact""]"
66694,"[""Impact""]"
66695,"[""Impact""]"
66696,"[""Impact""]"
66697,"[""Impact""]"
66698,"[""Impact""]"
66699,"[""Impact""]"
66700,"[""Impact""]"
66701,"[""Impact""]"
66702,"[""Impact""]"
66703,"[""Impact""]"
66704,"[""Impact""]"
66705,"[""Impact""]"
66706,"[""Impact""]"
66707,"[""Impact""]"
66708,"[""Impact""]"
66709,"[""Impact""]"
66710,"[""Impact""]"
66711,"[""Impact""]"
66712,"[""Impact""]"
66713,"[""Impact""]"
66714,"[""Impact""]"
66715,"[""Impact""]"
66716,"[""Impact""]"
66717,"[""Impact""]"
66718,"[""Impact""]"
66719,"[""Impact""]"
66720,"[""Impact""]"
66721,"[""Impact""]"
66722,"[""Impact""]"
66723,"[""Impact""]"
66724,"[""Impact""]"
66725,"[""Impact""]"
66726,"[""Impact""]"
66727,"[""Impact""]"
66728,"[""Impact""]"
66729,"[""Impact""]"
66730,"[""Impact""]"
66731,"[""Impact""]"
66732,"[""Impact""]"
66733,"[""Impact""]"
66734,"[""Impact""]"
66735,"[""Impact""]"
66736,"[""Impact""]"
66737,"[""Impact""]"
66738,"[""Impact""]"
66739,"[""Impact""]"
66740,"[""Impact""]"
66741,"[""Impact""]"
66742,"[""Impact""]"
66743,"[""Impact""]"
66744,"[""Impact""]"
66745,"[""Impact""]"
66746,"[""Impact""]"
66747,"[""Impact""]"
66748,"[""Impact""]"
66749,"[""Impact""]"
66750,"[""Impact""]"
66751,"[""Impact""]"
66752,"[""Impact""]"
66753,"[""Impact""]"
66754,"[""Impact""]"
66755,"[""Impact""]"
66756,"[""Impact""]"
66757,"[""Impact""]"
66758,"[""Impact""]"
66759,"[""Impact""]"
66760,"[""Impact""]"
66761,"[""Impact""]"
66762,"[""Impact""]"
66763,"[""Impact""]"
66764,"[""Impact""]"
66765,"[""Impact""]"
66766,"[""Impact""]"
66767,"[""Impact""]"
66768,"[""Impact""]"
66769,"[""Impact""]"
66770,"[""Impact""]"
66771,"[""Impact""]"
66772,"[""Impact""]"
66773,"[""Impact""]"
66774,"[""Impact""]"
66775,"[""Impact""]"
66776,"[""Impact""]"
66777,"[""Impact""]"
66778,"[""Impact""]"
66779,"[""Impact""]"
66780,"[""Impact""]"
66781,"[""Impact""]"
66782,"[""Impact""]"
66783,"[""Impact""]"
66784,"[""Impact""]"
66785,"[""Impact""]"
66786,"[""Impact""]"
66787,"[""Impact""]"
66788,"[""Impact""]"
66789,"[""Impact""]"
66790,"[""Impact""]"
66791,"[""Impact""]"
66792,"[""Impact""]"
66793,"[""Impact""]"
66794,"[""Impact""]"
66795,"[""Impact""]"
66796,"[""Impact""]"
66797,"[""Impact""]"
66798,"[""Impact""]"
66799,"[""Impact""]"
66800,"[""Impact""]"
66801,"[""Impact""]"
66802,"[""Impact""]"
66803,"[""Impact""]"
66804,"[""Impact""]"
66805,"[""Impact""]"
66806,"[""Impact""]"
66807,"[""Impact""]"
66808,"[""Impact""]"
66809,"[""Impact""]"
66810,"[""Impact""]"
66811,"[""Impact""]"
66812,"[""Impact""]"
66813,"[""Impact""]"
66814,"[""Impact""]"
66815,"[""Impact""]"
66816,"[""Impact""]"
66817,"[""Impact""]"
66818,"[""Impact""]"
66819,"[""Impact""]"
66820,"[""Impact""]"
66821,"[""Impact""]"
66822,"[""Impact""]"
66823,"[""Impact""]"
66824,"[""Impact""]"
66825,"[""Impact""]"
66826,"[""Impact""]"
66827,"[""Impact""]"
66828,"[""Impact""]"
66829,"[""Impact""]"
66830,"[""Impact""]"
66831,"[""Impact""]"
66832,"[""Impact""]"
66833,"[""Impact""]"
66834,"[""Impact""]"
66835,"[""Impact""]"
66836,"[""Impact""]"
66837,"[""Impact""]"
66838,"[""Impact""]"
66839,"[""Impact""]"
66840,"[""Impact""]"
66841,"[""Impact""]"
66842,"[""Impact""]"
66843,"[""Impact""]"
66844,"[""Impact""]"
66845,"[""Impact""]"
66846,"[""Impact""]"
66847,"[""Impact""]"
66848,"[""Impact""]"
66849,"[""Impact""]"
66850,"[""Impact""]"
66851,"[""Impact""]"
66852,"[""Impact""]"
66853,"[""Impact""]"
66854,"[""Impact""]"
66855,"[""Impact""]"
66856,"[""Impact""]"
66857,"[""Impact""]"
66858,"[""Impact""]"
66859,"[""Impact""]"
66860,"[""Impact""]"
66861,"[""Impact""]"
66862,"[""Impact""]"
66863,"[""Impact""]"
66864,"[""Impact""]"
66865,"[""Impact""]"
66866,"[""Impact""]"
66867,"[""Impact""]"
66868,"[""Impact""]"
66869,"[""Impact""]"
66870,"[""Impact""]"
66871,"[""Impact""]"
66872,"[""Impact""]"
66873,"[""Impact""]"
66874,"[""Impact""]"
66875,"[""Impact""]"
66876,"[""Impact""]"
66877,"[""Impact""]"
66878,"[""Impact""]"
66879,"[""Impact""]"
66880,"[""Impact""]"
66881,"[""Impact""]"
66882,"[""Impact""]"
66883,"[""Impact""]"
66884,"[""Impact""]"
66885,"[""Impact""]"
66886,"[""Impact""]"
66887,"[""Impact""]"
66888,"[""Impact""]"
66889,"[""Impact""]"
66890,"[""Impact""]"
66891,"[""Impact""]"
66892,"[""Impact""]"
66893,"[""Impact""]"
66894,"[""Impact""]"
66895,"[""Impact""]"
66896,"[""Impact""]"
66897,"[""Impact""]"
66898,"[""Impact""]"
66899,"[""Impact""]"
66900,"[""Impact""]"
66901,"[""Impact""]"
66902,"[""Impact""]"
66903,"[""Impact""]"
66904,"[""Impact""]"
66905,"[""Impact""]"
66906,"[""Impact""]"
66907,"[""Impact""]"
66908,"[""Impact""]"
66909,"[""Impact""]"
66910,"[""Impact""]"
66911,"[""Impact""]"
66912,"[""Impact""]"
66913,"[""Impact""]"
66914,"[""Impact""]"
66915,"[""Impact""]"
66916,"[""Impact""]"
66917,"[""Impact""]"
66918,"[""Impact""]"
66919,"[""Impact""]"
66920,"[""Impact""]"
66921,"[""Impact""]"
66922,"[""Impact""]"
66923,"[""Impact""]"
66924,"[""Impact""]"
66925,"[""Impact""]"
66926,"[""Impact""]"
66927,"[""Impact""]"
66928,"[""Impact""]"
66929,"[""Impact""]"
66930,"[""Impact""]"
66931,"[""Impact""]"
66932,"[""Impact""]"
66933,"[""Impact""]"
66934,"[""Impact""]"
66935,"[""Impact""]"
66936,"[""Impact""]"
66937,"[""Impact""]"
66938,"[""Impact""]"
66939,"[""Impact""]"
66940,"[""Impact""]"
66941,"[""Impact""]"
66942,"[""Impact""]"
66943,"[""Impact""]"
66944,"[""Impact""]"
66945,"[""Impact""]"
66946,"[""Impact""]"
66947,"[""Impact""]"
66948,"[""Impact""]"
66949,"[""Impact""]"
66950,"[""Impact""]"
66951,"[""Impact""]"
66952,"[""Impact""]"
66953,"[""Impact""]"
66954,"[""Impact""]"
66955,"[""Impact""]"
66956,"[""Impact""]"
66957,"[""Impact""]"
66958,"[""Impact""]"
66959,"[""Impact""]"
66960,"[""Impact""]"
66961,"[""Impact""]"
66962,"[""Impact""]"
66963,"[""Impact""]"
66964,"[""Impact""]"
66965,"[""Impact""]"
66966,"[""Impact""]"
66967,"[""Impact""]"
66968,"[""Impact""]"
66969,"[""Impact""]"
66970,"[""Impact""]"
66971,"[""Impact""]"
66972,"[""Impact""]"
66973,"[""Impact""]"
66974,"[""Impact""]"
66975,"[""Impact""]"
66976,"[""Impact""]"
66977,"[""Impact""]"
66978,"[""Impact""]"
66979,"[""Impact""]"
66980,"[""Impact""]"
66981,"[""Impact""]"
66982,"[""Impact""]"
66983,"[""Impact""]"
66984,"[""Impact""]"
66985,"[""Impact""]"
66986,"[""Impact""]"
66987,"[""Impact""]"
66988,"[""Impact""]"
66989,"[""Impact""]"
66990,"[""Impact""]"
66991,"[""Impact""]"
66992,"[""Impact""]"
66993,"[""Impact""]"
66994,"[""Impact""]"
66995,"[""Impact""]"
66996,"[""Impact""]"
66997,"[""Impact""]"
66998,"[""Impact""]"
66999,"[""Impact""]"
67000,"[""Impact""]"
67001,"[""Impact""]"
67002,"[""Impact""]"
67003,"[""Impact""]"
67004,"[""Impact""]"
67005,"[""Impact""]"
67006,"[""Impact""]"
67007,"[""Impact""]"
67008,"[""Impact""]"
67009,"[""Impact""]"
67010,"[""Impact""]"
67011,"[""Impact""]"
67012,"[""Impact""]"
67013,"[""Impact""]"
67014,"[""Impact""]"
67015,"[""Impact""]"
67016,"[""Impact""]"
67017,"[""Impact""]"
67018,"[""Impact""]"
67019,"[""Impact""]"
67020,"[""Impact""]"
67021,"[""Impact""]"
67022,"[""Impact""]"
67023,"[""Impact""]"
67024,"[""Impact""]"
67025,"[""Impact""]"
67026,"[""Impact""]"
67027,"[""Impact""]"
67028,"[""Impact""]"
67029,"[""Impact""]"
67030,"[""Impact""]"
67031,"[""Impact""]"
67032,"[""Impact""]"
67033,"[""Impact""]"
67034,"[""Impact""]"
67035,"[""Impact""]"
67036,"[""Impact""]"
67037,"[""Impact""]"
67038,"[""Impact""]"
67039,"[""Impact""]"
67040,"[""Impact""]"
67041,"[""Impact""]"
67042,"[""Impact""]"
67043,"[""Impact""]"
67044,"[""Impact""]"
67045,"[""Impact""]"
67046,"[""Impact""]"
67047,"[""Impact""]"
67048,"[""Impact""]"
67049,"[""Impact""]"
67050,"[""Impact""]"
67051,"[""Impact""]"
67052,"[""Impact""]"
67053,"[""Impact""]"
67054,"[""Impact""]"
67055,"[""Impact""]"
67056,"[""Impact""]"
67057,"[""Impact""]"
67058,"[""Impact""]"
67059,"[""Impact""]"
67060,"[""Impact""]"
67061,"[""Impact""]"
67062,"[""Impact""]"
67063,"[""Impact""]"
67064,"[""Impact""]"
67065,"[""Impact""]"
67066,"[""Impact""]"
67067,"[""Impact""]"
67068,"[""Impact""]"
67069,"[""Impact""]"
67070,"[""Impact""]"
67071,"[""Impact""]"
67072,"[""Impact""]"
67073,"[""Impact""]"
67074,"[""Impact""]"
67075,"[""Impact""]"
67076,"[""Impact""]"
67077,"[""Impact""]"
67078,"[""Impact""]"
67079,"[""Impact""]"
67080,"[""Impact""]"
67081,"[""Impact""]"
67082,"[""Impact""]"
67083,"[""Impact""]"
67084,"[""Impact""]"
67085,"[""Impact""]"
67086,"[""Impact""]"
67087,"[""Impact""]"
67088,"[""Impact""]"
67089,"[""Impact""]"
67090,"[""Impact""]"
67091,"[""Impact""]"
67092,"[""Impact""]"
67093,"[""Impact""]"
67094,"[""Impact""]"
67095,"[""Impact""]"
67096,"[""Impact""]"
67097,"[""Impact""]"
67098,"[""Impact""]"
67099,"[""Impact""]"
67100,"[""Impact""]"
67101,"[""Impact""]"
67102,"[""Impact""]"
67103,"[""Impact""]"
67104,"[""Impact""]"
67105,"[""Impact""]"
67106,"[""Impact""]"
67107,"[""Impact""]"
67108,"[""Impact""]"
67109,"[""Impact""]"
67110,"[""Impact""]"
67111,"[""Impact""]"
67112,"[""Impact""]"
67113,"[""Impact""]"
67114,"[""Impact""]"
67115,"[""Impact""]"
67116,"[""Impact""]"
67117,"[""Impact""]"
67118,"[""Impact""]"
67119,"[""Impact""]"
67120,"[""Impact""]"
67121,"[""Impact""]"
67122,"[""Impact""]"
67123,"[""Impact""]"
67124,"[""Impact""]"
67125,"[""Impact""]"
67126,"[""Impact""]"
67127,"[""Impact""]"
67128,"[""Impact""]"
67129,"[""Impact""]"
67130,"[""Impact""]"
67131,"[""Impact""]"
67132,"[""Impact""]"
67133,"[""Impact""]"
67134,"[""Impact""]"
67135,"[""Impact""]"
67136,"[""Impact""]"
67137,"[""Impact""]"
67138,"[""Impact""]"
67139,"[""Impact""]"
67140,"[""Impact""]"
67141,"[""Impact""]"
67142,"[""Impact""]"
67143,"[""Impact""]"
67144,"[""Impact""]"
67145,"[""Impact""]"
67146,"[""Impact""]"
67147,"[""Impact""]"
67148,"[""Impact""]"
67149,"[""Impact""]"
67150,"[""Impact""]"
67151,"[""Impact""]"
67152,"[""Impact""]"
67153,"[""Impact""]"
67154,"[""Impact""]"
67155,"[""Impact""]"
67156,"[""Impact""]"
67157,"[""Impact""]"
67158,"[""Impact""]"
67159,"[""Impact""]"
67160,"[""Impact""]"
67161,"[""Impact""]"
67162,"[""Impact""]"
67163,"[""Impact""]"
67164,"[""Impact""]"
67165,"[""Impact""]"
67166,"[""Impact""]"
67167,"[""Impact""]"
67168,"[""Impact""]"
67169,"[""Impact""]"
67170,"[""Impact""]"
67171,"[""Impact""]"
67172,"[""Impact""]"
67173,"[""Impact""]"
67174,"[""Impact""]"
67175,"[""Impact""]"
67176,"[""Impact""]"
67177,"[""Impact""]"
67178,"[""Impact""]"
67179,"[""Impact""]"
67180,"[""Impact""]"
67181,"[""Impact""]"
67182,"[""Impact""]"
67183,"[""Impact""]"
67184,"[""Impact""]"
67185,"[""Impact""]"
67186,"[""Impact""]"
67187,"[""Impact""]"
67188,"[""Impact""]"
67189,"[""Impact""]"
67190,"[""Impact""]"
67191,"[""Impact""]"
67192,"[""Impact""]"
67193,"[""Impact""]"
67194,"[""Impact""]"
67195,"[""Impact""]"
67196,"[""Impact""]"
67197,"[""Impact""]"
67198,"[""Impact""]"
67199,"[""Impact""]"
67200,"[""Impact""]"
67201,"[""Impact""]"
67202,"[""Impact""]"
67203,"[""Impact""]"
67204,"[""Impact""]"
67205,"[""Impact""]"
67206,"[""Impact""]"
67207,"[""Impact""]"
67208,"[""Impact""]"
67209,"[""Impact""]"
67210,"[""Impact""]"
67211,"[""Impact""]"
67212,"[""Impact""]"
67213,"[""Impact""]"
67214,"[""Impact""]"
67215,"[""Impact""]"
67216,"[""Impact""]"
67217,"[""Impact""]"
67218,"[""Impact""]"
67219,"[""Impact""]"
67220,"[""Impact""]"
67221,"[""Impact""]"
67222,"[""Impact""]"
67223,"[""Impact""]"
67224,"[""Impact""]"
67225,"[""Impact""]"
67226,"[""Impact""]"
67227,"[""Impact""]"
67228,"[""Impact""]"
67229,"[""Impact""]"
67230,"[""Impact""]"
67231,"[""Impact""]"
67232,"[""Impact""]"
67233,"[""Impact""]"
67234,"[""Impact""]"
67235,"[""Impact""]"
67236,"[""Impact""]"
67237,"[""Impact""]"
67238,"[""Impact""]"
67239,"[""Impact""]"
67240,"[""Impact""]"
67241,"[""Impact""]"
67242,"[""Impact""]"
67243,"[""Impact""]"
67244,"[""Impact""]"
67245,"[""Impact""]"
67246,"[""Impact""]"
67247,"[""Impact""]"
67248,"[""Impact""]"
67249,"[""Impact""]"
67250,"[""Impact""]"
67251,"[""Impact""]"
67252,"[""Impact""]"
67253,"[""Impact""]"
67254,"[""Impact""]"
67255,"[""Impact""]"
67256,"[""Impact""]"
67257,"[""Impact""]"
67258,"[""Impact""]"
67259,"[""Impact""]"
67260,"[""Impact""]"
67261,"[""Impact""]"
67262,"[""Impact""]"
67263,"[""Impact""]"
67264,"[""Impact""]"
67265,"[""Impact""]"
67266,"[""Impact""]"
67267,"[""Impact""]"
67268,"[""Impact""]"
67269,"[""Impact""]"
67270,"[""Impact""]"
67271,"[""Impact""]"
67272,"[""Impact""]"
67273,"[""Impact""]"
67274,"[""Impact""]"
67275,"[""Impact""]"
67276,"[""Impact""]"
67277,"[""Impact""]"
67278,"[""Impact""]"
67279,"[""Impact""]"
67280,"[""Impact""]"
67281,"[""Impact""]"
67282,"[""Impact""]"
67283,"[""Impact""]"
67284,"[""Impact""]"
67285,"[""Impact""]"
67286,"[""Impact""]"
67287,"[""Impact""]"
67288,"[""Impact""]"
67289,"[""Impact""]"
67290,"[""Impact""]"
67291,"[""Impact""]"
67292,"[""Impact""]"
67293,"[""Impact""]"
67294,"[""Impact""]"
67295,"[""Impact""]"
67296,"[""Impact""]"
67297,"[""Impact""]"
67298,"[""Impact""]"
67299,"[""Impact""]"
67300,"[""Impact""]"
67301,"[""Impact""]"
67302,"[""Impact""]"
67303,"[""Impact""]"
67304,"[""Impact""]"
67305,"[""Impact""]"
67306,"[""Impact""]"
67307,"[""Impact""]"
67308,"[""Impact""]"
67309,"[""Impact""]"
67310,"[""Impact""]"
67311,"[""Impact""]"
67312,"[""Impact""]"
67313,"[""Impact""]"
67314,"[""Impact""]"
67315,"[""Impact""]"
67316,"[""Impact""]"
67317,"[""Impact""]"
67318,"[""Impact""]"
67319,"[""Impact""]"
67320,"[""Impact""]"
67321,"[""Impact""]"
67322,"[""Impact""]"
67323,"[""Impact""]"
67324,"[""Impact""]"
67325,"[""Impact""]"
67326,"[""Impact""]"
67327,"[""Impact""]"
67328,"[""Impact""]"
67329,"[""Impact""]"
67330,"[""Impact""]"
67331,"[""Impact""]"
67332,"[""Impact""]"
67333,"[""Impact""]"
67334,"[""Impact""]"
67335,"[""Impact""]"
67336,"[""Impact""]"
67337,"[""Impact""]"
67338,"[""Impact""]"
67339,"[""Impact""]"
67340,"[""Impact""]"
67341,"[""Impact""]"
67342,"[""Impact""]"
67343,"[""Impact""]"
67344,"[""Impact""]"
67345,"[""Impact""]"
67346,"[""Impact""]"
67347,"[""Impact""]"
67348,"[""Impact""]"
67349,"[""Impact""]"
67350,"[""Impact""]"
67351,"[""Impact""]"
67352,"[""Impact""]"
67353,"[""Impact""]"
67354,"[""Impact""]"
67355,"[""Impact""]"
67356,"[""Impact""]"
67357,"[""Impact""]"
67358,"[""Impact""]"
67359,"[""Impact""]"
67360,"[""Impact""]"
67361,"[""Impact""]"
67362,"[""Impact""]"
67363,"[""Impact""]"
67364,"[""Impact""]"
67365,"[""Impact""]"
67366,"[""Impact""]"
67367,"[""Impact""]"
67368,"[""Impact""]"
67369,"[""Impact""]"
67370,"[""Impact""]"
67371,"[""Impact""]"
67372,"[""Impact""]"
67373,"[""Impact""]"
67374,"[""Impact""]"
67375,"[""Impact""]"
67376,"[""Impact""]"
67377,"[""Impact""]"
67378,"[""Impact""]"
67379,"[""Impact""]"
67380,"[""Impact""]"
67381,"[""Impact""]"
67382,"[""Impact""]"
67383,"[""Impact""]"
67384,"[""Impact""]"
67385,"[""Impact""]"
67386,"[""Impact""]"
67387,"[""Impact""]"
67388,"[""Impact""]"
67389,"[""Impact""]"
67390,"[""Impact""]"
67391,"[""Impact""]"
67392,"[""Impact""]"
67393,"[""Impact""]"
67394,"[""Impact""]"
67395,"[""Impact""]"
67396,"[""Impact""]"
67397,"[""Impact""]"
67398,"[""Impact""]"
67399,"[""Impact""]"
67400,"[""Impact""]"
67401,"[""Impact""]"
67402,"[""Impact""]"
67403,"[""Impact""]"
67404,"[""Impact""]"
67405,"[""Impact""]"
67406,"[""Impact""]"
67407,"[""Impact""]"
67408,"[""Impact""]"
67409,"[""Impact""]"
67410,"[""Impact""]"
67411,"[""Impact""]"
67412,"[""Impact""]"
67413,"[""Impact""]"
67414,"[""Impact""]"
67415,"[""Impact""]"
67416,"[""Impact""]"
67417,"[""Impact""]"
67418,"[""Impact""]"
67419,"[""Impact""]"
67420,"[""Impact""]"
67421,"[""Impact""]"
67422,"[""Impact""]"
67423,"[""Impact""]"
67424,"[""Impact""]"
67425,"[""Impact""]"
67426,"[""Impact""]"
67427,"[""Impact""]"
67428,"[""Impact""]"
67429,"[""Impact""]"
67430,"[""Impact""]"
67431,"[""Impact""]"
67432,"[""Impact""]"
67433,"[""Impact""]"
67434,"[""Impact""]"
67435,"[""Impact""]"
67436,"[""Impact""]"
67437,"[""Impact""]"
67438,"[""Impact""]"
67439,"[""Impact""]"
67440,"[""Impact""]"
67441,"[""Impact""]"
67442,"[""Impact""]"
67443,"[""Impact""]"
67444,"[""Impact""]"
67445,"[""Impact""]"
67446,"[""Impact""]"
67447,"[""Impact""]"
67448,"[""Impact""]"
67449,"[""Impact""]"
67450,"[""Impact""]"
67451,"[""Impact""]"
67452,"[""Impact""]"
67453,"[""Impact""]"
67454,"[""Impact""]"
67455,"[""Impact""]"
67456,"[""Impact""]"
67457,"[""Impact""]"
67458,"[""Impact""]"
67459,"[""Impact""]"
67460,"[""Impact""]"
67461,"[""Impact""]"
67462,"[""Impact""]"
67463,"[""Impact""]"
67464,"[""Impact""]"
67465,"[""Impact""]"
67466,"[""Impact""]"
67467,"[""Impact""]"
67468,"[""Impact""]"
67469,"[""Impact""]"
67470,"[""Impact""]"
67471,"[""Impact""]"
67472,"[""Impact""]"
67473,"[""Impact""]"
67474,"[""Impact""]"
67475,"[""Impact""]"
67476,"[""Impact""]"
67477,"[""Impact""]"
67478,"[""Impact""]"
67479,"[""Impact""]"
67480,"[""Impact""]"
67481,"[""Impact""]"
67482,"[""Impact""]"
67483,"[""Impact""]"
67484,"[""Impact""]"
67485,"[""Impact""]"
67486,"[""Impact""]"
67487,"[""Impact""]"
67488,"[""Impact""]"
67489,"[""Impact""]"
67490,"[""Impact""]"
67491,"[""Impact""]"
67492,"[""Impact""]"
67493,"[""Impact""]"
67494,"[""Impact""]"
67495,"[""Impact""]"
67496,"[""Impact""]"
67497,"[""Impact""]"
67498,"[""Impact""]"
67499,"[""Impact""]"
67500,"[""Impact""]"
67501,"[""Impact""]"
67502,"[""Impact""]"
67503,"[""Impact""]"
67504,"[""Impact""]"
67505,"[""Impact""]"
67506,"[""Impact""]"
67507,"[""Impact""]"
67508,"[""Impact""]"
67509,"[""Impact""]"
67510,"[""Impact""]"
67511,"[""Impact""]"
67512,"[""Impact""]"
67513,"[""Impact""]"
67514,"[""Impact""]"
67515,"[""Impact""]"
67516,"[""Impact""]"
67517,"[""Impact""]"
67518,"[""Impact""]"
67519,"[""Impact""]"
67520,"[""Impact""]"
67521,"[""Impact""]"
67522,"[""Impact""]"
67523,"[""Impact""]"
67524,"[""Impact""]"
67525,"[""Impact""]"
67526,"[""Impact""]"
67527,"[""Impact""]"
67528,"[""Impact""]"
67529,"[""Impact""]"
67530,"[""Impact""]"
67531,"[""Impact""]"
67532,"[""Impact""]"
67533,"[""Impact""]"
67534,"[""Impact""]"
67535,"[""Impact""]"
67536,"[""Impact""]"
67537,"[""Impact""]"
67538,"[""Impact""]"
67539,"[""Impact""]"
67540,"[""Impact""]"
67541,"[""Impact""]"
67542,"[""Impact""]"
67543,"[""Impact""]"
67544,"[""Impact""]"
67545,"[""Impact""]"
67546,"[""Impact""]"
67547,"[""Impact""]"
67548,"[""Impact""]"
67549,"[""Impact""]"
67550,"[""Impact""]"
67551,"[""Impact""]"
67552,"[""Impact""]"
67553,"[""Impact""]"
67554,"[""Impact""]"
67555,"[""Impact""]"
67556,"[""Impact""]"
67557,"[""Impact""]"
67558,"[""Impact""]"
67559,"[""Impact""]"
67560,"[""Impact""]"
67561,"[""Impact""]"
67562,"[""Impact""]"
67563,"[""Impact""]"
67564,"[""Impact""]"
67565,"[""Impact""]"
67566,"[""Impact""]"
67567,"[""Impact""]"
67568,"[""Impact""]"
67569,"[""Impact""]"
67570,"[""Impact""]"
67571,"[""Impact""]"
67572,"[""Impact""]"
67573,"[""Impact""]"
67574,"[""Impact""]"
67575,"[""Impact""]"
67576,"[""Impact""]"
67577,"[""Impact""]"
67578,"[""Impact""]"
67579,"[""Impact""]"
67580,"[""Impact""]"
67581,"[""Impact""]"
67582,"[""Impact""]"
67583,"[""Impact""]"
67584,"[""Impact""]"
67585,"[""Impact""]"
67586,"[""Impact""]"
67587,"[""Impact""]"
67588,"[""Impact""]"
67589,"[""Impact""]"
67590,"[""Impact""]"
67591,"[""Impact""]"
67592,"[""Impact""]"
67593,"[""Impact""]"
67594,"[""Impact""]"
67595,"[""Impact""]"
67596,"[""Impact""]"
67597,"[""Impact""]"
67598,"[""Impact""]"
67599,"[""Impact""]"
67600,"[""Impact""]"
67601,"[""Impact""]"
67602,"[""Impact""]"
67603,"[""Impact""]"
67604,"[""Impact""]"
67605,"[""Impact""]"
67606,"[""Impact""]"
67607,"[""Impact""]"
67608,"[""Impact""]"
67609,"[""Impact""]"
67610,"[""Impact""]"
67611,"[""Impact""]"
67612,"[""Impact""]"
67613,"[""Impact""]"
67614,"[""Impact""]"
67615,"[""Impact""]"
67616,"[""Impact""]"
67617,"[""Impact""]"
67618,"[""Impact""]"
67619,"[""Impact""]"
67620,"[""Impact""]"
67621,"[""Impact""]"
67622,"[""Impact""]"
67623,"[""Impact""]"
67624,"[""Impact""]"
67625,"[""Impact""]"
67626,"[""Impact""]"
67627,"[""Impact""]"
67628,"[""Impact""]"
67629,"[""Impact""]"
67630,"[""Impact""]"
67631,"[""Impact""]"
67632,"[""Impact""]"
67633,"[""Impact""]"
67634,"[""Impact""]"
67635,"[""Impact""]"
67636,"[""Impact""]"
67637,"[""Impact""]"
67638,"[""Impact""]"
67639,"[""Impact""]"
67640,"[""Impact""]"
67641,"[""Impact""]"
67642,"[""Impact""]"
67643,"[""Impact""]"
67644,"[""Impact""]"
67645,"[""Impact""]"
67646,"[""Impact""]"
67647,"[""Impact""]"
67648,"[""Impact""]"
67649,"[""Impact""]"
67650,"[""Impact""]"
67651,"[""Impact""]"
67652,"[""Impact""]"
67653,"[""Impact""]"
67654,"[""Impact""]"
67655,"[""Impact""]"
67656,"[""Impact""]"
67657,"[""Impact""]"
67658,"[""Impact""]"
67659,"[""Impact""]"
67660,"[""Impact""]"
67661,"[""Impact""]"
67662,"[""Impact""]"
67663,"[""Impact""]"
67664,"[""Impact""]"
67665,"[""Impact""]"
67666,"[""Impact""]"
67667,"[""Impact""]"
67668,"[""Impact""]"
67669,"[""Impact""]"
67670,"[""Impact""]"
67671,"[""Impact""]"
67672,"[""Impact""]"
67673,"[""Impact""]"
67674,"[""Impact""]"
67675,"[""Impact""]"
67676,"[""Impact""]"
67677,"[""Impact""]"
67678,"[""Impact""]"
67679,"[""Impact""]"
67680,"[""Impact""]"
67681,"[""Impact""]"
67682,"[""Impact""]"
67683,"[""Impact""]"
67684,"[""Impact""]"
67685,"[""Impact""]"
67686,"[""Impact""]"
67687,"[""Impact""]"
67688,"[""Impact""]"
67689,"[""Impact""]"
67690,"[""Impact""]"
67691,"[""Impact""]"
67692,"[""Impact""]"
67693,"[""Impact""]"
67694,"[""Impact""]"
67695,"[""Impact""]"
67696,"[""Impact""]"
67697,"[""Impact""]"
67698,"[""Impact""]"
67699,"[""Impact""]"
67700,"[""Impact""]"
67701,"[""Impact""]"
67702,"[""Impact""]"
67703,"[""Impact""]"
67704,"[""Impact""]"
67705,"[""Impact""]"
67706,"[""Impact""]"
67707,"[""Impact""]"
67708,"[""Impact""]"
67709,"[""Impact""]"
67710,"[""Impact""]"
67711,"[""Impact""]"
67712,"[""Impact""]"
67713,"[""Impact""]"
67714,"[""Impact""]"
67715,"[""Impact""]"
67716,"[""Impact""]"
67717,"[""Impact""]"
67718,"[""Impact""]"
67719,"[""Impact""]"
67720,"[""Impact""]"
67721,"[""Impact""]"
67722,"[""Impact""]"
67723,"[""Impact""]"
67724,"[""Impact""]"
67725,"[""Impact""]"
67726,"[""Impact""]"
67727,"[""Impact""]"
67728,"[""Impact""]"
67729,"[""Impact""]"
67730,"[""Impact""]"
67731,"[""Impact""]"
67732,"[""Impact""]"
67733,"[""Impact""]"
67734,"[""Impact""]"
67735,"[""Impact""]"
67736,"[""Impact""]"
67737,"[""Impact""]"
67738,"[""Impact""]"
67739,"[""Impact""]"
67740,"[""Impact""]"
67741,"[""Impact""]"
67742,"[""Impact""]"
67743,"[""Impact""]"
67744,"[""Impact""]"
67745,"[""Impact""]"
67746,"[""Impact""]"
67747,"[""Impact""]"
67748,"[""Impact""]"
67749,"[""Impact""]"
67750,"[""Impact""]"
67751,"[""Impact""]"
67752,"[""Impact""]"
67753,"[""Impact""]"
67754,"[""Impact""]"
67755,"[""Impact""]"
67756,"[""Impact""]"
67757,"[""Impact""]"
67758,"[""Impact""]"
67759,"[""Impact""]"
67760,"[""Impact""]"
67761,"[""Impact""]"
67762,"[""Impact""]"
67763,"[""Impact""]"
67764,"[""Impact""]"
67765,"[""Impact""]"
67766,"[""Impact""]"
67767,"[""Impact""]"
67768,"[""Impact""]"
67769,"[""Impact""]"
67770,"[""Impact""]"
67771,"[""Impact""]"
67772,"[""Impact""]"
67773,"[""Impact""]"
67774,"[""Impact""]"
67775,"[""Impact""]"
67776,"[""Impact""]"
67777,"[""Impact""]"
67778,"[""Impact""]"
67779,"[""Impact""]"
67780,"[""Impact""]"
67781,"[""Impact""]"
67782,"[""Impact""]"
67783,"[""Impact""]"
67784,"[""Impact""]"
67785,"[""Impact""]"
67786,"[""Impact""]"
67787,"[""Impact""]"
67788,"[""Impact""]"
67789,"[""Impact""]"
67790,"[""Impact""]"
67791,"[""Impact""]"
67792,"[""Impact""]"
67793,"[""Impact""]"
67794,"[""Impact""]"
67795,"[""Impact""]"
67796,"[""Impact""]"
67797,"[""Impact""]"
67798,"[""Impact""]"
67799,"[""Impact""]"
67800,"[""Impact""]"
67801,"[""Impact""]"
67802,"[""Impact""]"
67803,"[""Impact""]"
67804,"[""Impact""]"
67805,"[""Impact""]"
67806,"[""Impact""]"
67807,"[""Impact""]"
67808,"[""Impact""]"
67809,"[""Impact""]"
67810,"[""Impact""]"
67811,"[""Impact""]"
67812,"[""Impact""]"
67813,"[""Impact""]"
67814,"[""Impact""]"
67815,"[""Impact""]"
67816,"[""Impact""]"
67817,"[""Impact""]"
67818,"[""Impact""]"
67819,"[""Impact""]"
67820,"[""Impact""]"
67821,"[""Impact""]"
67822,"[""Impact""]"
67823,"[""Impact""]"
67824,"[""Impact""]"
67825,"[""Impact""]"
67826,"[""Impact""]"
67827,"[""Impact""]"
67828,"[""Impact""]"
67829,"[""Impact""]"
67830,"[""Impact""]"
67831,"[""Impact""]"
67832,"[""Impact""]"
67833,"[""Impact""]"
67834,"[""Impact""]"
67835,"[""Impact""]"
67836,"[""Impact""]"
67837,"[""Impact""]"
67838,"[""Impact""]"
67839,"[""Impact""]"
67840,"[""Impact""]"
67841,"[""Impact""]"
67842,"[""Impact""]"
67843,"[""Impact""]"
67844,"[""Impact""]"
67845,"[""Impact""]"
67846,"[""Impact""]"
67847,"[""Impact""]"
67848,"[""Impact""]"
67849,"[""Impact""]"
67850,"[""Impact""]"
67851,"[""Impact""]"
67852,"[""Impact""]"
67853,"[""Impact""]"
67854,"[""Impact""]"
67855,"[""Impact""]"
67856,"[""Impact""]"
67857,"[""Impact""]"
67858,"[""Impact""]"
67859,"[""Impact""]"
67860,"[""Impact""]"
67861,"[""Impact""]"
67862,"[""Impact""]"
67863,"[""Impact""]"
67864,"[""Impact""]"
67865,"[""Impact""]"
67866,"[""Impact""]"
67867,"[""Impact""]"
67868,"[""Impact""]"
67869,"[""Impact""]"
67870,"[""Impact""]"
67871,"[""Impact""]"
67872,"[""Impact""]"
67873,"[""Impact""]"
67874,"[""Impact""]"
67875,"[""Impact""]"
67876,"[""Impact""]"
67877,"[""Impact""]"
67878,"[""Impact""]"
67879,"[""Impact""]"
67880,"[""Impact""]"
67881,"[""Impact""]"
67882,"[""Impact""]"
67883,"[""Impact""]"
67884,"[""Impact""]"
67885,"[""Impact""]"
67886,"[""Impact""]"
67887,"[""Impact""]"
67888,"[""Impact""]"
67889,"[""Impact""]"
67890,"[""Impact""]"
67891,"[""Impact""]"
67892,"[""Impact""]"
67893,"[""Impact""]"
67894,"[""Impact""]"
67895,"[""Impact""]"
67896,"[""Impact""]"
67897,"[""Impact""]"
67898,"[""Impact""]"
67899,"[""Impact""]"
67900,"[""Impact""]"
67901,"[""Impact""]"
67902,"[""Impact""]"
67903,"[""Impact""]"
67904,"[""Impact""]"
67905,"[""Impact""]"
67906,"[""Impact""]"
67907,"[""Impact""]"
67908,"[""Impact""]"
67909,"[""Impact""]"
67910,"[""Impact""]"
67911,"[""Impact""]"
67912,"[""Impact""]"
67913,"[""Impact""]"
67914,"[""Impact""]"
67915,"[""Impact""]"
67916,"[""Impact""]"
67917,"[""Impact""]"
67918,"[""Impact""]"
67919,"[""Impact""]"
67920,"[""Impact""]"
67921,"[""Impact""]"
67922,"[""Impact""]"
67923,"[""Impact""]"
67924,"[""Impact""]"
67925,"[""Impact""]"
67926,"[""Impact""]"
67927,"[""Impact""]"
67928,"[""Impact""]"
67929,"[""Impact""]"
67930,"[""Impact""]"
67931,"[""Impact""]"
67932,"[""Impact""]"
67933,"[""Impact""]"
67934,"[""Impact""]"
67935,"[""Impact""]"
67936,"[""Impact""]"
67937,"[""Impact""]"
67938,"[""Impact""]"
67939,"[""Impact""]"
67940,"[""Impact""]"
67941,"[""Impact""]"
67942,"[""Impact""]"
67943,"[""Impact""]"
67944,"[""Impact""]"
67945,"[""Impact""]"
67946,"[""Impact""]"
67947,"[""Impact""]"
67948,"[""Impact""]"
67949,"[""Impact""]"
67950,"[""Impact""]"
67951,"[""Impact""]"
67952,"[""Impact""]"
67953,"[""Impact""]"
67954,"[""Impact""]"
67955,"[""Impact""]"
67956,"[""Impact""]"
67957,"[""Impact""]"
67958,"[""Impact""]"
67959,"[""Impact""]"
67960,"[""Impact""]"
67961,"[""Impact""]"
67962,"[""Impact""]"
67963,"[""Impact""]"
67964,"[""Impact""]"
67965,"[""Impact""]"
67966,"[""Impact""]"
67967,"[""Impact""]"
67968,"[""Impact""]"
67969,"[""Impact""]"
67970,"[""Impact""]"
67971,"[""Impact""]"
67972,"[""Impact""]"
67973,"[""Impact""]"
67974,"[""Impact""]"
67975,"[""Impact""]"
67976,"[""Impact""]"
67977,"[""Impact""]"
67978,"[""Impact""]"
67979,"[""Impact""]"
67980,"[""Impact""]"
67981,"[""Impact""]"
67982,"[""Impact""]"
67983,"[""Impact""]"
67984,"[""Impact""]"
67985,"[""Impact""]"
67986,"[""Impact""]"
67987,"[""Impact""]"
67988,"[""Impact""]"
67989,"[""Impact""]"
67990,"[""Impact""]"
67991,"[""Impact""]"
67992,"[""Impact""]"
67993,"[""Impact""]"
67994,"[""Impact""]"
67995,"[""Impact""]"
67996,"[""Impact""]"
67997,"[""Impact""]"
67998,"[""Impact""]"
67999,"[""Impact""]"
68000,"[""Impact""]"
68001,"[""Impact""]"
68002,"[""Impact""]"
68003,"[""Impact""]"
68004,"[""Impact""]"
68005,"[""Impact""]"
68006,"[""Impact""]"
68007,"[""Impact""]"
68008,"[""Impact""]"
68009,"[""Impact""]"
68010,"[""Impact""]"
68011,"[""Impact""]"
68012,"[""Impact""]"
68013,"[""Impact""]"
68014,"[""Impact""]"
68015,"[""Impact""]"
68016,"[""Impact""]"
68017,"[""Impact""]"
68018,"[""Impact""]"
68019,"[""Impact""]"
68020,"[""Impact""]"
68021,"[""Impact""]"
68022,"[""Impact""]"
68023,"[""Impact""]"
68024,"[""Impact""]"
68025,"[""Impact""]"
68026,"[""Impact""]"
68027,"[""Impact""]"
68028,"[""Impact""]"
68029,"[""Impact""]"
68030,"[""Impact""]"
68031,"[""Impact""]"
68032,"[""Impact""]"
68033,"[""Impact""]"
68034,"[""Impact""]"
68035,"[""Impact""]"
68036,"[""Impact""]"
68037,"[""Impact""]"
68038,"[""Impact""]"
68039,"[""Impact""]"
68040,"[""Impact""]"
68041,"[""Impact""]"
68042,"[""Impact""]"
68043,"[""Impact""]"
68044,"[""Impact""]"
68045,"[""Impact""]"
68046,"[""Impact""]"
68047,"[""Impact""]"
68048,"[""Impact""]"
68049,"[""Impact""]"
68050,"[""Impact""]"
68051,"[""Impact""]"
68052,"[""Impact""]"
68053,"[""Impact""]"
68054,"[""Impact""]"
68055,"[""Impact""]"
68056,"[""Impact""]"
68057,"[""Impact""]"
68058,"[""Impact""]"
68059,"[""Impact""]"
68060,"[""Impact""]"
68061,"[""Impact""]"
68062,"[""Impact""]"
68063,"[""Impact""]"
68064,"[""Impact""]"
68065,"[""Impact""]"
68066,"[""Impact""]"
68067,"[""Impact""]"
68068,"[""Impact""]"
68069,"[""Impact""]"
68070,"[""Impact""]"
68071,"[""Impact""]"
68072,"[""Impact""]"
68073,"[""Impact""]"
68074,"[""Impact""]"
68075,"[""Impact""]"
68076,"[""Impact""]"
68077,"[""Impact""]"
68078,"[""Impact""]"
68079,"[""Impact""]"